0.0	0.0	0.0	0.0	0.0	0.0	0.0	0.0	0.0	0.0	0.0	0.0	0.0	0.0	0.0	0.0	0.0	0.0	0.0	0.0	0.0	0.0	0.0	0.0	0.0	0.0	0.0	0.0	0.0	0.0	0.0	0.0	0.0	0.0	0.0	0.0	0.0	0.0	0.0	0.0	0.0	0.0	0.0	0.0	0.0	0.0	0.0	0.0	0.0	0.0	0.0	0.0	0.0	0.0	0.0	0.0	0.0	0.0	0.0	0.0	0.0	0.0	0.0	0.0	0.0	0.0	0.0	0.0	0.0	0.0	0.0	0.0	0.0	0.0	0.0	0.0	0.0	0.0	0.0	0.0	0.0	0.0	0.0	0.0	0.0	0.0	0.0	0.0	0.0	0.0	0.0	0.0	0.0	0.0	0.0	0.0	1.0	0.0	0.0	13.0	73.0	0.0	0.0	1.0	4.0	0.0	0.0	0.0	0.0	1.0	1.0	0.0	0.0	0.0	0.0	0.0	0.0	0.0	0.0	0.0	0.0	0.0	0.0	0.0	3.0	0.0	36.0	136.0	127.0	62.0	54.0	0.0	0.0	0.0	1.0	3.0	4.0	0.0	0.0	3.0	0.0	0.0	0.0	0.0	0.0	0.0	0.0	0.0	0.0	0.0	0.0	0.0	6.0	0.0	102.0	204.0	176.0	134.0	144.0	123.0	23.0	0.0	0.0	0.0	0.0	12.0	10.0	0.0	0.0	0.0	0.0	0.0	0.0	0.0	0.0	0.0	0.0	0.0	0.0	0.0	0.0	0.0	155.0	236.0	207.0	178.0	107.0	156.0	161.0	109.0	64.0	23.0	77.0	130.0	72.0	15.0	0.0	0.0	0.0	0.0	0.0	0.0	0.0	0.0	0.0	0.0	0.0	1.0	0.0	69.0	207.0	223.0	218.0	216.0	216.0	163.0	127.0	121.0	122.0	146.0	141.0	88.0	172.0	66.0	0.0	0.0	0.0	0.0	0.0	0.0	0.0	0.0	0.0	1.0	1.0	1.0	0.0	200.0	232.0	232.0	233.0	229.0	223.0	223.0	215.0	213.0	164.0	127.0	123.0	196.0	229.0	0.0	0.0	0.0	0.0	0.0	0.0	0.0	0.0	0.0	0.0	0.0	0.0	0.0	0.0	183.0	225.0	216.0	223.0	228.0	235.0	227.0	224.0	222.0	224.0	221.0	223.0	245.0	173.0	0.0	0.0	0.0	0.0	0.0	0.0	0.0	0.0	0.0	0.0	0.0	0.0	0.0	0.0	193.0	228.0	218.0	213.0	198.0	180.0	212.0	210.0	211.0	213.0	223.0	220.0	243.0	202.0	0.0	0.0	0.0	0.0	0.0	0.0	0.0	0.0	0.0	0.0	1.0	3.0	0.0	12.0	219.0	220.0	212.0	218.0	192.0	169.0	227.0	208.0	218.0	224.0	212.0	226.0	197.0	209.0	52.0	0.0	0.0	0.0	0.0	0.0	0.0	0.0	0.0	0.0	0.0	6.0	0.0	99.0	244.0	222.0	220.0	218.0	203.0	198.0	221.0	215.0	213.0	222.0	220.0	245.0	119.0	167.0	56.0	0.0	0.0	0.0	0.0	0.0	0.0	0.0	0.0	0.0	4.0	0.0	0.0	55.0	236.0	228.0	230.0	228.0	240.0	232.0	213.0	218.0	223.0	234.0	217.0	217.0	209.0	92.0	0.0	0.0	0.0	1.0	4.0	6.0	7.0	2.0	0.0	0.0	0.0	0.0	0.0	237.0	226.0	217.0	223.0	222.0	219.0	222.0	221.0	216.0	223.0	229.0	215.0	218.0	255.0	77.0	0.0	0.0	3.0	0.0	0.0	0.0	0.0	0.0	0.0	0.0	62.0	145.0	204.0	228.0	207.0	213.0	221.0	218.0	208.0	211.0	218.0	224.0	223.0	219.0	215.0	224.0	244.0	159.0	0.0	0.0	0.0	0.0	0.0	18.0	44.0	82.0	107.0	189.0	228.0	220.0	222.0	217.0	226.0	200.0	205.0	211.0	230.0	224.0	234.0	176.0	188.0	250.0	248.0	233.0	238.0	215.0	0.0	0.0	57.0	187.0	208.0	224.0	221.0	224.0	208.0	204.0	214.0	208.0	209.0	200.0	159.0	245.0	193.0	206.0	223.0	255.0	255.0	221.0	234.0	221.0	211.0	220.0	232.0	246.0	0.0	3.0	202.0	228.0	224.0	221.0	211.0	211.0	214.0	205.0	205.0	205.0	220.0	240.0	80.0	150.0	255.0	229.0	221.0	188.0	154.0	191.0	210.0	204.0	209.0	222.0	228.0	225.0	0.0	98.0	233.0	198.0	210.0	222.0	229.0	229.0	234.0	249.0	220.0	194.0	215.0	217.0	241.0	65.0	73.0	106.0	117.0	168.0	219.0	221.0	215.0	217.0	223.0	223.0	224.0	229.0	29.0	75.0	204.0	212.0	204.0	193.0	205.0	211.0	225.0	216.0	185.0	197.0	206.0	198.0	213.0	240.0	195.0	227.0	245.0	239.0	223.0	218.0	212.0	209.0	222.0	220.0	221.0	230.0	67.0	48.0	203.0	183.0	194.0	213.0	197.0	185.0	190.0	194.0	192.0	202.0	214.0	219.0	221.0	220.0	236.0	225.0	216.0	199.0	206.0	186.0	181.0	177.0	172.0	181.0	205.0	206.0	115.0	0.0	122.0	219.0	193.0	179.0	171.0	183.0	196.0	204.0	210.0	213.0	207.0	211.0	210.0	200.0	196.0	194.0	191.0	195.0	191.0	198.0	192.0	176.0	156.0	167.0	177.0	210.0	92.0	0.0	0.0	74.0	189.0	212.0	191.0	175.0	172.0	175.0	181.0	185.0	188.0	189.0	188.0	193.0	198.0	204.0	209.0	210.0	210.0	211.0	188.0	188.0	194.0	192.0	216.0	170.0	0.0	2.0	0.0	0.0	0.0	66.0	200.0	222.0	237.0	239.0	242.0	246.0	243.0	244.0	221.0	220.0	193.0	191.0	179.0	182.0	182.0	181.0	176.0	166.0	168.0	99.0	58.0	0.0	0.0	0.0	0.0	0.0	0.0	0.0	0.0	0.0	40.0	61.0	44.0	72.0	41.0	35.0	0.0	0.0	0.0	0.0	0.0	0.0	0.0	0.0	0.0	0.0	0.0	0.0	0.0	0.0	0.0	0.0	0.0	0.0	0.0	0.0	0.0	0.0	0.0	0.0	0.0	0.0	0.0	0.0	0.0	0.0	0.0	0.0	0.0	0.0	0.0	0.0	0.0	0.0	0.0	0.0	0.0	0.0	0.0	0.0	0.0	0.0	0.0	0.0	0.0	0.0	0.0	0.0	0.0	0.0	0.0	0.0	0.0	0.0	0.0	0.0	0.0	0.0	0.0	0.0	0.0	0.0	0.0	0.0	0.0	0.0	0.0
0.0	0.0	0.0	0.0	0.0	1.0	0.0	0.0	0.0	0.0	41.0	188.0	103.0	54.0	48.0	43.0	87.0	168.0	133.0	16.0	0.0	0.0	0.0	0.0	0.0	0.0	0.0	0.0	0.0	0.0	0.0	1.0	0.0	0.0	0.0	49.0	136.0	219.0	216.0	228.0	236.0	255.0	255.0	255.0	255.0	217.0	215.0	254.0	231.0	160.0	45.0	0.0	0.0	0.0	0.0	0.0	0.0	0.0	0.0	0.0	0.0	14.0	176.0	222.0	224.0	212.0	203.0	198.0	196.0	200.0	215.0	204.0	202.0	201.0	201.0	201.0	209.0	218.0	224.0	164.0	0.0	0.0	0.0	0.0	0.0	0.0	0.0	0.0	0.0	188.0	219.0	200.0	198.0	202.0	198.0	199.0	199.0	201.0	196.0	198.0	198.0	200.0	200.0	200.0	200.0	201.0	200.0	225.0	41.0	0.0	0.0	0.0	0.0	0.0	0.0	0.0	51.0	219.0	199.0	203.0	203.0	212.0	238.0	248.0	250.0	245.0	249.0	246.0	247.0	252.0	248.0	235.0	207.0	203.0	203.0	222.0	140.0	0.0	0.0	0.0	0.0	0.0	0.0	0.0	116.0	226.0	206.0	204.0	207.0	204.0	101.0	75.0	47.0	73.0	48.0	50.0	45.0	51.0	63.0	113.0	222.0	202.0	206.0	220.0	224.0	0.0	0.0	0.0	0.0	0.0	0.0	0.0	200.0	222.0	209.0	203.0	215.0	200.0	0.0	70.0	98.0	0.0	103.0	59.0	68.0	71.0	49.0	0.0	219.0	206.0	214.0	210.0	250.0	38.0	0.0	0.0	0.0	0.0	0.0	0.0	247.0	218.0	212.0	210.0	215.0	214.0	0.0	254.0	243.0	139.0	255.0	174.0	251.0	255.0	205.0	0.0	215.0	217.0	214.0	208.0	220.0	95.0	0.0	0.0	0.0	0.0	0.0	45.0	226.0	214.0	214.0	215.0	224.0	205.0	0.0	42.0	35.0	60.0	16.0	17.0	12.0	13.0	70.0	0.0	189.0	216.0	212.0	206.0	212.0	156.0	0.0	0.0	0.0	0.0	0.0	164.0	235.0	214.0	211.0	220.0	216.0	201.0	52.0	71.0	89.0	94.0	83.0	78.0	70.0	76.0	92.0	87.0	206.0	207.0	222.0	213.0	219.0	208.0	0.0	0.0	0.0	0.0	0.0	106.0	187.0	223.0	237.0	248.0	211.0	198.0	252.0	250.0	248.0	245.0	248.0	252.0	253.0	250.0	252.0	239.0	201.0	212.0	225.0	215.0	193.0	113.0	0.0	0.0	0.0	0.0	0.0	0.0	0.0	17.0	54.0	159.0	222.0	193.0	208.0	192.0	197.0	200.0	200.0	200.0	200.0	201.0	203.0	195.0	210.0	165.0	0.0	0.0	0.0	0.0	0.0	0.0	0.0	0.0	0.0	0.0	0.0	0.0	0.0	47.0	225.0	192.0	214.0	203.0	206.0	204.0	204.0	205.0	206.0	204.0	212.0	197.0	218.0	107.0	0.0	0.0	0.0	0.0	0.0	0.0	0.0	0.0	0.0	0.0	1.0	6.0	0.0	46.0	212.0	195.0	212.0	202.0	206.0	205.0	204.0	205.0	206.0	204.0	212.0	200.0	218.0	91.0	0.0	3.0	1.0	0.0	0.0	0.0	0.0	0.0	0.0	0.0	0.0	1.0	0.0	11.0	197.0	199.0	205.0	202.0	205.0	206.0	204.0	205.0	207.0	204.0	205.0	205.0	218.0	77.0	0.0	5.0	0.0	0.0	0.0	0.0	0.0	0.0	0.0	0.0	0.0	3.0	0.0	2.0	191.0	198.0	201.0	205.0	206.0	205.0	205.0	206.0	209.0	206.0	199.0	209.0	219.0	74.0	0.0	5.0	0.0	0.0	0.0	0.0	0.0	0.0	0.0	0.0	0.0	2.0	0.0	0.0	188.0	197.0	200.0	207.0	207.0	204.0	207.0	207.0	210.0	208.0	198.0	207.0	221.0	72.0	0.0	4.0	0.0	0.0	0.0	0.0	0.0	0.0	0.0	0.0	0.0	2.0	0.0	0.0	215.0	198.0	203.0	206.0	208.0	205.0	207.0	207.0	210.0	208.0	200.0	202.0	222.0	75.0	0.0	4.0	0.0	0.0	0.0	0.0	0.0	0.0	0.0	0.0	0.0	1.0	0.0	0.0	212.0	198.0	209.0	206.0	209.0	206.0	208.0	207.0	211.0	206.0	205.0	198.0	221.0	80.0	0.0	3.0	0.0	0.0	0.0	0.0	0.0	0.0	0.0	0.0	0.0	1.0	0.0	0.0	204.0	201.0	205.0	208.0	207.0	205.0	211.0	205.0	210.0	210.0	209.0	195.0	221.0	96.0	0.0	3.0	0.0	0.0	0.0	0.0	0.0	0.0	0.0	0.0	0.0	1.0	0.0	0.0	202.0	201.0	205.0	209.0	207.0	205.0	213.0	206.0	210.0	209.0	210.0	194.0	217.0	105.0	0.0	2.0	0.0	0.0	0.0	0.0	0.0	0.0	0.0	0.0	0.0	1.0	0.0	0.0	204.0	204.0	205.0	208.0	207.0	205.0	215.0	207.0	210.0	208.0	211.0	193.0	213.0	115.0	0.0	2.0	0.0	0.0	0.0	0.0	0.0	0.0	0.0	0.0	0.0	0.0	0.0	0.0	204.0	207.0	207.0	208.0	206.0	206.0	215.0	210.0	210.0	207.0	212.0	195.0	210.0	118.0	0.0	2.0	0.0	0.0	0.0	0.0	0.0	0.0	0.0	0.0	0.0	1.0	0.0	0.0	198.0	208.0	208.0	208.0	204.0	207.0	212.0	212.0	210.0	207.0	211.0	196.0	207.0	121.0	0.0	1.0	0.0	0.0	0.0	0.0	0.0	0.0	0.0	0.0	0.0	1.0	0.0	0.0	198.0	210.0	207.0	208.0	206.0	209.0	213.0	212.0	211.0	207.0	210.0	197.0	207.0	124.0	0.0	1.0	0.0	0.0	0.0	0.0	0.0	0.0	0.0	0.0	0.0	0.0	0.0	0.0	172.0	210.0	203.0	201.0	199.0	204.0	207.0	205.0	204.0	201.0	205.0	197.0	206.0	127.0	0.0	0.0	0.0	0.0	0.0	0.0	0.0	0.0	0.0	0.0	0.0	0.0	0.0	0.0	188.0	221.0	214.0	234.0	236.0	238.0	244.0	244.0	244.0	240.0	243.0	214.0	224.0	162.0	0.0	2.0	0.0	0.0	0.0	0.0	0.0	0.0	0.0	0.0	0.0	1.0	0.0	0.0	139.0	146.0	130.0	135.0	135.0	137.0	125.0	124.0	125.0	121.0	119.0	114.0	130.0	76.0	0.0	0.0	0.0	0.0	0.0	0.0
0.0	0.0	0.0	0.0	0.0	0.0	0.0	0.0	0.0	22.0	118.0	24.0	0.0	0.0	0.0	0.0	0.0	48.0	88.0	5.0	0.0	0.0	0.0	0.0	0.0	0.0	0.0	0.0	0.0	0.0	0.0	0.0	0.0	0.0	0.0	0.0	12.0	100.0	212.0	205.0	185.0	179.0	173.0	186.0	193.0	221.0	142.0	85.0	0.0	0.0	0.0	0.0	0.0	0.0	0.0	0.0	0.0	0.0	0.0	0.0	0.0	0.0	0.0	0.0	0.0	85.0	76.0	199.0	225.0	248.0	255.0	238.0	226.0	157.0	68.0	80.0	0.0	0.0	0.0	0.0	0.0	0.0	0.0	0.0	0.0	0.0	0.0	0.0	0.0	0.0	0.0	0.0	0.0	91.0	69.0	91.0	201.0	218.0	225.0	209.0	158.0	61.0	93.0	72.0	0.0	0.0	0.0	0.0	0.0	0.0	0.0	0.0	0.0	0.0	0.0	0.0	0.0	0.0	0.0	0.0	0.0	79.0	89.0	61.0	59.0	87.0	108.0	75.0	56.0	76.0	97.0	73.0	0.0	0.0	0.0	0.0	0.0	0.0	0.0	0.0	0.0	0.0	0.0	0.0	0.0	0.0	0.0	0.0	0.0	75.0	89.0	80.0	80.0	67.0	63.0	73.0	83.0	80.0	96.0	72.0	0.0	0.0	0.0	0.0	0.0	0.0	0.0	0.0	0.0	0.0	0.0	0.0	0.0	0.0	0.0	0.0	0.0	77.0	88.0	77.0	80.0	83.0	83.0	83.0	83.0	81.0	95.0	76.0	0.0	0.0	0.0	0.0	0.0	0.0	0.0	0.0	0.0	0.0	0.0	0.0	0.0	0.0	0.0	0.0	0.0	89.0	96.0	80.0	83.0	81.0	84.0	85.0	85.0	85.0	97.0	84.0	0.0	0.0	0.0	0.0	0.0	0.0	0.0	0.0	0.0	0.0	0.0	0.0	0.0	0.0	0.0	0.0	0.0	93.0	97.0	81.0	85.0	84.0	85.0	87.0	88.0	84.0	99.0	87.0	0.0	0.0	0.0	0.0	0.0	0.0	0.0	0.0	0.0	0.0	0.0	0.0	0.0	0.0	0.0	0.0	0.0	95.0	87.0	84.0	87.0	88.0	85.0	87.0	87.0	84.0	92.0	87.0	0.0	0.0	0.0	0.0	0.0	0.0	0.0	0.0	0.0	0.0	0.0	0.0	0.0	0.0	0.0	0.0	0.0	97.0	87.0	87.0	85.0	88.0	87.0	87.0	87.0	88.0	85.0	107.0	0.0	0.0	0.0	0.0	0.0	0.0	0.0	0.0	0.0	0.0	0.0	0.0	0.0	0.0	0.0	0.0	17.0	100.0	88.0	87.0	87.0	88.0	87.0	87.0	85.0	89.0	77.0	118.0	8.0	0.0	0.0	0.0	0.0	0.0	0.0	0.0	0.0	0.0	0.0	0.0	0.0	0.0	0.0	0.0	10.0	93.0	87.0	87.0	87.0	87.0	87.0	88.0	87.0	89.0	80.0	103.0	0.0	0.0	0.0	0.0	0.0	0.0	0.0	0.0	0.0	0.0	0.0	0.0	0.0	0.0	0.0	0.0	9.0	96.0	87.0	87.0	87.0	87.0	87.0	88.0	87.0	88.0	87.0	103.0	0.0	0.0	0.0	0.0	0.0	0.0	0.0	0.0	0.0	0.0	0.0	0.0	0.0	0.0	0.0	0.0	12.0	96.0	85.0	87.0	87.0	87.0	85.0	87.0	87.0	88.0	89.0	100.0	2.0	0.0	0.0	0.0	0.0	0.0	0.0	0.0	0.0	0.0	0.0	0.0	0.0	0.0	0.0	0.0	20.0	95.0	84.0	88.0	85.0	87.0	88.0	88.0	88.0	89.0	88.0	99.0	8.0	0.0	0.0	0.0	0.0	0.0	0.0	0.0	0.0	0.0	0.0	0.0	0.0	0.0	0.0	0.0	21.0	96.0	85.0	87.0	85.0	88.0	88.0	88.0	88.0	89.0	89.0	99.0	10.0	0.0	0.0	0.0	0.0	0.0	0.0	0.0	0.0	0.0	0.0	0.0	0.0	0.0	0.0	0.0	24.0	96.0	85.0	87.0	85.0	87.0	88.0	88.0	89.0	88.0	91.0	102.0	14.0	0.0	0.0	0.0	0.0	0.0	0.0	0.0	0.0	0.0	0.0	0.0	0.0	0.0	0.0	0.0	25.0	93.0	84.0	88.0	87.0	87.0	87.0	87.0	87.0	89.0	91.0	103.0	29.0	0.0	0.0	0.0	0.0	0.0	0.0	0.0	0.0	0.0	0.0	0.0	0.0	0.0	0.0	0.0	30.0	95.0	85.0	88.0	88.0	87.0	87.0	87.0	87.0	89.0	88.0	102.0	37.0	0.0	0.0	0.0	0.0	0.0	0.0	0.0	0.0	0.0	0.0	0.0	0.0	0.0	0.0	0.0	34.0	96.0	88.0	87.0	87.0	87.0	87.0	87.0	87.0	85.0	85.0	97.0	38.0	0.0	0.0	0.0	0.0	0.0	0.0	0.0	0.0	0.0	0.0	0.0	0.0	0.0	0.0	0.0	40.0	96.0	87.0	85.0	87.0	87.0	87.0	87.0	87.0	85.0	84.0	92.0	49.0	0.0	0.0	0.0	0.0	0.0	0.0	0.0	0.0	0.0	0.0	0.0	0.0	0.0	0.0	0.0	46.0	95.0	83.0	84.0	87.0	87.0	87.0	87.0	87.0	87.0	84.0	87.0	84.0	0.0	0.0	0.0	0.0	0.0	0.0	0.0	0.0	0.0	0.0	0.0	0.0	0.0	0.0	0.0	72.0	95.0	85.0	84.0	85.0	88.0	87.0	87.0	89.0	87.0	85.0	83.0	63.0	0.0	0.0	0.0	0.0	0.0	0.0	0.0	0.0	0.0	0.0	0.0	0.0	0.0	0.0	0.0	64.0	100.0	84.0	87.0	88.0	85.0	88.0	88.0	84.0	87.0	83.0	95.0	53.0	0.0	0.0	0.0	0.0	0.0	0.0	0.0	0.0	0.0	0.0	0.0	0.0	0.0	0.0	0.0	10.0	102.0	100.0	91.0	91.0	89.0	85.0	84.0	84.0	87.0	108.0	106.0	14.0	0.0	0.0	0.0	0.0	0.0	0.0	0.0	0.0	0.0	0.0	0.0	0.0	0.0	0.0	0.0	0.0	8.0	73.0	93.0	104.0	107.0	103.0	103.0	106.0	102.0	75.0	10.0	0.0	0.0	0.0	0.0	0.0	0.0	0.0	0.0	0.0	0.0	0.0	0.0	0.0	0.0	0.0	0.0	1.0	0.0	0.0	0.0	18.0	42.0	57.0	56.0	32.0	8.0	0.0	0.0	1.0	0.0	0.0	0.0	0.0	0.0	0.0	0.0
0.0	0.0	0.0	0.0	0.0	0.0	0.0	0.0	33.0	96.0	175.0	156.0	64.0	14.0	54.0	137.0	204.0	194.0	102.0	0.0	0.0	0.0	0.0	0.0	0.0	0.0	0.0	0.0	0.0	0.0	0.0	0.0	0.0	0.0	73.0	186.0	177.0	183.0	175.0	188.0	232.0	255.0	223.0	219.0	194.0	179.0	186.0	213.0	146.0	0.0	0.0	0.0	0.0	0.0	0.0	0.0	0.0	0.0	0.0	0.0	0.0	35.0	163.0	140.0	150.0	152.0	150.0	146.0	175.0	175.0	173.0	171.0	156.0	152.0	148.0	129.0	156.0	140.0	0.0	0.0	0.0	0.0	0.0	0.0	0.0	0.0	0.0	0.0	0.0	150.0	142.0	140.0	152.0	160.0	156.0	146.0	142.0	127.0	135.0	133.0	140.0	140.0	137.0	133.0	125.0	169.0	75.0	0.0	0.0	0.0	0.0	0.0	0.0	0.0	0.0	0.0	0.0	54.0	167.0	146.0	129.0	142.0	137.0	137.0	131.0	148.0	148.0	133.0	131.0	131.0	131.0	125.0	140.0	140.0	0.0	0.0	0.0	0.0	0.0	0.0	0.0	0.0	0.0	0.0	0.0	0.0	110.0	188.0	133.0	146.0	152.0	133.0	125.0	127.0	119.0	129.0	133.0	119.0	140.0	131.0	150.0	14.0	0.0	0.0	0.0	0.0	0.0	0.0	0.0	0.0	0.0	0.0	0.0	0.0	0.0	221.0	158.0	137.0	135.0	123.0	110.0	110.0	114.0	108.0	112.0	117.0	127.0	142.0	77.0	0.0	0.0	0.0	0.0	0.0	0.0	0.0	0.0	0.0	0.0	0.0	0.0	4.0	0.0	25.0	158.0	137.0	125.0	119.0	119.0	110.0	117.0	117.0	110.0	119.0	127.0	144.0	0.0	0.0	0.0	0.0	0.0	0.0	0.0	0.0	0.0	0.0	0.0	0.0	0.0	0.0	0.0	0.0	123.0	156.0	129.0	112.0	110.0	102.0	112.0	100.0	121.0	117.0	129.0	114.0	0.0	0.0	0.0	0.0	0.0	0.0	0.0	0.0	0.0	0.0	0.0	0.0	0.0	0.0	0.0	0.0	125.0	169.0	127.0	119.0	106.0	108.0	104.0	94.0	121.0	114.0	129.0	91.0	0.0	0.0	0.0	0.0	0.0	0.0	0.0	0.0	0.0	0.0	0.0	0.0	0.0	0.0	2.0	0.0	98.0	171.0	129.0	112.0	104.0	114.0	106.0	102.0	112.0	104.0	133.0	64.0	0.0	4.0	0.0	0.0	0.0	0.0	0.0	0.0	0.0	0.0	0.0	0.0	0.0	0.0	2.0	0.0	66.0	173.0	135.0	129.0	98.0	100.0	119.0	102.0	108.0	98.0	135.0	60.0	0.0	4.0	0.0	0.0	0.0	0.0	0.0	0.0	0.0	0.0	0.0	0.0	0.0	0.0	2.0	0.0	56.0	171.0	135.0	127.0	100.0	108.0	117.0	85.0	106.0	110.0	135.0	66.0	0.0	4.0	0.0	0.0	0.0	0.0	0.0	0.0	0.0	0.0	0.0	0.0	0.0	0.0	0.0	0.0	52.0	150.0	129.0	110.0	100.0	91.0	102.0	94.0	83.0	104.0	123.0	66.0	0.0	4.0	0.0	0.0	0.0	0.0	0.0	0.0	0.0	0.0	0.0	0.0	0.0	0.0	2.0	0.0	66.0	167.0	140.0	148.0	148.0	127.0	137.0	152.0	146.0	146.0	148.0	96.0	0.0	0.0	0.0	0.0	0.0	0.0	0.0	0.0	0.0	0.0	0.0	0.0	0.0	0.0	0.0	0.0	45.0	123.0	94.0	104.0	96.0	119.0	121.0	106.0	98.0	112.0	87.0	114.0	0.0	0.0	0.0	0.0	0.0	0.0	0.0	0.0	0.0	0.0	0.0	0.0	0.0	0.0	0.0	0.0	106.0	89.0	58.0	50.0	37.0	50.0	66.0	56.0	50.0	75.0	75.0	137.0	22.0	0.0	2.0	0.0	0.0	0.0	0.0	0.0	0.0	0.0	0.0	0.0	0.0	2.0	0.0	29.0	148.0	114.0	106.0	125.0	89.0	100.0	133.0	117.0	131.0	131.0	131.0	125.0	112.0	0.0	0.0	0.0	0.0	0.0	0.0	0.0	0.0	0.0	0.0	0.0	0.0	0.0	0.0	100.0	106.0	114.0	91.0	137.0	62.0	102.0	131.0	89.0	135.0	112.0	131.0	108.0	135.0	37.0	0.0	0.0	0.0	0.0	0.0	0.0	0.0	0.0	0.0	0.0	0.0	0.0	0.0	146.0	100.0	108.0	98.0	144.0	62.0	106.0	131.0	87.0	133.0	104.0	160.0	117.0	121.0	68.0	0.0	0.0	0.0	0.0	0.0	0.0	0.0	0.0	0.0	0.0	0.0	0.0	33.0	121.0	108.0	96.0	100.0	140.0	71.0	106.0	127.0	85.0	140.0	104.0	150.0	140.0	114.0	89.0	0.0	0.0	0.0	0.0	0.0	0.0	0.0	0.0	0.0	0.0	0.0	0.0	62.0	119.0	112.0	102.0	110.0	137.0	75.0	106.0	144.0	81.0	144.0	108.0	117.0	154.0	117.0	104.0	18.0	0.0	0.0	0.0	0.0	0.0	0.0	0.0	0.0	0.0	0.0	0.0	66.0	121.0	102.0	112.0	117.0	131.0	73.0	104.0	156.0	77.0	137.0	135.0	83.0	179.0	129.0	121.0	35.0	0.0	0.0	0.0	0.0	0.0	0.0	0.0	0.0	0.0	0.0	0.0	85.0	127.0	81.0	125.0	133.0	119.0	79.0	100.0	169.0	83.0	129.0	175.0	60.0	163.0	135.0	146.0	39.0	0.0	0.0	0.0	0.0	0.0	0.0	0.0	0.0	0.0	0.0	0.0	106.0	129.0	62.0	140.0	144.0	108.0	85.0	83.0	158.0	85.0	129.0	175.0	48.0	146.0	133.0	135.0	64.0	0.0	0.0	0.0	0.0	0.0	0.0	0.0	0.0	0.0	0.0	0.0	117.0	119.0	79.0	140.0	152.0	102.0	89.0	110.0	137.0	96.0	150.0	196.0	83.0	144.0	135.0	133.0	77.0	0.0	0.0	0.0	0.0	0.0	0.0	0.0	0.0	0.0	0.0	0.0	154.0	121.0	87.0	140.0	154.0	112.0	94.0	52.0	142.0	100.0	83.0	152.0	85.0	160.0	133.0	100.0	12.0	0.0	0.0	0.0	0.0	0.0	0.0	0.0	0.0	0.0	0.0	0.0	4.0	0.0	2.0	0.0	35.0	4.0	33.0	0.0	0.0	0.0	0.0	0.0	0.0	0.0	0.0	0.0	0.0	0.0	0.0	0.0	0.0	0.0
0.0	0.0	0.0	0.0	0.0	0.0	0.0	0.0	0.0	0.0	0.0	0.0	0.0	0.0	0.0	0.0	0.0	26.0	0.0	0.0	0.0	0.0	0.0	0.0	0.0	0.0	0.0	0.0	0.0	0.0	0.0	0.0	0.0	0.0	0.0	0.0	189.0	206.0	187.0	32.0	0.0	0.0	0.0	26.0	217.0	226.0	196.0	11.0	0.0	0.0	0.0	0.0	0.0	0.0	0.0	0.0	0.0	0.0	0.0	0.0	0.0	0.0	0.0	0.0	192.0	227.0	234.0	243.0	230.0	147.0	239.0	242.0	234.0	218.0	209.0	0.0	0.0	0.0	0.0	0.0	0.0	0.0	0.0	0.0	0.0	0.0	0.0	0.0	0.0	0.0	0.0	0.0	173.0	225.0	215.0	233.0	254.0	0.0	194.0	240.0	217.0	221.0	190.0	0.0	0.0	0.0	0.0	0.0	0.0	0.0	0.0	0.0	0.0	0.0	0.0	0.0	0.0	0.0	0.0	0.0	139.0	229.0	212.0	226.0	255.0	0.0	162.0	255.0	213.0	226.0	200.0	0.0	0.0	0.0	0.0	0.0	0.0	0.0	0.0	0.0	0.0	0.0	0.0	0.0	0.0	0.0	0.0	0.0	98.0	232.0	211.0	215.0	249.0	46.0	162.0	246.0	214.0	230.0	186.0	0.0	0.0	0.0	0.0	0.0	0.0	0.0	0.0	0.0	0.0	0.0	0.0	0.0	0.0	0.0	0.0	0.0	70.0	228.0	213.0	220.0	224.0	252.0	239.0	219.0	217.0	231.0	171.0	0.0	0.0	0.0	0.0	0.0	0.0	0.0	0.0	0.0	0.0	0.0	0.0	0.0	0.0	0.0	0.0	0.0	45.0	222.0	214.0	218.0	216.0	210.0	215.0	217.0	202.0	224.0	172.0	0.0	0.0	0.0	0.0	0.0	0.0	0.0	0.0	0.0	0.0	0.0	0.0	0.0	0.0	0.0	0.0	0.0	24.0	254.0	214.0	210.0	211.0	214.0	215.0	212.0	203.0	221.0	167.0	0.0	0.0	0.0	0.0	0.0	0.0	0.0	0.0	0.0	0.0	0.0	0.0	0.0	0.0	0.0	0.0	0.0	0.0	254.0	216.0	215.0	217.0	217.0	216.0	216.0	206.0	225.0	150.0	0.0	0.0	0.0	0.0	0.0	0.0	0.0	0.0	0.0	0.0	0.0	0.0	0.0	0.0	0.0	0.0	0.0	0.0	247.0	216.0	214.0	217.0	216.0	214.0	212.0	203.0	226.0	136.0	0.0	0.0	0.0	0.0	0.0	0.0	0.0	0.0	0.0	0.0	0.0	0.0	0.0	0.0	0.0	0.0	0.0	0.0	245.0	216.0	214.0	216.0	217.0	215.0	211.0	204.0	225.0	125.0	0.0	0.0	0.0	0.0	0.0	0.0	0.0	0.0	0.0	0.0	0.0	0.0	0.0	0.0	0.0	0.0	0.0	0.0	247.0	216.0	214.0	217.0	220.0	217.0	213.0	203.0	222.0	147.0	0.0	0.0	0.0	0.0	0.0	0.0	0.0	0.0	0.0	0.0	0.0	0.0	0.0	0.0	0.0	0.0	0.0	0.0	248.0	216.0	215.0	218.0	222.0	216.0	214.0	207.0	218.0	179.0	0.0	0.0	0.0	0.0	0.0	0.0	0.0	0.0	0.0	0.0	0.0	0.0	0.0	0.0	0.0	0.0	0.0	0.0	249.0	216.0	217.0	219.0	222.0	217.0	214.0	210.0	215.0	211.0	0.0	0.0	0.0	0.0	0.0	0.0	0.0	0.0	0.0	0.0	0.0	0.0	0.0	0.0	0.0	0.0	0.0	38.0	255.0	214.0	218.0	219.0	224.0	218.0	215.0	211.0	211.0	231.0	0.0	0.0	0.0	0.0	0.0	0.0	0.0	0.0	0.0	0.0	0.0	0.0	0.0	0.0	0.0	0.0	0.0	79.0	227.0	209.0	219.0	219.0	227.0	219.0	215.0	213.0	206.0	254.0	58.0	0.0	0.0	0.0	0.0	0.0	0.0	0.0	0.0	0.0	0.0	0.0	0.0	0.0	0.0	0.0	0.0	146.0	226.0	211.0	220.0	219.0	228.0	218.0	215.0	216.0	205.0	219.0	163.0	0.0	0.0	0.0	0.0	0.0	0.0	0.0	0.0	0.0	0.0	0.0	0.0	0.0	0.0	0.0	0.0	202.0	221.0	214.0	221.0	219.0	231.0	218.0	215.0	218.0	213.0	212.0	220.0	0.0	0.0	0.0	0.0	0.0	0.0	0.0	0.0	0.0	0.0	0.0	0.0	0.0	0.0	0.0	0.0	234.0	217.0	216.0	220.0	219.0	234.0	217.0	215.0	218.0	216.0	223.0	247.0	7.0	0.0	0.0	0.0	0.0	0.0	0.0	0.0	0.0	0.0	0.0	0.0	0.0	0.0	0.0	17.0	254.0	212.0	219.0	219.0	220.0	233.0	214.0	216.0	219.0	222.0	153.0	238.0	58.0	0.0	0.0	0.0	0.0	0.0	0.0	0.0	0.0	0.0	0.0	0.0	0.0	0.0	0.0	66.0	255.0	208.0	220.0	219.0	222.0	241.0	220.0	218.0	218.0	218.0	192.0	242.0	99.0	0.0	0.0	0.0	0.0	0.0	0.0	0.0	0.0	0.0	0.0	0.0	0.0	0.0	0.0	142.0	235.0	203.0	218.0	216.0	231.0	242.0	225.0	233.0	219.0	214.0	216.0	238.0	144.0	0.0	0.0	0.0	0.0	0.0	0.0	0.0	0.0	0.0	0.0	0.0	0.0	0.0	0.0	177.0	248.0	227.0	229.0	211.0	255.0	76.0	0.0	247.0	243.0	230.0	230.0	249.0	187.0	0.0	0.0	0.0	0.0	0.0	0.0	0.0	0.0	0.0	0.0	0.0	0.0	0.0	0.0	101.0	241.0	228.0	228.0	220.0	255.0	64.0	0.0	243.0	237.0	230.0	227.0	241.0	142.0	0.0	0.0	0.0	0.0	0.0	0.0	0.0	0.0	0.0	0.0	0.0	0.0	0.0	0.0	0.0	255.0	242.0	222.0	218.0	255.0	62.0	0.0	223.0	238.0	225.0	238.0	255.0	31.0	0.0	0.0	0.0	0.0	0.0	0.0	0.0	0.0	0.0	0.0	0.0	0.0	0.0	0.0	0.0	45.0	255.0	242.0	235.0	255.0	84.0	0.0	246.0	255.0	242.0	255.0	70.0	0.0	0.0	0.0	0.0	0.0	0.0	0.0	0.0	0.0	0.0	0.0	0.0	0.0	0.0	0.0	0.0	0.0	0.0	61.0	102.0	168.0	25.0	0.0	139.0	161.0	74.0	0.0	0.0	0.0	0.0	0.0	0.0	0.0	0.0	0.0	0.0
0.0	0.0	0.0	0.0	1.0	0.0	0.0	0.0	0.0	22.0	88.0	188.0	172.0	132.0	125.0	141.0	199.0	143.0	9.0	0.0	0.0	0.0	1.0	0.0	0.0	0.0	0.0	0.0	0.0	0.0	0.0	1.0	0.0	0.0	20.0	131.0	199.0	206.0	196.0	202.0	242.0	255.0	255.0	250.0	222.0	197.0	206.0	188.0	126.0	17.0	0.0	0.0	0.0	0.0	0.0	0.0	0.0	0.0	0.0	1.0	0.0	35.0	214.0	191.0	183.0	178.0	175.0	168.0	150.0	162.0	159.0	152.0	158.0	179.0	183.0	189.0	195.0	185.0	82.0	0.0	0.0	0.0	0.0	0.0	0.0	0.0	0.0	0.0	0.0	170.0	190.0	172.0	177.0	176.0	171.0	169.0	162.0	155.0	148.0	154.0	169.0	174.0	175.0	175.0	177.0	183.0	188.0	12.0	0.0	0.0	0.0	0.0	0.0	0.0	0.0	0.0	25.0	194.0	180.0	178.0	174.0	184.0	187.0	189.0	187.0	184.0	181.0	189.0	200.0	197.0	193.0	190.0	178.0	175.0	194.0	90.0	0.0	0.0	0.0	0.0	0.0	0.0	0.0	0.0	42.0	218.0	191.0	197.0	208.0	204.0	211.0	209.0	210.0	212.0	211.0	214.0	215.0	213.0	214.0	211.0	211.0	191.0	200.0	158.0	0.0	0.0	0.0	0.0	0.0	0.0	0.0	0.0	88.0	221.0	215.0	217.0	219.0	211.0	185.0	150.0	118.0	107.0	99.0	88.0	83.0	90.0	135.0	212.0	203.0	207.0	219.0	169.0	0.0	0.0	0.0	0.0	0.0	0.0	0.0	0.0	0.0	27.0	118.0	162.0	40.0	0.0	0.0	0.0	10.0	19.0	28.0	39.0	47.0	36.0	0.0	0.0	203.0	230.0	220.0	203.0	0.0	0.0	0.0	0.0	0.0	0.0	0.0	0.0	138.0	136.0	71.0	69.0	54.0	216.0	217.0	203.0	184.0	168.0	163.0	162.0	163.0	178.0	221.0	186.0	38.0	26.0	7.0	0.0	0.0	0.0	0.0	0.0	0.0	0.0	0.0	0.0	67.0	134.0	154.0	224.0	129.0	66.0	81.0	117.0	129.0	128.0	132.0	137.0	131.0	129.0	86.0	73.0	157.0	151.0	134.0	216.0	18.0	0.0	0.0	0.0	0.0	0.0	0.0	0.0	203.0	198.0	172.0	183.0	206.0	255.0	255.0	250.0	243.0	240.0	239.0	235.0	238.0	244.0	255.0	238.0	184.0	160.0	86.0	98.0	0.0	0.0	0.0	0.0	0.0	0.0	0.0	0.0	122.0	188.0	224.0	151.0	105.0	127.0	97.0	100.0	105.0	114.0	117.0	117.0	113.0	103.0	98.0	111.0	142.0	254.0	191.0	255.0	49.0	0.0	0.0	0.0	0.0	0.0	0.0	0.0	163.0	179.0	200.0	95.0	154.0	198.0	197.0	200.0	200.0	198.0	197.0	198.0	199.0	202.0	200.0	176.0	86.0	206.0	157.0	162.0	10.0	0.0	0.0	0.0	0.0	0.0	0.0	0.0	197.0	201.0	229.0	71.0	144.0	194.0	181.0	183.0	179.0	182.0	180.0	179.0	180.0	190.0	185.0	197.0	76.0	219.0	185.0	201.0	34.0	0.0	0.0	0.0	0.0	0.0	0.0	0.0	199.0	193.0	226.0	58.0	154.0	192.0	184.0	187.0	184.0	186.0	184.0	185.0	183.0	192.0	191.0	200.0	56.0	219.0	203.0	207.0	60.0	0.0	0.0	0.0	0.0	0.0	0.0	0.0	201.0	194.0	224.0	41.0	163.0	190.0	186.0	186.0	184.0	185.0	183.0	185.0	178.0	190.0	194.0	202.0	33.0	211.0	200.0	206.0	73.0	0.0	0.0	0.0	0.0	0.0	0.0	0.0	201.0	197.0	222.0	17.0	172.0	190.0	186.0	187.0	182.0	186.0	185.0	187.0	180.0	187.0	193.0	202.0	26.0	212.0	202.0	203.0	76.0	0.0	0.0	0.0	0.0	0.0	0.0	0.0	200.0	197.0	223.0	0.0	177.0	189.0	184.0	185.0	178.0	184.0	183.0	184.0	180.0	183.0	189.0	203.0	35.0	196.0	203.0	203.0	84.0	0.0	0.0	0.0	0.0	0.0	0.0	0.0	200.0	197.0	223.0	0.0	185.0	187.0	185.0	187.0	180.0	184.0	182.0	183.0	178.0	182.0	183.0	205.0	44.0	159.0	207.0	201.0	85.0	0.0	0.0	0.0	0.0	0.0	0.0	0.0	187.0	198.0	225.0	0.0	194.0	188.0	184.0	185.0	180.0	183.0	183.0	184.0	181.0	181.0	177.0	206.0	46.0	129.0	211.0	200.0	88.0	0.0	0.0	0.0	0.0	0.0	0.0	6.0	186.0	200.0	211.0	0.0	199.0	189.0	184.0	184.0	185.0	182.0	183.0	184.0	185.0	182.0	175.0	205.0	50.0	97.0	216.0	197.0	93.0	0.0	0.0	0.0	0.0	0.0	0.0	5.0	185.0	204.0	184.0	0.0	202.0	188.0	182.0	182.0	183.0	183.0	184.0	182.0	180.0	182.0	174.0	202.0	63.0	59.0	220.0	196.0	94.0	0.0	0.0	0.0	0.0	0.0	0.0	5.0	184.0	206.0	157.0	0.0	204.0	187.0	187.0	189.0	192.0	190.0	190.0	191.0	190.0	187.0	183.0	202.0	78.0	35.0	222.0	197.0	95.0	0.0	0.0	0.0	0.0	0.0	0.0	5.0	183.0	208.0	127.0	0.0	197.0	166.0	153.0	149.0	149.0	146.0	148.0	149.0	150.0	151.0	158.0	191.0	90.0	8.0	223.0	195.0	99.0	0.0	0.0	0.0	0.0	0.0	0.0	6.0	184.0	208.0	114.0	0.0	204.0	173.0	161.0	180.0	176.0	172.0	173.0	173.0	174.0	176.0	162.0	202.0	115.0	0.0	229.0	199.0	105.0	0.0	0.0	0.0	0.0	0.0	0.0	9.0	178.0	204.0	115.0	0.0	121.0	135.0	114.0	117.0	114.0	114.0	117.0	118.0	119.0	117.0	113.0	147.0	63.0	0.0	225.0	196.0	107.0	0.0	0.0	0.0	0.0	0.0	0.0	18.0	180.0	206.0	131.0	0.0	0.0	0.0	0.0	0.0	0.0	0.0	0.0	0.0	0.0	0.0	0.0	0.0	0.0	0.0	224.0	197.0	123.0	0.0	0.0	0.0	0.0	0.0	0.0	0.0	141.0	151.0	76.0	0.0	1.0	1.0	0.0	0.0	0.0	0.0	0.0	0.0	0.0	0.0	0.0	0.0	0.0	0.0	133.0	167.0	73.0	0.0	0.0	0.0
0.0	0.0	0.0	0.0	0.0	0.0	0.0	0.0	0.0	0.0	0.0	0.0	0.0	0.0	0.0	0.0	0.0	0.0	0.0	0.0	0.0	0.0	0.0	0.0	0.0	0.0	0.0	0.0	0.0	0.0	0.0	0.0	0.0	0.0	0.0	0.0	0.0	0.0	0.0	0.0	0.0	0.0	0.0	0.0	0.0	0.0	0.0	0.0	0.0	0.0	0.0	0.0	0.0	0.0	0.0	0.0	0.0	0.0	0.0	0.0	0.0	0.0	0.0	0.0	0.0	0.0	0.0	0.0	0.0	0.0	0.0	0.0	0.0	0.0	0.0	0.0	0.0	0.0	0.0	0.0	0.0	0.0	0.0	0.0	0.0	0.0	0.0	0.0	0.0	0.0	0.0	0.0	0.0	0.0	0.0	0.0	0.0	0.0	0.0	0.0	0.0	0.0	0.0	0.0	0.0	0.0	0.0	0.0	0.0	0.0	0.0	0.0	0.0	0.0	0.0	0.0	0.0	0.0	0.0	0.0	0.0	0.0	0.0	0.0	0.0	0.0	0.0	0.0	0.0	0.0	0.0	0.0	0.0	0.0	0.0	0.0	0.0	0.0	0.0	0.0	0.0	0.0	0.0	0.0	0.0	0.0	0.0	0.0	0.0	0.0	0.0	0.0	0.0	0.0	0.0	0.0	0.0	0.0	0.0	0.0	0.0	0.0	0.0	0.0	0.0	0.0	0.0	0.0	0.0	0.0	0.0	0.0	0.0	0.0	0.0	0.0	0.0	0.0	0.0	0.0	0.0	0.0	0.0	0.0	0.0	0.0	0.0	0.0	0.0	0.0	0.0	0.0	0.0	0.0	0.0	0.0	0.0	0.0	0.0	0.0	0.0	0.0	0.0	0.0	0.0	0.0	0.0	0.0	0.0	0.0	0.0	0.0	0.0	0.0	0.0	0.0	0.0	0.0	0.0	0.0	0.0	0.0	0.0	0.0	0.0	0.0	0.0	0.0	0.0	0.0	0.0	0.0	0.0	1.0	1.0	0.0	3.0	1.0	0.0	4.0	0.0	0.0	0.0	2.0	0.0	0.0	0.0	0.0	5.0	1.0	0.0	0.0	0.0	0.0	0.0	0.0	0.0	0.0	0.0	0.0	0.0	0.0	0.0	0.0	4.0	0.0	0.0	0.0	0.0	0.0	106.0	229.0	0.0	0.0	0.0	0.0	0.0	0.0	0.0	0.0	0.0	0.0	0.0	0.0	0.0	0.0	0.0	0.0	0.0	0.0	1.0	0.0	0.0	0.0	0.0	90.0	138.0	223.0	214.0	209.0	167.0	0.0	0.0	0.0	6.0	124.0	0.0	0.0	0.0	0.0	0.0	0.0	0.0	0.0	0.0	0.0	1.0	0.0	0.0	0.0	37.0	122.0	179.0	249.0	214.0	195.0	181.0	213.0	241.0	0.0	0.0	0.0	94.0	179.0	0.0	0.0	0.0	0.0	0.0	2.0	0.0	6.0	0.0	0.0	0.0	0.0	16.0	149.0	236.0	226.0	201.0	195.0	200.0	204.0	155.0	209.0	116.0	0.0	22.0	109.0	251.0	35.0	51.0	0.0	0.0	0.0	1.0	3.0	0.0	0.0	0.0	0.0	67.0	150.0	240.0	221.0	194.0	190.0	204.0	214.0	205.0	195.0	207.0	185.0	206.0	233.0	224.0	179.0	2.0	10.0	22.0	0.0	0.0	0.0	0.0	0.0	0.0	0.0	110.0	214.0	237.0	209.0	196.0	192.0	215.0	215.0	213.0	213.0	207.0	193.0	186.0	199.0	206.0	175.0	0.0	0.0	124.0	230.0	200.0	36.0	0.0	50.0	119.0	158.0	166.0	192.0	204.0	198.0	187.0	202.0	203.0	211.0	214.0	204.0	209.0	210.0	204.0	197.0	191.0	190.0	191.0	229.0	230.0	242.0	214.0	193.0	203.0	137.0	108.0	190.0	199.0	200.0	194.0	199.0	194.0	195.0	199.0	200.0	189.0	187.0	191.0	189.0	197.0	198.0	205.0	200.0	200.0	208.0	213.0	215.0	212.0	213.0	209.0	202.0	216.0	137.0	15.0	55.0	114.0	157.0	188.0	207.0	216.0	220.0	217.0	219.0	221.0	242.0	240.0	243.0	249.0	253.0	255.0	255.0	243.0	232.0	226.0	222.0	221.0	213.0	215.0	198.0	209.0	62.0	16.0	11.0	0.0	0.0	7.0	40.0	76.0	108.0	134.0	142.0	143.0	145.0	143.0	123.0	111.0	92.0	76.0	61.0	45.0	35.0	25.0	25.0	31.0	32.0	32.0	12.0	1.0	0.0	0.0	11.0	25.0	26.0	26.0	22.0	12.0	20.0	15.0	15.0	18.0	17.0	19.0	27.0	30.0	36.0	41.0	49.0	57.0	66.0	79.0	84.0	79.0	83.0	93.0	80.0	75.0	45.0	0.0	0.0	0.0	0.0	0.0	9.0	14.0	17.0	27.0	34.0	39.0	39.0	42.0	44.0	41.0	41.0	43.0	48.0	43.0	30.0	31.0	35.0	40.0	37.0	40.0	37.0	26.0	0.0	0.0	0.0	0.0	0.0	0.0	0.0	0.0	0.0	0.0	0.0	0.0	0.0	0.0	0.0	0.0	0.0	0.0	0.0	0.0	0.0	0.0	0.0	0.0	0.0	0.0	0.0	0.0	0.0	0.0	0.0	0.0	0.0	0.0	0.0	0.0	0.0	0.0	0.0	0.0	0.0	0.0	0.0	0.0	0.0	0.0	0.0	0.0	0.0	0.0	0.0	0.0	0.0	0.0	0.0	0.0	0.0	0.0	0.0	0.0	0.0	0.0	0.0	0.0	0.0	0.0	0.0	0.0	0.0	0.0	0.0	0.0	0.0	0.0	0.0	0.0	0.0	0.0	0.0	0.0	0.0	0.0	0.0	0.0	0.0	0.0	0.0	0.0	0.0	0.0	0.0	0.0	0.0	0.0	0.0	0.0	0.0	0.0	0.0	0.0	0.0	0.0	0.0	0.0	0.0	0.0	0.0	0.0	0.0	0.0	0.0	0.0	0.0	0.0	0.0	0.0	0.0	0.0	0.0	0.0	0.0	0.0	0.0	0.0	0.0	0.0	0.0	0.0	0.0	0.0	0.0	0.0	0.0	0.0	0.0	0.0	0.0	0.0	0.0	0.0	0.0	0.0	0.0	0.0	0.0	0.0	0.0	0.0	0.0	0.0	0.0	0.0	0.0	0.0	0.0	0.0	0.0	0.0	0.0	0.0	0.0	0.0	0.0	0.0	0.0	0.0	0.0	0.0	0.0	0.0	0.0	0.0	0.0	0.0	0.0	0.0	0.0	0.0	0.0	0.0	0.0	0.0	0.0	0.0	0.0	0.0	0.0	0.0	0.0	0.0	0.0	0.0	0.0	0.0	0.0	0.0	0.0
0.0	0.0	0.0	0.0	0.0	1.0	1.0	0.0	0.0	0.0	0.0	63.0	28.0	0.0	0.0	0.0	33.0	85.0	0.0	0.0	0.0	0.0	0.0	0.0	0.0	0.0	0.0	0.0	0.0	0.0	0.0	0.0	0.0	2.0	0.0	0.0	28.0	126.0	241.0	255.0	255.0	255.0	255.0	255.0	255.0	252.0	248.0	111.0	0.0	0.0	0.0	2.0	0.0	0.0	0.0	0.0	0.0	0.0	0.0	0.0	2.0	0.0	0.0	206.0	244.0	251.0	241.0	230.0	238.0	221.0	205.0	230.0	240.0	230.0	239.0	251.0	233.0	165.0	0.0	0.0	2.0	0.0	0.0	0.0	0.0	0.0	0.0	1.0	0.0	0.0	199.0	251.0	228.0	234.0	233.0	236.0	235.0	245.0	247.0	237.0	234.0	239.0	230.0	230.0	235.0	255.0	176.0	0.0	0.0	1.0	0.0	0.0	0.0	0.0	0.0	0.0	0.0	81.0	254.0	226.0	228.0	239.0	237.0	236.0	234.0	232.0	233.0	235.0	235.0	236.0	239.0	237.0	233.0	225.0	246.0	73.0	0.0	0.0	0.0	0.0	0.0	0.0	3.0	0.0	0.0	255.0	235.0	239.0	223.0	234.0	238.0	236.0	237.0	236.0	235.0	235.0	235.0	235.0	236.0	235.0	234.0	230.0	231.0	255.0	24.0	0.0	4.0	0.0	0.0	0.0	0.0	0.0	177.0	239.0	223.0	254.0	223.0	232.0	234.0	234.0	236.0	236.0	235.0	235.0	235.0	235.0	235.0	234.0	231.0	233.0	222.0	246.0	88.0	0.0	1.0	0.0	0.0	0.0	0.0	0.0	234.0	239.0	229.0	255.0	220.0	232.0	233.0	232.0	234.0	235.0	235.0	235.0	235.0	235.0	234.0	233.0	232.0	230.0	228.0	254.0	140.0	0.0	0.0	0.0	0.0	0.0	0.0	0.0	225.0	240.0	226.0	255.0	221.0	227.0	232.0	228.0	231.0	230.0	228.0	229.0	231.0	230.0	228.0	228.0	232.0	223.0	229.0	244.0	231.0	0.0	0.0	0.0	0.0	0.0	0.0	47.0	245.0	231.0	234.0	249.0	229.0	221.0	229.0	225.0	229.0	227.0	226.0	227.0	228.0	227.0	228.0	229.0	228.0	224.0	246.0	240.0	227.0	0.0	0.0	0.0	0.0	0.0	0.0	51.0	248.0	230.0	245.0	246.0	230.0	226.0	230.0	227.0	230.0	229.0	228.0	229.0	230.0	228.0	228.0	231.0	225.0	227.0	242.0	237.0	255.0	0.0	0.0	0.0	0.0	0.0	0.0	101.0	253.0	229.0	247.0	241.0	221.0	233.0	228.0	227.0	229.0	228.0	227.0	228.0	230.0	227.0	230.0	234.0	225.0	229.0	251.0	229.0	243.0	55.0	0.0	0.0	0.0	0.0	0.0	102.0	255.0	227.0	242.0	241.0	221.0	234.0	223.0	230.0	228.0	231.0	229.0	231.0	231.0	227.0	229.0	241.0	219.0	236.0	254.0	225.0	250.0	167.0	0.0	0.0	0.0	0.0	0.0	90.0	255.0	229.0	236.0	231.0	222.0	236.0	223.0	231.0	229.0	231.0	229.0	231.0	231.0	228.0	224.0	245.0	218.0	243.0	239.0	227.0	244.0	175.0	0.0	0.0	0.0	0.0	0.0	212.0	250.0	225.0	236.0	249.0	229.0	237.0	223.0	231.0	229.0	231.0	229.0	231.0	231.0	230.0	221.0	243.0	225.0	248.0	230.0	236.0	234.0	255.0	1.0	0.0	0.0	0.0	0.0	245.0	243.0	232.0	243.0	218.0	228.0	238.0	222.0	231.0	229.0	231.0	229.0	231.0	231.0	230.0	222.0	237.0	237.0	252.0	229.0	239.0	240.0	223.0	0.0	0.0	0.0	0.0	27.0	255.0	235.0	242.0	237.0	216.0	230.0	236.0	224.0	229.0	227.0	233.0	233.0	233.0	230.0	228.0	224.0	230.0	245.0	247.0	221.0	243.0	239.0	252.0	0.0	0.0	0.0	0.0	88.0	255.0	232.0	248.0	236.0	208.0	234.0	231.0	223.0	227.0	226.0	233.0	232.0	232.0	230.0	228.0	224.0	224.0	235.0	233.0	234.0	247.0	235.0	255.0	0.0	0.0	0.0	0.0	83.0	255.0	225.0	250.0	237.0	224.0	236.0	229.0	225.0	225.0	227.0	235.0	229.0	231.0	230.0	230.0	227.0	221.0	227.0	221.0	239.0	250.0	231.0	255.0	0.0	0.0	0.0	0.0	20.0	255.0	224.0	248.0	234.0	226.0	232.0	222.0	225.0	224.0	231.0	238.0	226.0	230.0	228.0	230.0	230.0	221.0	229.0	225.0	244.0	246.0	230.0	255.0	0.0	0.0	0.0	0.0	95.0	255.0	218.0	242.0	255.0	232.0	226.0	224.0	229.0	228.0	228.0	232.0	228.0	229.0	231.0	233.0	232.0	226.0	221.0	224.0	247.0	244.0	228.0	255.0	0.0	0.0	0.0	0.0	167.0	255.0	213.0	235.0	255.0	81.0	245.0	251.0	238.0	236.0	230.0	229.0	230.0	229.0	230.0	231.0	238.0	240.0	255.0	192.0	255.0	239.0	228.0	255.0	23.0	0.0	0.0	0.0	173.0	242.0	224.0	233.0	255.0	0.0	136.0	226.0	239.0	255.0	229.0	236.0	236.0	234.0	233.0	228.0	251.0	248.0	200.0	81.0	255.0	237.0	225.0	255.0	101.0	0.0	0.0	0.0	172.0	255.0	226.0	233.0	255.0	0.0	0.0	0.0	0.0	0.0	8.0	21.0	22.0	21.0	20.0	14.0	0.0	0.0	0.0	0.0	255.0	238.0	229.0	246.0	178.0	0.0	0.0	0.0	16.0	255.0	236.0	238.0	252.0	0.0	0.0	0.0	0.0	0.0	0.0	0.0	0.0	0.0	0.0	0.0	0.0	0.0	0.0	0.0	222.0	244.0	222.0	254.0	119.0	0.0	0.0	0.0	0.0	30.0	228.0	242.0	163.0	0.0	0.0	0.0	0.0	2.0	4.0	6.0	5.0	5.0	4.0	4.0	2.0	0.0	1.0	0.0	151.0	251.0	235.0	180.0	0.0	0.0	0.0	0.0	0.0	0.0	234.0	255.0	191.0	0.0	11.0	0.0	0.0	0.0	0.0	0.0	0.0	0.0	0.0	0.0	0.0	0.0	4.0	0.0	103.0	246.0	247.0	72.0	0.0	0.0	0.0	0.0	0.0	1.0	95.0	77.0	52.0	0.0	4.0	0.0	0.0	0.0	0.0	0.0	0.0	0.0	0.0	0.0	0.0	0.0	3.0	0.0	82.0	237.0	231.0	70.0	0.0	0.0
0.0	0.0	0.0	0.0	0.0	0.0	0.0	0.0	0.0	0.0	0.0	0.0	0.0	0.0	0.0	0.0	0.0	0.0	0.0	0.0	0.0	0.0	0.0	0.0	0.0	0.0	0.0	0.0	0.0	0.0	0.0	0.0	0.0	0.0	0.0	0.0	0.0	0.0	0.0	0.0	0.0	0.0	0.0	0.0	0.0	0.0	0.0	0.0	0.0	0.0	0.0	0.0	0.0	0.0	0.0	0.0	0.0	0.0	0.0	0.0	0.0	0.0	0.0	0.0	0.0	0.0	0.0	0.0	1.0	3.0	1.0	0.0	0.0	1.0	1.0	0.0	0.0	0.0	0.0	58.0	0.0	39.0	1.0	0.0	0.0	0.0	0.0	0.0	0.0	0.0	0.0	0.0	0.0	0.0	0.0	0.0	1.0	3.0	0.0	0.0	0.0	0.0	0.0	0.0	0.0	64.0	109.0	146.0	192.0	193.0	7.0	0.0	0.0	0.0	0.0	0.0	0.0	0.0	0.0	0.0	0.0	1.0	0.0	0.0	0.0	0.0	0.0	0.0	94.0	38.0	99.0	209.0	183.0	229.0	192.0	142.0	48.0	0.0	0.0	0.0	0.0	0.0	0.0	0.0	0.0	0.0	0.0	0.0	0.0	1.0	0.0	0.0	0.0	0.0	41.0	45.0	158.0	146.0	164.0	114.0	51.0	1.0	53.0	105.0	42.0	36.0	0.0	0.0	0.0	0.0	0.0	0.0	0.0	0.0	0.0	0.0	0.0	0.0	0.0	0.0	10.0	68.0	44.0	30.0	59.0	172.0	146.0	0.0	22.0	0.0	13.0	103.0	111.0	103.0	0.0	0.0	0.0	0.0	0.0	0.0	0.0	0.0	0.0	0.0	0.0	3.0	1.0	0.0	22.0	61.0	88.0	152.0	255.0	71.0	0.0	0.0	0.0	0.0	35.0	85.0	112.0	201.0	44.0	0.0	0.0	0.0	0.0	0.0	0.0	0.0	0.0	0.0	0.0	1.0	0.0	0.0	13.0	62.0	154.0	62.0	0.0	0.0	0.0	0.0	0.0	0.0	54.0	99.0	61.0	106.0	51.0	19.0	0.0	0.0	0.0	0.0	0.0	0.0	0.0	0.0	0.0	0.0	0.0	0.0	0.0	0.0	0.0	0.0	9.0	1.0	0.0	0.0	1.0	0.0	79.0	82.0	47.0	33.0	58.0	50.0	0.0	0.0	0.0	0.0	0.0	0.0	0.0	0.0	0.0	0.0	0.0	0.0	0.0	3.0	1.0	3.0	9.0	3.0	0.0	0.0	1.0	0.0	100.0	88.0	48.0	35.0	70.0	54.0	0.0	0.0	0.0	0.0	0.0	0.0	0.0	0.0	0.0	0.0	0.0	0.0	0.0	0.0	0.0	0.0	0.0	3.0	0.0	1.0	0.0	0.0	111.0	195.0	119.0	29.0	58.0	45.0	0.0	0.0	0.0	0.0	0.0	0.0	0.0	1.0	0.0	0.0	0.0	0.0	0.0	0.0	0.0	0.0	0.0	0.0	3.0	3.0	0.0	0.0	91.0	146.0	171.0	16.0	93.0	35.0	0.0	0.0	0.0	0.0	0.0	0.0	0.0	0.0	0.0	0.0	0.0	0.0	0.0	0.0	0.0	0.0	0.0	0.0	0.0	0.0	0.0	48.0	45.0	3.0	79.0	87.0	99.0	6.0	0.0	0.0	0.0	0.0	0.0	0.0	0.0	0.0	0.0	0.0	0.0	0.0	0.0	0.0	0.0	0.0	0.0	3.0	0.0	0.0	119.0	137.0	33.0	96.0	77.0	13.0	45.0	0.0	0.0	0.0	0.0	0.0	0.0	0.0	0.0	0.0	0.0	0.0	0.0	0.0	0.0	0.0	0.0	0.0	0.0	0.0	32.0	160.0	164.0	142.0	116.0	79.0	82.0	39.0	39.0	0.0	0.0	0.0	0.0	0.0	3.0	0.0	0.0	0.0	0.0	0.0	0.0	0.0	0.0	3.0	4.0	10.0	0.0	41.0	180.0	142.0	171.0	1.0	0.0	0.0	48.0	73.0	16.0	0.0	0.0	0.0	0.0	0.0	0.0	0.0	1.0	1.0	0.0	0.0	0.0	0.0	0.0	0.0	3.0	0.0	27.0	155.0	114.0	169.0	0.0	0.0	0.0	0.0	47.0	76.0	6.0	0.0	0.0	0.0	0.0	0.0	0.0	0.0	0.0	0.0	0.0	0.0	0.0	0.0	1.0	0.0	0.0	0.0	155.0	129.0	160.0	0.0	0.0	0.0	0.0	0.0	45.0	96.0	0.0	0.0	0.0	0.0	0.0	0.0	1.0	0.0	16.0	39.0	64.0	0.0	0.0	0.0	0.0	0.0	0.0	129.0	151.0	175.0	0.0	0.0	0.0	4.0	4.0	0.0	48.0	116.0	0.0	0.0	0.0	0.0	0.0	0.0	0.0	0.0	58.0	87.0	73.0	10.0	0.0	0.0	0.0	0.0	27.0	187.0	195.0	0.0	0.0	0.0	0.0	3.0	1.0	0.0	47.0	146.0	0.0	0.0	1.0	0.0	0.0	0.0	1.0	0.0	0.0	0.0	0.0	0.0	0.0	0.0	0.0	0.0	181.0	225.0	45.0	0.0	0.0	0.0	0.0	0.0	1.0	0.0	45.0	186.0	0.0	0.0	0.0	0.0	0.0	0.0	0.0	0.0	1.0	183.0	210.0	90.0	0.0	0.0	0.0	126.0	253.0	142.0	0.0	0.0	0.0	0.0	0.0	0.0	1.0	0.0	48.0	203.0	0.0	0.0	64.0	58.0	45.0	27.0	16.0	9.0	1.0	175.0	245.0	204.0	22.0	0.0	70.0	236.0	190.0	6.0	0.0	0.0	0.0	0.0	0.0	0.0	0.0	0.0	50.0	196.0	0.0	0.0	96.0	128.0	149.0	163.0	158.0	140.0	138.0	146.0	154.0	108.0	90.0	148.0	193.0	177.0	36.0	0.0	7.0	0.0	0.0	0.0	0.0	0.0	0.0	0.0	41.0	125.0	0.0	0.0	0.0	0.0	0.0	0.0	19.0	47.0	65.0	93.0	94.0	125.0	166.0	180.0	119.0	29.0	0.0	0.0	0.0	0.0	0.0	0.0	0.0	0.0	0.0	0.0	32.0	238.0	0.0	0.0	0.0	0.0	0.0	0.0	0.0	0.0	0.0	0.0	0.0	0.0	0.0	0.0	0.0	0.0	0.0	0.0	0.0	0.0	0.0	0.0	0.0	0.0	0.0	0.0	0.0	131.0	0.0	0.0	0.0	0.0	0.0	0.0	0.0	0.0	0.0	0.0	0.0	0.0	0.0	0.0	0.0	0.0	0.0	0.0	0.0	0.0	0.0	0.0	0.0	0.0	0.0	0.0	0.0	0.0	0.0	0.0
0.0	0.0	0.0	0.0	0.0	0.0	0.0	0.0	0.0	0.0	0.0	0.0	0.0	0.0	0.0	0.0	0.0	0.0	0.0	0.0	0.0	0.0	0.0	0.0	0.0	0.0	0.0	0.0	0.0	0.0	0.0	0.0	0.0	0.0	0.0	0.0	0.0	0.0	0.0	0.0	0.0	0.0	0.0	0.0	0.0	0.0	0.0	0.0	0.0	0.0	0.0	0.0	0.0	0.0	0.0	0.0	0.0	0.0	0.0	0.0	0.0	0.0	0.0	0.0	0.0	0.0	0.0	0.0	0.0	1.0	1.0	0.0	0.0	0.0	0.0	0.0	0.0	0.0	164.0	50.0	0.0	7.0	0.0	0.0	0.0	0.0	0.0	0.0	0.0	0.0	0.0	0.0	1.0	0.0	0.0	1.0	0.0	0.0	1.0	1.0	0.0	0.0	5.0	0.0	45.0	217.0	255.0	176.0	0.0	6.0	0.0	0.0	0.0	0.0	0.0	0.0	0.0	0.0	0.0	0.0	0.0	1.0	1.0	0.0	3.0	3.0	5.0	9.0	0.0	2.0	0.0	62.0	236.0	231.0	215.0	27.0	0.0	1.0	0.0	0.0	0.0	0.0	0.0	0.0	0.0	0.0	0.0	0.0	0.0	0.0	0.0	0.0	0.0	0.0	0.0	0.0	0.0	0.0	29.0	244.0	231.0	234.0	74.0	0.0	1.0	0.0	0.0	0.0	0.0	0.0	0.0	0.0	0.0	0.0	0.0	0.0	0.0	2.0	0.0	0.0	0.0	23.0	41.0	59.0	111.0	134.0	138.0	226.0	202.0	217.0	22.0	0.0	1.0	0.0	0.0	0.0	0.0	0.0	0.0	0.0	0.0	0.0	0.0	0.0	0.0	5.0	0.0	35.0	179.0	195.0	182.0	225.0	198.0	241.0	177.0	199.0	205.0	210.0	26.0	0.0	1.0	0.0	0.0	3.0	0.0	0.0	0.0	0.0	0.0	0.0	0.0	0.0	0.0	0.0	0.0	0.0	19.0	0.0	0.0	0.0	0.0	0.0	235.0	243.0	198.0	119.0	0.0	3.0	1.0	3.0	4.0	0.0	0.0	0.0	0.0	0.0	0.0	0.0	0.0	0.0	0.0	0.0	0.0	0.0	0.0	2.0	5.0	0.0	0.0	0.0	170.0	252.0	181.0	182.0	0.0	0.0	0.0	0.0	0.0	19.0	0.0	0.0	0.0	0.0	0.0	0.0	0.0	0.0	0.0	0.0	0.0	0.0	1.0	1.0	0.0	0.0	4.0	0.0	76.0	255.0	183.0	219.0	9.0	0.0	0.0	42.0	191.0	164.0	0.0	0.0	0.0	0.0	0.0	0.0	0.0	0.0	0.0	0.0	0.0	0.0	0.0	0.0	0.0	0.0	2.0	0.0	0.0	237.0	198.0	204.0	75.0	47.0	221.0	221.0	238.0	25.0	0.0	0.0	0.0	0.0	0.0	0.0	0.0	0.0	0.0	0.0	0.0	1.0	0.0	0.0	1.0	2.0	1.0	0.0	0.0	209.0	212.0	229.0	255.0	254.0	232.0	227.0	174.0	0.0	0.0	0.0	0.0	0.0	0.0	0.0	0.0	0.0	0.0	0.0	0.0	0.0	0.0	0.0	1.0	0.0	0.0	0.0	0.0	0.0	210.0	255.0	87.0	101.0	230.0	238.0	105.0	0.0	0.0	0.0	0.0	0.0	0.0	0.0	0.0	0.0	0.0	0.0	0.0	0.0	0.0	1.0	0.0	4.0	1.0	0.0	1.0	250.0	236.0	0.0	0.0	0.0	224.0	233.0	20.0	0.0	0.0	0.0	0.0	0.0	0.0	1.0	3.0	4.0	4.0	2.0	0.0	0.0	0.0	1.0	0.0	2.0	0.0	0.0	204.0	185.0	0.0	0.0	0.0	6.0	227.0	202.0	0.0	0.0	0.0	1.0	0.0	1.0	0.0	0.0	0.0	0.0	0.0	0.0	0.0	0.0	0.0	1.0	0.0	0.0	0.0	173.0	159.0	0.0	0.0	2.0	0.0	10.0	237.0	153.0	0.0	0.0	0.0	0.0	1.0	0.0	0.0	0.0	0.0	40.0	138.0	21.0	0.0	0.0	2.0	0.0	8.0	0.0	132.0	195.0	0.0	0.0	0.0	0.0	0.0	8.0	240.0	118.0	0.0	1.0	5.0	6.0	4.0	0.0	132.0	232.0	208.0	208.0	241.0	217.0	0.0	0.0	0.0	1.0	0.0	29.0	217.0	35.0	0.0	9.0	0.0	2.0	0.0	25.0	238.0	58.0	0.0	2.0	0.0	0.0	0.0	0.0	181.0	255.0	231.0	233.0	219.0	238.0	77.0	0.0	0.0	0.0	0.0	196.0	145.0	0.0	0.0	0.0	0.0	2.0	0.0	49.0	228.0	0.0	0.0	2.0	62.0	92.0	8.0	0.0	207.0	255.0	216.0	198.0	189.0	208.0	221.0	0.0	0.0	0.0	177.0	239.0	19.0	0.0	0.0	0.0	0.0	2.0	0.0	64.0	218.0	0.0	0.0	3.0	96.0	249.0	223.0	211.0	237.0	243.0	211.0	228.0	255.0	252.0	255.0	138.0	38.0	175.0	242.0	173.0	0.0	0.0	0.0	0.0	0.0	2.0	0.0	89.0	204.0	0.0	0.0	2.0	0.0	197.0	240.0	240.0	237.0	219.0	222.0	244.0	235.0	243.0	244.0	255.0	255.0	234.0	233.0	45.0	0.0	2.0	0.0	0.0	0.0	2.0	0.0	105.0	188.0	0.0	0.0	0.0	0.0	165.0	253.0	224.0	229.0	242.0	244.0	232.0	239.0	242.0	243.0	237.0	230.0	230.0	207.0	0.0	0.0	1.0	0.0	0.0	0.0	9.0	0.0	120.0	165.0	0.0	8.0	0.0	0.0	45.0	255.0	252.0	253.0	241.0	229.0	223.0	230.0	235.0	240.0	239.0	233.0	245.0	65.0	0.0	2.0	0.0	0.0	0.0	0.0	10.0	0.0	128.0	143.0	0.0	10.0	0.0	0.0	0.0	0.0	72.0	202.0	255.0	255.0	255.0	255.0	255.0	255.0	255.0	255.0	194.0	0.0	0.0	2.0	0.0	0.0	0.0	0.0	8.0	0.0	186.0	160.0	0.0	9.0	0.0	0.0	0.0	0.0	0.0	0.0	0.0	38.0	89.0	135.0	162.0	180.0	179.0	152.0	0.0	0.0	1.0	0.0	0.0	0.0	0.0	0.0	1.0	0.0	68.0	29.0	0.0	3.0	0.0	0.0	0.0	0.0	0.0	0.0	0.0	0.0	0.0	0.0	0.0	0.0	0.0	0.0	0.0	0.0	0.0	0.0	0.0	0.0	0.0	0.0	0.0	0.0	0.0	0.0	0.0	0.0	0.0
0.0	0.0	0.0	0.0	0.0	0.0	0.0	11.0	142.0	200.0	106.0	0.0	0.0	0.0	0.0	0.0	0.0	0.0	85.0	185.0	112.0	0.0	0.0	0.0	0.0	0.0	0.0	0.0	0.0	0.0	0.0	0.0	0.0	0.0	152.0	214.0	217.0	194.0	236.0	216.0	187.0	149.0	135.0	153.0	211.0	217.0	231.0	205.0	217.0	188.0	34.0	0.0	0.0	0.0	0.0	0.0	0.0	0.0	0.0	0.0	0.0	66.0	185.0	166.0	180.0	181.0	190.0	211.0	221.0	197.0	146.0	198.0	206.0	191.0	168.0	190.0	172.0	188.0	175.0	0.0	0.0	0.0	0.0	0.0	0.0	0.0	0.0	0.0	0.0	135.0	153.0	160.0	175.0	180.0	170.0	186.0	187.0	190.0	188.0	190.0	187.0	174.0	195.0	185.0	174.0	161.0	175.0	59.0	0.0	0.0	0.0	0.0	0.0	0.0	0.0	0.0	0.0	161.0	147.0	160.0	170.0	178.0	177.0	180.0	168.0	173.0	174.0	171.0	185.0	184.0	185.0	172.0	171.0	164.0	174.0	120.0	0.0	0.0	0.0	0.0	0.0	0.0	0.0	0.0	2.0	175.0	146.0	145.0	168.0	178.0	181.0	185.0	180.0	184.0	178.0	179.0	187.0	191.0	193.0	190.0	181.0	171.0	172.0	158.0	0.0	0.0	0.0	0.0	0.0	0.0	0.0	0.0	35.0	177.0	155.0	140.0	151.0	172.0	191.0	187.0	186.0	187.0	186.0	187.0	182.0	191.0	194.0	188.0	180.0	161.0	161.0	185.0	0.0	0.0	0.0	0.0	0.0	0.0	0.0	0.0	59.0	170.0	153.0	141.0	120.0	154.0	160.0	161.0	172.0	168.0	166.0	161.0	165.0	172.0	170.0	164.0	139.0	149.0	162.0	166.0	21.0	0.0	0.0	0.0	0.0	0.0	0.0	0.0	79.0	145.0	160.0	214.0	123.0	128.0	153.0	160.0	164.0	158.0	157.0	154.0	155.0	170.0	165.0	141.0	195.0	193.0	152.0	166.0	61.0	0.0	0.0	0.0	0.0	0.0	0.0	0.0	100.0	157.0	225.0	245.0	175.0	113.0	174.0	158.0	158.0	160.0	155.0	160.0	164.0	178.0	188.0	135.0	185.0	240.0	201.0	172.0	108.0	0.0	0.0	0.0	0.0	0.0	0.0	0.0	0.0	31.0	174.0	28.0	126.0	153.0	166.0	152.0	158.0	158.0	160.0	161.0	157.0	168.0	191.0	188.0	18.0	132.0	159.0	7.0	0.0	0.0	0.0	0.0	0.0	0.0	0.0	0.0	0.0	0.0	0.0	0.0	82.0	187.0	159.0	153.0	157.0	158.0	162.0	164.0	164.0	154.0	187.0	190.0	0.0	0.0	0.0	0.0	0.0	0.0	0.0	0.0	0.0	0.0	0.0	0.0	1.0	3.0	5.0	0.0	37.0	175.0	158.0	155.0	162.0	158.0	160.0	162.0	165.0	153.0	177.0	205.0	0.0	0.0	3.0	3.0	0.0	0.0	0.0	0.0	0.0	0.0	0.0	0.0	0.0	0.0	1.0	0.0	25.0	175.0	152.0	160.0	158.0	161.0	160.0	164.0	164.0	161.0	166.0	200.0	0.0	0.0	1.0	0.0	0.0	0.0	0.0	0.0	0.0	0.0	0.0	0.0	0.0	0.0	4.0	0.0	30.0	171.0	147.0	164.0	155.0	165.0	161.0	165.0	162.0	170.0	164.0	162.0	0.0	0.0	2.0	0.0	0.0	0.0	0.0	0.0	0.0	0.0	0.0	0.0	0.0	0.0	4.0	0.0	57.0	166.0	155.0	164.0	166.0	161.0	161.0	164.0	167.0	165.0	165.0	162.0	28.0	0.0	3.0	0.0	0.0	0.0	0.0	0.0	0.0	0.0	0.0	0.0	0.0	0.0	3.0	0.0	114.0	161.0	161.0	166.0	159.0	168.0	161.0	161.0	172.0	162.0	165.0	171.0	50.0	0.0	5.0	0.0	0.0	0.0	0.0	0.0	0.0	0.0	0.0	0.0	0.0	0.0	1.0	0.0	149.0	157.0	167.0	172.0	159.0	172.0	164.0	161.0	172.0	170.0	160.0	171.0	89.0	0.0	4.0	0.0	0.0	0.0	0.0	0.0	0.0	0.0	0.0	0.0	0.0	2.0	0.0	4.0	171.0	164.0	166.0	173.0	159.0	179.0	166.0	160.0	174.0	167.0	162.0	166.0	128.0	0.0	2.0	0.0	0.0	0.0	0.0	0.0	0.0	0.0	0.0	0.0	0.0	3.0	0.0	18.0	152.0	173.0	160.0	179.0	154.0	181.0	166.0	164.0	175.0	170.0	166.0	170.0	164.0	0.0	0.0	1.0	0.0	0.0	0.0	0.0	0.0	0.0	0.0	0.0	0.0	4.0	0.0	47.0	165.0	172.0	167.0	185.0	153.0	187.0	173.0	165.0	174.0	179.0	166.0	166.0	158.0	5.0	0.0	3.0	0.0	0.0	0.0	0.0	0.0	0.0	0.0	0.0	0.0	4.0	0.0	87.0	180.0	162.0	179.0	179.0	157.0	191.0	182.0	165.0	168.0	190.0	173.0	165.0	166.0	20.0	0.0	4.0	0.0	0.0	0.0	0.0	0.0	0.0	0.0	0.0	0.0	4.0	0.0	105.0	187.0	157.0	194.0	175.0	161.0	190.0	184.0	170.0	158.0	205.0	177.0	168.0	171.0	44.0	0.0	4.0	0.0	0.0	0.0	0.0	0.0	0.0	0.0	0.0	0.0	5.0	0.0	138.0	181.0	158.0	205.0	160.0	167.0	190.0	198.0	167.0	152.0	218.0	186.0	170.0	172.0	57.0	0.0	5.0	0.0	0.0	0.0	0.0	0.0	0.0	0.0	0.0	0.0	5.0	0.0	135.0	174.0	167.0	199.0	155.0	166.0	201.0	219.0	165.0	158.0	218.0	188.0	167.0	175.0	56.0	0.0	7.0	0.0	0.0	0.0	0.0	0.0	0.0	0.0	0.0	0.0	5.0	0.0	129.0	171.0	172.0	177.0	153.0	159.0	206.0	216.0	148.0	157.0	206.0	190.0	165.0	175.0	48.0	0.0	5.0	0.0	0.0	0.0	0.0	0.0	0.0	0.0	0.0	0.0	5.0	0.0	167.0	187.0	182.0	198.0	194.0	200.0	226.0	240.0	184.0	206.0	255.0	197.0	178.0	179.0	42.0	0.0	5.0	0.0	0.0	0.0	0.0	0.0	0.0	0.0	0.0	0.0	3.0	0.0	115.0	135.0	113.0	106.0	85.0	82.0	108.0	133.0	83.0	90.0	121.0	120.0	110.0	158.0	18.0	0.0	3.0	0.0	0.0	0.0	0.0
0.0	0.0	0.0	0.0	0.0	0.0	0.0	0.0	0.0	0.0	0.0	0.0	0.0	0.0	39.0	111.0	93.0	85.0	27.0	0.0	0.0	0.0	0.0	0.0	1.0	0.0	0.0	0.0	0.0	0.0	0.0	0.0	0.0	0.0	0.0	0.0	0.0	0.0	0.0	1.0	0.0	0.0	190.0	244.0	248.0	255.0	255.0	155.0	202.0	212.0	150.0	9.0	0.0	3.0	0.0	0.0	0.0	0.0	0.0	0.0	0.0	0.0	0.0	0.0	0.0	0.0	0.0	2.0	0.0	0.0	213.0	227.0	233.0	227.0	243.0	246.0	255.0	250.0	255.0	146.0	0.0	9.0	0.0	0.0	0.0	0.0	0.0	0.0	0.0	0.0	0.0	0.0	0.0	0.0	0.0	4.0	0.0	6.0	244.0	233.0	236.0	244.0	232.0	214.0	248.0	242.0	251.0	33.0	0.0	7.0	0.0	0.0	0.0	0.0	0.0	0.0	0.0	0.0	0.0	0.0	0.0	0.0	1.0	6.0	0.0	72.0	255.0	231.0	239.0	244.0	237.0	226.0	255.0	252.0	207.0	44.0	24.0	0.0	2.0	0.0	0.0	0.0	0.0	0.0	0.0	0.0	0.0	0.0	0.0	0.0	0.0	0.0	0.0	125.0	231.0	215.0	253.0	252.0	234.0	246.0	254.0	239.0	128.0	114.0	63.0	0.0	3.0	0.0	0.0	0.0	0.0	0.0	0.0	0.0	0.0	0.0	0.0	0.0	1.0	0.0	0.0	189.0	230.0	198.0	185.0	219.0	218.0	255.0	206.0	255.0	133.0	31.0	0.0	0.0	0.0	0.0	0.0	0.0	0.0	0.0	0.0	0.0	0.0	0.0	0.0	0.0	4.0	0.0	0.0	224.0	241.0	255.0	236.0	237.0	223.0	191.0	219.0	166.0	0.0	0.0	1.0	0.0	0.0	0.0	0.0	0.0	0.0	0.0	0.0	0.0	0.0	0.0	0.0	0.0	1.0	0.0	61.0	245.0	202.0	220.0	237.0	220.0	242.0	199.0	255.0	178.0	0.0	0.0	1.0	0.0	0.0	0.0	0.0	0.0	0.0	0.0	0.0	0.0	0.0	0.0	0.0	0.0	0.0	0.0	153.0	247.0	205.0	202.0	212.0	207.0	225.0	190.0	255.0	93.0	141.0	0.0	0.0	1.0	0.0	0.0	0.0	0.0	0.0	0.0	0.0	0.0	0.0	0.0	0.0	3.0	0.0	0.0	222.0	228.0	233.0	243.0	248.0	242.0	242.0	209.0	255.0	0.0	90.0	177.0	0.0	0.0	0.0	0.0	0.0	0.0	0.0	0.0	0.0	0.0	0.0	0.0	0.0	2.0	0.0	46.0	255.0	221.0	235.0	235.0	213.0	248.0	220.0	206.0	255.0	225.0	28.0	255.0	0.0	0.0	0.0	0.0	0.0	0.0	0.0	0.0	0.0	0.0	0.0	0.0	0.0	0.0	0.0	116.0	250.0	215.0	227.0	231.0	226.0	255.0	195.0	216.0	250.0	255.0	159.0	255.0	160.0	0.0	0.0	0.0	0.0	0.0	0.0	0.0	0.0	0.0	0.0	0.0	3.0	0.0	7.0	226.0	202.0	241.0	247.0	241.0	228.0	255.0	175.0	229.0	252.0	241.0	255.0	224.0	224.0	76.0	0.0	0.0	0.0	0.0	0.0	0.0	0.0	0.0	0.0	0.0	0.0	0.0	131.0	255.0	210.0	212.0	251.0	252.0	229.0	255.0	175.0	227.0	254.0	239.0	245.0	230.0	223.0	149.0	90.0	0.0	0.0	0.0	0.0	0.0	0.0	0.0	0.0	2.0	0.0	0.0	227.0	238.0	238.0	225.0	205.0	242.0	246.0	223.0	187.0	221.0	254.0	238.0	255.0	233.0	156.0	0.0	0.0	0.0	0.0	0.0	0.0	0.0	0.0	1.0	0.0	0.0	0.0	77.0	255.0	239.0	248.0	252.0	237.0	195.0	201.0	232.0	190.0	205.0	252.0	235.0	255.0	199.0	0.0	0.0	0.0	0.0	0.0	0.0	0.0	0.0	0.0	0.0	0.0	0.0	0.0	207.0	223.0	186.0	215.0	223.0	255.0	255.0	217.0	229.0	254.0	251.0	244.0	240.0	255.0	207.0	0.0	0.0	1.0	0.0	0.0	0.0	0.0	0.0	0.0	0.0	2.0	0.0	53.0	254.0	234.0	239.0	222.0	190.0	187.0	200.0	250.0	237.0	195.0	251.0	250.0	237.0	253.0	192.0	0.0	0.0	0.0	0.0	0.0	0.0	0.0	2.0	4.0	2.0	0.0	0.0	190.0	247.0	233.0	231.0	250.0	254.0	247.0	208.0	208.0	231.0	226.0	207.0	246.0	235.0	248.0	175.0	0.0	0.0	0.0	0.0	0.0	1.0	6.0	0.0	0.0	0.0	0.0	117.0	245.0	184.0	242.0	238.0	235.0	238.0	244.0	233.0	255.0	255.0	99.0	155.0	255.0	233.0	252.0	154.0	0.0	0.0	0.0	0.0	0.0	0.0	0.0	0.0	3.0	33.0	141.0	255.0	197.0	208.0	184.0	234.0	246.0	240.0	243.0	231.0	255.0	77.0	0.0	172.0	255.0	231.0	253.0	139.0	0.0	1.0	0.0	0.0	0.0	0.0	84.0	243.0	246.0	255.0	254.0	240.0	241.0	190.0	229.0	198.0	243.0	244.0	238.0	255.0	80.0	0.0	0.0	176.0	255.0	231.0	252.0	113.0	0.0	3.0	0.0	0.0	0.0	25.0	223.0	239.0	230.0	231.0	231.0	234.0	241.0	247.0	191.0	225.0	230.0	252.0	255.0	173.0	0.0	0.0	0.0	170.0	255.0	228.0	251.0	97.0	0.0	4.0	0.0	0.0	0.0	103.0	241.0	217.0	228.0	230.0	238.0	241.0	238.0	248.0	244.0	216.0	172.0	223.0	255.0	0.0	0.0	7.0	0.0	159.0	255.0	234.0	251.0	74.0	0.0	4.0	0.0	0.0	0.0	9.0	188.0	229.0	242.0	241.0	243.0	240.0	236.0	238.0	241.0	251.0	237.0	253.0	64.0	0.0	0.0	3.0	0.0	154.0	255.0	229.0	255.0	62.0	0.0	7.0	0.0	0.0	0.0	0.0	0.0	28.0	123.0	199.0	249.0	255.0	255.0	255.0	255.0	255.0	245.0	72.0	0.0	0.0	0.0	3.0	0.0	117.0	255.0	245.0	220.0	19.0	0.0	4.0	0.0	0.0	0.0	0.0	0.0	0.0	0.0	0.0	0.0	38.0	72.0	89.0	71.0	37.0	0.0	0.0	0.0	0.0	0.0	3.0	0.0	0.0	64.0	42.0	24.0	0.0	0.0	0.0	0.0	0.0
0.0	0.0	0.0	0.0	0.0	0.0	0.0	0.0	0.0	0.0	0.0	0.0	0.0	0.0	0.0	0.0	0.0	0.0	0.0	0.0	0.0	0.0	0.0	0.0	0.0	0.0	0.0	0.0	0.0	0.0	0.0	0.0	0.0	0.0	0.0	0.0	0.0	0.0	0.0	0.0	0.0	0.0	0.0	0.0	0.0	0.0	0.0	0.0	0.0	0.0	0.0	0.0	0.0	0.0	0.0	0.0	0.0	0.0	0.0	0.0	0.0	0.0	0.0	0.0	0.0	0.0	0.0	0.0	0.0	0.0	0.0	0.0	0.0	0.0	0.0	0.0	0.0	0.0	0.0	0.0	0.0	0.0	0.0	0.0	0.0	0.0	0.0	0.0	0.0	0.0	0.0	0.0	0.0	0.0	0.0	0.0	0.0	0.0	0.0	0.0	0.0	0.0	0.0	0.0	0.0	0.0	0.0	0.0	0.0	0.0	0.0	0.0	0.0	0.0	0.0	0.0	0.0	0.0	0.0	0.0	0.0	0.0	0.0	0.0	0.0	0.0	0.0	0.0	0.0	0.0	0.0	0.0	0.0	0.0	0.0	0.0	0.0	0.0	0.0	0.0	0.0	0.0	0.0	0.0	0.0	0.0	0.0	0.0	0.0	0.0	0.0	0.0	0.0	0.0	0.0	0.0	0.0	0.0	0.0	0.0	0.0	0.0	0.0	0.0	0.0	0.0	0.0	0.0	0.0	0.0	0.0	0.0	0.0	0.0	0.0	0.0	0.0	0.0	0.0	0.0	0.0	0.0	0.0	32.0	60.0	0.0	0.0	0.0	0.0	0.0	0.0	0.0	0.0	0.0	0.0	0.0	0.0	0.0	0.0	0.0	0.0	0.0	0.0	0.0	0.0	0.0	0.0	0.0	0.0	0.0	85.0	216.0	144.0	43.0	0.0	0.0	0.0	0.0	0.0	0.0	0.0	91.0	54.0	0.0	0.0	0.0	0.0	0.0	0.0	0.0	0.0	0.0	0.0	0.0	2.0	0.0	27.0	172.0	200.0	182.0	189.0	197.0	0.0	0.0	0.0	12.0	110.0	130.0	139.0	127.0	66.0	0.0	0.0	0.0	0.0	0.0	0.0	0.0	0.0	0.0	0.0	0.0	3.0	0.0	45.0	212.0	180.0	158.0	213.0	235.0	92.0	27.0	103.0	184.0	193.0	132.0	43.0	0.0	0.0	0.0	0.0	0.0	0.0	0.0	0.0	0.0	2.0	1.0	0.0	0.0	0.0	0.0	0.0	194.0	222.0	163.0	163.0	182.0	239.0	211.0	164.0	69.0	25.0	0.0	0.0	1.0	5.0	0.0	0.0	0.0	0.0	0.0	2.0	0.0	0.0	0.0	0.0	0.0	0.0	0.0	0.0	55.0	244.0	242.0	229.0	200.0	216.0	63.0	0.0	0.0	0.0	0.0	0.0	0.0	0.0	0.0	1.0	0.0	0.0	1.0	0.0	0.0	24.0	117.0	190.0	0.0	0.0	0.0	0.0	0.0	157.0	230.0	226.0	202.0	206.0	148.0	0.0	0.0	3.0	18.0	30.0	39.0	65.0	48.0	1.0	2.0	1.0	1.0	0.0	144.0	197.0	184.0	206.0	150.0	0.0	0.0	0.0	0.0	5.0	94.0	157.0	189.0	203.0	243.0	177.0	108.0	136.0	149.0	154.0	150.0	145.0	108.0	0.0	0.0	0.0	0.0	0.0	101.0	235.0	197.0	171.0	230.0	30.0	0.0	0.0	0.0	0.0	47.0	200.0	206.0	148.0	154.0	109.0	75.0	54.0	61.0	61.0	57.0	75.0	54.0	6.0	16.0	1.0	0.0	0.0	0.0	190.0	126.0	0.0	200.0	101.0	0.0	29.0	85.0	119.0	127.0	154.0	101.0	90.0	97.0	66.0	118.0	105.0	121.0	91.0	94.0	122.0	48.0	41.0	112.0	113.0	115.0	106.0	94.0	197.0	206.0	114.0	194.0	255.0	119.0	123.0	118.0	79.0	86.0	55.0	108.0	74.0	74.0	81.0	57.0	103.0	54.0	82.0	86.0	83.0	46.0	29.0	72.0	34.0	74.0	59.0	83.0	100.0	63.0	96.0	83.0	114.0	64.0	70.0	63.0	100.0	69.0	100.0	91.0	81.0	87.0	92.0	94.0	87.0	115.0	68.0	70.0	96.0	24.0	20.0	99.0	90.0	104.0	86.0	103.0	82.0	91.0	48.0	78.0	64.0	109.0	92.0	79.0	74.0	95.0	108.0	91.0	88.0	95.0	97.0	75.0	79.0	100.0	92.0	96.0	97.0	14.0	6.0	97.0	75.0	91.0	79.0	90.0	63.0	94.0	90.0	91.0	100.0	72.0	75.0	83.0	81.0	79.0	55.0	73.0	48.0	88.0	81.0	83.0	68.0	61.0	69.0	39.0	79.0	2.0	0.0	82.0	115.0	109.0	109.0	123.0	78.0	95.0	92.0	91.0	105.0	90.0	110.0	117.0	130.0	132.0	137.0	141.0	142.0	128.0	126.0	151.0	180.0	170.0	163.0	162.0	114.0	0.0	0.0	0.0	2.0	39.0	63.0	85.0	112.0	101.0	109.0	105.0	90.0	94.0	77.0	59.0	47.0	43.0	19.0	2.0	0.0	0.0	0.0	3.0	25.0	20.0	27.0	24.0	9.0	0.0	0.0	0.0	0.0	0.0	0.0	0.0	0.0	0.0	0.0	0.0	0.0	0.0	0.0	0.0	0.0	0.0	0.0	0.0	0.0	0.0	0.0	0.0	0.0	0.0	0.0	0.0	0.0	0.0	0.0	0.0	0.0	0.0	0.0	0.0	0.0	0.0	0.0	0.0	0.0	0.0	0.0	0.0	0.0	0.0	0.0	0.0	0.0	0.0	0.0	0.0	0.0	0.0	0.0	0.0	0.0	0.0	0.0	0.0	0.0	0.0	0.0	0.0	0.0	0.0	0.0	0.0	0.0	0.0	0.0	0.0	0.0	0.0	0.0	0.0	0.0	0.0	0.0	0.0	0.0	0.0	0.0	0.0	0.0	0.0	0.0	0.0	0.0	0.0	0.0	0.0	0.0	0.0	0.0	0.0	0.0	0.0	0.0	0.0	0.0	0.0	0.0	0.0	0.0	0.0	0.0	0.0	0.0	0.0	0.0	0.0	0.0	0.0	0.0	0.0	0.0	0.0	0.0	0.0	0.0	0.0	0.0	0.0	0.0	0.0	0.0	0.0	0.0	0.0	0.0	0.0	0.0	0.0	0.0	0.0	0.0	0.0	0.0	0.0	0.0	0.0	0.0	0.0	0.0	0.0	0.0	0.0	0.0	0.0	0.0	0.0	0.0	0.0	0.0	0.0	0.0	0.0	0.0	0.0	0.0	0.0	0.0	0.0	0.0	0.0	0.0	0.0	0.0	0.0
0.0	0.0	0.0	0.0	0.0	0.0	0.0	0.0	0.0	0.0	0.0	0.0	0.0	0.0	0.0	0.0	0.0	0.0	0.0	0.0	0.0	0.0	0.0	0.0	0.0	0.0	0.0	0.0	0.0	0.0	0.0	0.0	0.0	0.0	0.0	0.0	0.0	0.0	0.0	0.0	0.0	0.0	0.0	0.0	0.0	0.0	0.0	0.0	0.0	0.0	0.0	0.0	0.0	0.0	0.0	0.0	0.0	0.0	0.0	0.0	0.0	0.0	0.0	0.0	0.0	0.0	0.0	0.0	0.0	0.0	0.0	0.0	0.0	0.0	0.0	0.0	0.0	0.0	0.0	0.0	0.0	0.0	0.0	0.0	0.0	0.0	0.0	0.0	0.0	0.0	0.0	0.0	0.0	0.0	0.0	0.0	0.0	0.0	0.0	0.0	0.0	0.0	0.0	0.0	0.0	0.0	0.0	0.0	0.0	0.0	0.0	0.0	0.0	0.0	0.0	0.0	0.0	0.0	0.0	0.0	0.0	0.0	0.0	0.0	0.0	0.0	0.0	0.0	0.0	0.0	0.0	0.0	0.0	0.0	0.0	0.0	0.0	0.0	0.0	0.0	0.0	0.0	0.0	0.0	0.0	0.0	0.0	0.0	0.0	0.0	0.0	0.0	0.0	0.0	0.0	0.0	0.0	0.0	0.0	0.0	0.0	0.0	0.0	0.0	0.0	0.0	0.0	0.0	0.0	0.0	0.0	0.0	0.0	0.0	0.0	0.0	0.0	0.0	0.0	0.0	0.0	0.0	0.0	0.0	0.0	0.0	0.0	0.0	0.0	0.0	0.0	0.0	0.0	0.0	0.0	0.0	0.0	0.0	0.0	0.0	0.0	0.0	0.0	0.0	0.0	0.0	0.0	0.0	0.0	0.0	0.0	0.0	0.0	0.0	0.0	0.0	0.0	0.0	0.0	0.0	0.0	0.0	0.0	0.0	0.0	0.0	0.0	0.0	0.0	0.0	0.0	0.0	0.0	1.0	0.0	0.0	0.0	110.0	60.0	38.0	94.0	73.0	27.0	0.0	0.0	0.0	0.0	0.0	0.0	121.0	78.0	0.0	0.0	0.0	0.0	0.0	0.0	0.0	0.0	0.0	0.0	4.0	0.0	0.0	68.0	22.0	1.0	82.0	140.0	131.0	178.0	144.0	92.0	41.0	0.0	32.0	99.0	151.0	129.0	0.0	0.0	0.0	0.0	0.0	0.0	0.0	0.0	2.0	0.0	0.0	41.0	126.0	153.0	140.0	125.0	120.0	112.0	108.0	117.0	102.0	121.0	144.0	123.0	120.0	34.0	124.0	161.0	0.0	0.0	0.0	0.0	0.0	1.0	2.0	3.0	0.0	0.0	72.0	184.0	77.0	91.0	129.0	125.0	142.0	141.0	151.0	139.0	119.0	112.0	146.0	112.0	27.0	25.0	152.0	178.0	28.0	0.0	0.0	0.0	0.0	2.0	0.0	2.0	39.0	0.0	197.0	41.0	52.0	43.0	0.0	0.0	0.0	0.0	16.0	87.0	134.0	168.0	156.0	77.0	48.0	71.0	162.0	172.0	56.0	0.0	0.0	1.0	0.0	0.0	54.0	71.0	178.0	113.0	18.0	50.0	215.0	45.0	0.0	4.0	0.0	0.0	0.0	0.0	0.0	44.0	150.0	145.0	150.0	176.0	182.0	165.0	56.0	2.0	1.0	0.0	0.0	105.0	136.0	94.0	115.0	181.0	49.0	110.0	141.0	7.0	0.0	3.0	1.0	0.0	1.0	0.0	0.0	153.0	179.0	182.0	195.0	209.0	193.0	170.0	30.0	0.0	0.0	0.0	0.0	77.0	56.0	60.0	57.0	71.0	77.0	60.0	137.0	0.0	0.0	0.0	0.0	0.0	0.0	0.0	71.0	254.0	182.0	219.0	200.0	199.0	178.0	167.0	4.0	0.0	0.0	0.0	0.0	130.0	147.0	147.0	170.0	162.0	131.0	157.0	192.0	0.0	0.0	4.0	29.0	43.0	71.0	82.0	108.0	82.0	52.0	35.0	24.0	19.0	13.0	23.0	0.0	59.0	140.0	117.0	101.0	121.0	140.0	149.0	161.0	173.0	171.0	173.0	163.0	72.0	76.0	72.0	83.0	81.0	77.0	71.0	68.0	66.0	81.0	94.0	99.0	104.0	99.0	121.0	22.0	16.0	87.0	114.0	120.0	98.0	96.0	104.0	118.0	137.0	144.0	155.0	157.0	195.0	163.0	173.0	177.0	177.0	178.0	179.0	224.0	209.0	194.0	193.0	198.0	198.0	155.0	183.0	27.0	0.0	0.0	0.0	0.0	3.0	11.0	22.0	34.0	36.0	50.0	43.0	49.0	48.0	64.0	66.0	40.0	32.0	36.0	46.0	62.0	66.0	61.0	73.0	70.0	56.0	46.0	18.0	0.0	0.0	0.0	0.0	0.0	0.0	0.0	0.0	0.0	0.0	0.0	0.0	0.0	0.0	0.0	0.0	0.0	0.0	0.0	0.0	0.0	0.0	0.0	0.0	0.0	0.0	0.0	0.0	0.0	0.0	0.0	0.0	0.0	0.0	0.0	0.0	0.0	0.0	0.0	0.0	0.0	0.0	0.0	0.0	0.0	0.0	0.0	0.0	0.0	0.0	0.0	0.0	0.0	0.0	0.0	0.0	0.0	0.0	0.0	0.0	0.0	0.0	0.0	0.0	0.0	0.0	0.0	0.0	0.0	0.0	0.0	0.0	0.0	0.0	0.0	0.0	0.0	0.0	0.0	0.0	0.0	0.0	0.0	0.0	0.0	0.0	0.0	0.0	0.0	0.0	0.0	0.0	0.0	0.0	0.0	0.0	0.0	0.0	0.0	0.0	0.0	0.0	0.0	0.0	0.0	0.0	0.0	0.0	0.0	0.0	0.0	0.0	0.0	0.0	0.0	0.0	0.0	0.0	0.0	0.0	0.0	0.0	0.0	0.0	0.0	0.0	0.0	0.0	0.0	0.0	0.0	0.0	0.0	0.0	0.0	0.0	0.0	0.0	0.0	0.0	0.0	0.0	0.0	0.0	0.0	0.0	0.0	0.0	0.0	0.0	0.0	0.0	0.0	0.0	0.0	0.0	0.0	0.0	0.0	0.0	0.0	0.0	0.0	0.0	0.0	0.0	0.0	0.0	0.0	0.0	0.0	0.0	0.0	0.0	0.0	0.0	0.0	0.0	0.0	0.0	0.0	0.0	0.0	0.0	0.0	0.0	0.0	0.0	0.0	0.0	0.0	0.0	0.0	0.0	0.0	0.0	0.0	0.0	0.0	0.0	0.0	0.0	0.0	0.0	0.0	0.0	0.0	0.0	0.0	0.0	0.0	0.0	0.0	0.0	0.0	0.0	0.0	0.0	0.0	0.0	0.0	0.0	0.0	0.0	0.0
0.0	0.0	0.0	0.0	0.0	0.0	0.0	0.0	0.0	0.0	0.0	0.0	0.0	0.0	0.0	0.0	0.0	0.0	0.0	0.0	0.0	0.0	0.0	0.0	0.0	0.0	0.0	0.0	0.0	0.0	0.0	0.0	0.0	0.0	0.0	0.0	0.0	0.0	0.0	0.0	0.0	0.0	0.0	0.0	0.0	0.0	0.0	0.0	0.0	0.0	0.0	0.0	0.0	0.0	0.0	0.0	0.0	0.0	0.0	0.0	0.0	0.0	0.0	0.0	0.0	0.0	0.0	0.0	0.0	0.0	0.0	0.0	0.0	0.0	0.0	0.0	0.0	0.0	0.0	0.0	0.0	0.0	0.0	0.0	0.0	0.0	0.0	0.0	0.0	0.0	0.0	0.0	0.0	0.0	0.0	0.0	0.0	0.0	0.0	0.0	0.0	0.0	0.0	0.0	0.0	0.0	0.0	0.0	0.0	0.0	0.0	0.0	0.0	0.0	0.0	0.0	0.0	0.0	0.0	0.0	0.0	0.0	0.0	0.0	0.0	0.0	0.0	0.0	0.0	0.0	0.0	0.0	0.0	0.0	0.0	0.0	0.0	0.0	0.0	0.0	0.0	0.0	0.0	0.0	0.0	0.0	0.0	0.0	0.0	0.0	0.0	0.0	0.0	0.0	0.0	0.0	0.0	0.0	0.0	0.0	0.0	0.0	0.0	0.0	0.0	0.0	0.0	0.0	0.0	0.0	0.0	0.0	0.0	0.0	0.0	0.0	0.0	0.0	0.0	0.0	0.0	0.0	0.0	0.0	0.0	0.0	0.0	0.0	0.0	0.0	0.0	0.0	0.0	0.0	0.0	0.0	0.0	0.0	0.0	0.0	0.0	0.0	0.0	0.0	0.0	0.0	0.0	0.0	0.0	0.0	0.0	0.0	0.0	0.0	0.0	0.0	0.0	0.0	0.0	0.0	0.0	0.0	0.0	0.0	0.0	0.0	0.0	0.0	0.0	0.0	0.0	0.0	0.0	0.0	0.0	0.0	0.0	0.0	0.0	0.0	0.0	0.0	0.0	0.0	0.0	0.0	0.0	0.0	0.0	0.0	0.0	0.0	0.0	0.0	0.0	0.0	0.0	0.0	0.0	0.0	0.0	0.0	0.0	0.0	0.0	0.0	0.0	1.0	69.0	35.0	0.0	1.0	0.0	0.0	0.0	0.0	0.0	0.0	0.0	0.0	0.0	0.0	0.0	0.0	0.0	0.0	0.0	0.0	1.0	0.0	0.0	0.0	0.0	34.0	160.0	128.0	191.0	114.0	0.0	0.0	0.0	0.0	0.0	0.0	0.0	107.0	59.0	0.0	0.0	0.0	0.0	0.0	0.0	1.0	1.0	0.0	0.0	0.0	5.0	48.0	126.0	151.0	160.0	172.0	113.0	130.0	61.0	0.0	0.0	0.0	0.0	51.0	201.0	245.0	166.0	0.0	1.0	2.0	1.0	0.0	0.0	0.0	0.0	0.0	0.0	30.0	164.0	166.0	136.0	119.0	101.0	88.0	165.0	149.0	141.0	116.0	97.0	92.0	132.0	162.0	141.0	233.0	210.0	0.0	0.0	0.0	0.0	0.0	2.0	14.0	34.0	64.0	82.0	119.0	135.0	88.0	136.0	122.0	206.0	190.0	122.0	122.0	116.0	144.0	145.0	151.0	144.0	140.0	151.0	159.0	182.0	11.0	0.0	2.0	42.0	72.0	90.0	105.0	115.0	102.0	106.0	120.0	93.0	149.0	131.0	99.0	185.0	198.0	94.0	94.0	105.0	97.0	113.0	102.0	114.0	123.0	107.0	93.0	147.0	31.0	92.0	228.0	130.0	109.0	95.0	86.0	85.0	73.0	94.0	85.0	103.0	102.0	65.0	74.0	77.0	78.0	90.0	97.0	107.0	114.0	114.0	123.0	144.0	139.0	136.0	157.0	189.0	31.0	19.0	88.0	141.0	173.0	173.0	173.0	161.0	170.0	203.0	198.0	205.0	215.0	224.0	227.0	230.0	245.0	255.0	252.0	248.0	252.0	239.0	228.0	216.0	214.0	214.0	208.0	231.0	82.0	14.0	0.0	0.0	0.0	0.0	0.0	0.0	0.0	5.0	3.0	10.0	5.0	6.0	14.0	14.0	11.0	6.0	1.0	0.0	0.0	0.0	0.0	0.0	0.0	0.0	0.0	0.0	13.0	0.0	14.0	28.0	31.0	28.0	24.0	27.0	24.0	24.0	23.0	30.0	22.0	19.0	21.0	21.0	22.0	23.0	23.0	24.0	26.0	28.0	35.0	39.0	36.0	36.0	38.0	44.0	22.0	0.0	0.0	0.0	0.0	0.0	0.0	0.0	0.0	0.0	0.0	0.0	0.0	0.0	0.0	0.0	0.0	0.0	0.0	0.0	0.0	0.0	0.0	0.0	0.0	0.0	0.0	0.0	0.0	0.0	0.0	0.0	0.0	0.0	0.0	0.0	0.0	0.0	0.0	0.0	0.0	0.0	0.0	0.0	0.0	0.0	0.0	0.0	0.0	0.0	0.0	0.0	0.0	0.0	0.0	0.0	0.0	0.0	0.0	0.0	0.0	0.0	0.0	0.0	0.0	0.0	0.0	0.0	0.0	0.0	0.0	0.0	0.0	0.0	0.0	0.0	0.0	0.0	0.0	0.0	0.0	0.0	0.0	0.0	0.0	0.0	0.0	0.0	0.0	0.0	0.0	0.0	0.0	0.0	0.0	0.0	0.0	0.0	0.0	0.0	0.0	0.0	0.0	0.0	0.0	0.0	0.0	0.0	0.0	0.0	0.0	0.0	0.0	0.0	0.0	0.0	0.0	0.0	0.0	0.0	0.0	0.0	0.0	0.0	0.0	0.0	0.0	0.0	0.0	0.0	0.0	0.0	0.0	0.0	0.0	0.0	0.0	0.0	0.0	0.0	0.0	0.0	0.0	0.0	0.0	0.0	0.0	0.0	0.0	0.0	0.0	0.0	0.0	0.0	0.0	0.0	0.0	0.0	0.0	0.0	0.0	0.0	0.0	0.0	0.0	0.0	0.0	0.0	0.0	0.0	0.0	0.0	0.0	0.0	0.0	0.0	0.0	0.0	0.0	0.0	0.0	0.0	0.0	0.0	0.0	0.0	0.0	0.0	0.0	0.0	0.0	0.0	0.0	0.0	0.0	0.0	0.0	0.0	0.0	0.0	0.0	0.0	0.0	0.0	0.0	0.0	0.0	0.0	0.0	0.0	0.0	0.0	0.0	0.0	0.0	0.0	0.0	0.0	0.0	0.0	0.0	0.0	0.0	0.0	0.0	0.0	0.0	0.0	0.0	0.0	0.0	0.0	0.0	0.0	0.0	0.0	0.0	0.0	0.0	0.0	0.0	0.0	0.0	0.0	0.0	0.0	0.0	0.0	0.0	0.0	0.0	0.0	0.0
0.0	0.0	0.0	0.0	0.0	0.0	0.0	0.0	0.0	0.0	0.0	0.0	0.0	0.0	0.0	0.0	0.0	0.0	0.0	0.0	0.0	0.0	0.0	0.0	0.0	0.0	0.0	0.0	0.0	0.0	0.0	0.0	0.0	0.0	0.0	0.0	0.0	0.0	0.0	0.0	0.0	0.0	0.0	0.0	0.0	0.0	0.0	0.0	0.0	0.0	0.0	0.0	0.0	0.0	0.0	0.0	0.0	0.0	0.0	0.0	0.0	0.0	0.0	0.0	0.0	0.0	0.0	0.0	0.0	0.0	0.0	0.0	0.0	0.0	0.0	0.0	0.0	0.0	0.0	0.0	0.0	0.0	0.0	0.0	0.0	0.0	0.0	0.0	0.0	0.0	0.0	0.0	0.0	0.0	0.0	0.0	0.0	0.0	0.0	0.0	0.0	0.0	0.0	0.0	0.0	0.0	0.0	0.0	0.0	0.0	0.0	0.0	0.0	0.0	0.0	0.0	0.0	0.0	0.0	0.0	0.0	0.0	0.0	0.0	0.0	0.0	0.0	0.0	0.0	0.0	0.0	0.0	0.0	0.0	0.0	0.0	0.0	0.0	0.0	0.0	0.0	0.0	0.0	0.0	0.0	0.0	0.0	0.0	0.0	0.0	0.0	0.0	0.0	0.0	85.0	188.0	146.0	79.0	0.0	0.0	0.0	0.0	0.0	0.0	0.0	0.0	0.0	0.0	0.0	0.0	0.0	0.0	0.0	0.0	0.0	0.0	0.0	0.0	0.0	0.0	0.0	0.0	140.0	202.0	199.0	255.0	144.0	0.0	0.0	0.0	0.0	11.0	135.0	157.0	5.0	0.0	0.0	0.0	0.0	0.0	0.0	0.0	0.0	0.0	0.0	0.0	0.0	3.0	0.0	0.0	200.0	187.0	200.0	191.0	255.0	51.0	0.0	0.0	16.0	208.0	227.0	236.0	63.0	0.0	0.0	0.0	0.0	0.0	0.0	0.0	0.0	0.0	0.0	0.0	0.0	2.0	0.0	18.0	233.0	193.0	206.0	186.0	219.0	255.0	171.0	140.0	255.0	221.0	203.0	217.0	43.0	0.0	0.0	0.0	0.0	0.0	0.0	0.0	0.0	0.0	0.0	0.0	0.0	0.0	0.0	107.0	217.0	195.0	203.0	204.0	209.0	216.0	244.0	255.0	213.0	207.0	218.0	228.0	72.0	0.0	0.0	0.0	0.0	0.0	0.0	0.0	0.0	0.0	0.0	0.0	0.0	0.0	0.0	231.0	216.0	209.0	204.0	205.0	217.0	218.0	214.0	213.0	201.0	210.0	215.0	233.0	128.0	0.0	0.0	0.0	0.0	0.0	0.0	0.0	0.0	0.0	0.0	0.0	1.0	0.0	33.0	255.0	206.0	214.0	204.0	213.0	218.0	213.0	217.0	222.0	196.0	201.0	205.0	231.0	185.0	0.0	0.0	0.0	0.0	0.0	0.0	0.0	0.0	0.0	0.0	9.0	2.0	0.0	159.0	234.0	193.0	209.0	206.0	215.0	218.0	217.0	221.0	210.0	201.0	205.0	214.0	219.0	249.0	0.0	0.0	0.0	0.0	0.0	0.0	0.0	0.0	0.0	1.0	0.0	0.0	77.0	255.0	219.0	207.0	204.0	205.0	213.0	213.0	215.0	213.0	203.0	211.0	217.0	217.0	202.0	255.0	71.0	0.0	0.0	1.0	2.0	3.0	3.0	1.0	0.0	0.0	0.0	121.0	245.0	214.0	219.0	210.0	200.0	205.0	215.0	215.0	219.0	214.0	204.0	208.0	213.0	214.0	201.0	246.0	118.0	0.0	0.0	0.0	0.0	0.0	0.0	0.0	0.0	78.0	216.0	255.0	208.0	205.0	214.0	197.0	202.0	214.0	211.0	210.0	213.0	211.0	208.0	214.0	204.0	208.0	207.0	237.0	136.0	0.0	0.0	0.0	0.0	19.0	87.0	135.0	211.0	255.0	217.0	202.0	206.0	214.0	209.0	198.0	202.0	214.0	214.0	211.0	213.0	200.0	207.0	212.0	201.0	198.0	203.0	243.0	130.0	0.0	64.0	190.0	219.0	241.0	214.0	227.0	216.0	194.0	193.0	199.0	201.0	201.0	213.0	204.0	198.0	201.0	205.0	208.0	202.0	202.0	205.0	196.0	198.0	202.0	201.0	255.0	73.0	23.0	214.0	209.0	198.0	198.0	195.0	200.0	194.0	212.0	201.0	201.0	203.0	204.0	211.0	204.0	199.0	199.0	195.0	194.0	181.0	187.0	212.0	208.0	201.0	212.0	219.0	245.0	11.0	129.0	220.0	200.0	207.0	206.0	204.0	191.0	202.0	209.0	212.0	211.0	207.0	204.0	202.0	198.0	206.0	209.0	198.0	204.0	222.0	246.0	223.0	197.0	179.0	165.0	163.0	179.0	0.0	125.0	232.0	211.0	205.0	213.0	212.0	215.0	216.0	214.0	207.0	200.0	197.0	200.0	197.0	205.0	204.0	213.0	226.0	240.0	176.0	91.0	163.0	164.0	159.0	162.0	173.0	198.0	0.0	0.0	146.0	212.0	229.0	215.0	213.0	203.0	198.0	206.0	203.0	202.0	202.0	197.0	196.0	208.0	227.0	225.0	112.0	0.0	0.0	0.0	185.0	160.0	161.0	155.0	167.0	204.0	0.0	0.0	0.0	5.0	117.0	211.0	237.0	255.0	244.0	231.0	225.0	216.0	220.0	228.0	255.0	245.0	122.0	0.0	0.0	0.0	0.0	0.0	231.0	214.0	212.0	221.0	201.0	228.0	6.0	0.0	2.0	0.0	0.0	0.0	0.0	66.0	116.0	160.0	191.0	207.0	207.0	200.0	120.0	0.0	0.0	0.0	0.0	2.0	0.0	0.0	95.0	85.0	79.0	67.0	51.0	0.0	0.0	0.0	0.0	0.0	0.0	0.0	0.0	0.0	0.0	0.0	0.0	0.0	0.0	0.0	0.0	0.0	0.0	0.0	0.0	0.0	0.0	0.0	0.0	0.0	0.0	0.0	0.0	0.0	0.0	0.0	0.0	0.0	0.0	0.0	0.0	0.0	0.0	0.0	0.0	0.0	0.0	0.0	0.0	0.0	0.0	0.0	0.0	0.0	0.0	0.0	0.0	0.0	0.0	0.0	0.0	0.0	0.0	0.0	0.0	0.0	0.0	0.0	0.0	0.0	0.0	0.0	0.0	0.0	0.0	0.0	0.0	0.0	0.0	0.0	0.0	0.0	0.0	0.0	0.0	0.0	0.0	0.0	0.0	0.0	0.0	0.0	0.0	0.0	0.0	0.0	0.0	0.0	0.0	0.0	0.0	0.0	0.0	0.0	0.0	0.0	0.0	0.0	0.0	0.0	0.0	0.0	0.0	0.0	0.0	0.0	0.0	0.0	0.0
0.0	0.0	0.0	0.0	0.0	0.0	0.0	0.0	0.0	53.0	146.0	127.0	115.0	111.0	130.0	129.0	100.0	147.0	169.0	190.0	0.0	0.0	0.0	0.0	0.0	0.0	0.0	0.0	0.0	0.0	0.0	0.0	0.0	0.0	0.0	0.0	0.0	117.0	190.0	188.0	221.0	234.0	254.0	236.0	221.0	205.0	186.0	222.0	0.0	0.0	0.0	0.0	0.0	0.0	0.0	0.0	0.0	0.0	0.0	0.0	0.0	0.0	0.0	0.0	0.0	127.0	156.0	175.0	193.0	195.0	195.0	202.0	203.0	187.0	168.0	228.0	32.0	0.0	0.0	0.0	0.0	0.0	0.0	0.0	0.0	0.0	0.0	0.0	0.0	0.0	0.0	0.0	0.0	165.0	186.0	198.0	209.0	219.0	198.0	205.0	211.0	201.0	189.0	233.0	94.0	0.0	0.0	0.0	0.0	0.0	0.0	0.0	0.0	0.0	0.0	0.0	0.0	0.0	0.0	0.0	0.0	185.0	199.0	210.0	225.0	207.0	201.0	207.0	221.0	210.0	208.0	236.0	111.0	0.0	0.0	0.0	0.0	0.0	0.0	0.0	0.0	0.0	0.0	0.0	0.0	0.0	0.0	0.0	0.0	200.0	175.0	172.0	215.0	224.0	216.0	216.0	223.0	210.0	198.0	237.0	152.0	0.0	0.0	0.0	0.0	0.0	0.0	0.0	0.0	0.0	0.0	0.0	0.0	0.0	0.0	0.0	7.0	213.0	156.0	151.0	171.0	187.0	215.0	227.0	212.0	200.0	178.0	215.0	177.0	0.0	0.0	0.0	0.0	0.0	0.0	0.0	0.0	0.0	0.0	0.0	0.0	0.0	0.0	0.0	25.0	201.0	136.0	156.0	178.0	198.0	213.0	235.0	168.0	166.0	163.0	207.0	178.0	0.0	0.0	0.0	0.0	0.0	0.0	0.0	0.0	0.0	0.0	0.0	0.0	0.0	0.0	0.0	42.0	195.0	134.0	162.0	171.0	201.0	1.0	229.0	198.0	166.0	154.0	193.0	173.0	0.0	0.0	0.0	0.0	0.0	0.0	0.0	0.0	0.0	0.0	0.0	0.0	0.0	0.0	0.0	50.0	184.0	134.0	167.0	184.0	181.0	0.0	213.0	190.0	197.0	179.0	189.0	179.0	0.0	0.0	0.0	0.0	0.0	0.0	0.0	0.0	0.0	0.0	0.0	0.0	0.0	0.0	0.0	49.0	175.0	134.0	169.0	169.0	211.0	0.0	196.0	178.0	153.0	183.0	196.0	176.0	0.0	0.0	0.0	0.0	0.0	0.0	0.0	0.0	0.0	0.0	0.0	0.0	0.0	0.0	0.0	50.0	173.0	134.0	167.0	174.0	223.0	0.0	161.0	208.0	140.0	172.0	198.0	173.0	0.0	0.0	0.0	0.0	0.0	0.0	0.0	0.0	0.0	0.0	0.0	0.0	0.0	0.0	0.0	49.0	169.0	125.0	158.0	187.0	213.0	0.0	124.0	219.0	132.0	149.0	198.0	176.0	0.0	0.0	0.0	0.0	0.0	0.0	0.0	0.0	0.0	0.0	0.0	0.0	0.0	0.0	0.0	49.0	168.0	128.0	150.0	192.0	197.0	0.0	82.0	219.0	152.0	153.0	177.0	175.0	0.0	0.0	0.0	0.0	0.0	0.0	0.0	0.0	0.0	0.0	0.0	0.0	0.0	0.0	0.0	50.0	174.0	136.0	144.0	190.0	185.0	0.0	29.0	221.0	155.0	153.0	184.0	174.0	0.0	0.0	0.0	0.0	0.0	0.0	0.0	0.0	0.0	0.0	0.0	0.0	0.0	0.0	0.0	53.0	175.0	140.0	161.0	191.0	143.0	0.0	13.0	221.0	154.0	156.0	184.0	173.0	0.0	0.0	0.0	0.0	0.0	0.0	0.0	0.0	0.0	0.0	0.0	0.0	0.0	0.0	0.0	58.0	184.0	122.0	166.0	198.0	115.0	0.0	0.0	217.0	158.0	160.0	180.0	167.0	0.0	0.0	0.0	0.0	0.0	0.0	0.0	0.0	0.0	0.0	0.0	0.0	0.0	0.0	0.0	58.0	204.0	111.0	172.0	203.0	79.0	0.0	0.0	204.0	164.0	155.0	188.0	169.0	0.0	0.0	0.0	0.0	0.0	0.0	0.0	0.0	0.0	0.0	0.0	0.0	0.0	0.0	0.0	55.0	214.0	138.0	177.0	209.0	41.0	0.0	0.0	186.0	180.0	152.0	187.0	168.0	0.0	0.0	0.0	0.0	0.0	0.0	0.0	0.0	0.0	0.0	0.0	0.0	0.0	0.0	0.0	55.0	214.0	149.0	177.0	210.0	23.0	0.0	0.0	158.0	199.0	173.0	192.0	163.0	0.0	0.0	0.0	0.0	0.0	0.0	0.0	0.0	0.0	0.0	0.0	0.0	0.0	0.0	0.0	55.0	216.0	159.0	187.0	204.0	6.0	0.0	0.0	136.0	198.0	189.0	208.0	165.0	0.0	0.0	0.0	0.0	0.0	0.0	0.0	0.0	0.0	0.0	0.0	0.0	0.0	0.0	0.0	55.0	212.0	161.0	197.0	191.0	0.0	0.0	0.0	118.0	192.0	185.0	214.0	161.0	0.0	0.0	0.0	0.0	0.0	0.0	0.0	0.0	0.0	0.0	0.0	0.0	0.0	0.0	0.0	63.0	201.0	162.0	207.0	171.0	0.0	0.0	0.0	86.0	197.0	184.0	214.0	156.0	0.0	0.0	0.0	0.0	0.0	0.0	0.0	0.0	0.0	0.0	0.0	0.0	0.0	0.0	0.0	68.0	197.0	168.0	213.0	155.0	0.0	0.0	0.0	64.0	196.0	183.0	219.0	154.0	0.0	0.0	0.0	0.0	0.0	0.0	0.0	0.0	0.0	0.0	0.0	0.0	0.0	0.0	0.0	73.0	193.0	168.0	215.0	146.0	0.0	1.0	0.0	56.0	190.0	180.0	205.0	146.0	0.0	0.0	0.0	0.0	0.0	0.0	0.0	0.0	0.0	0.0	0.0	0.0	0.0	0.0	0.0	73.0	176.0	168.0	204.0	137.0	0.0	3.0	0.0	37.0	186.0	179.0	204.0	138.0	0.0	0.0	0.0	0.0	0.0	0.0	0.0	0.0	0.0	0.0	0.0	0.0	0.0	0.0	0.0	94.0	197.0	178.0	212.0	129.0	0.0	5.0	0.0	32.0	193.0	185.0	210.0	150.0	0.0	0.0	0.0	0.0	0.0	0.0	0.0	0.0	0.0	0.0	0.0	0.0	0.0	0.0	0.0	49.0	122.0	126.0	160.0	65.0	0.0	3.0	0.0	8.0	156.0	173.0	188.0	107.0	0.0	0.0	0.0	0.0	0.0	0.0	0.0
0.0	0.0	0.0	0.0	0.0	0.0	0.0	0.0	0.0	0.0	0.0	19.0	4.0	0.0	0.0	0.0	0.0	0.0	0.0	0.0	0.0	1.0	2.0	0.0	0.0	0.0	0.0	0.0	0.0	0.0	0.0	0.0	0.0	0.0	0.0	0.0	1.0	72.0	157.0	222.0	244.0	252.0	148.0	198.0	200.0	241.0	201.0	46.0	0.0	0.0	0.0	1.0	0.0	0.0	0.0	0.0	0.0	0.0	0.0	0.0	0.0	0.0	31.0	200.0	211.0	226.0	224.0	205.0	211.0	242.0	212.0	246.0	245.0	194.0	207.0	212.0	220.0	120.0	0.0	0.0	1.0	0.0	0.0	0.0	0.0	0.0	0.0	0.0	0.0	0.0	190.0	217.0	200.0	200.0	198.0	196.0	189.0	178.0	198.0	179.0	164.0	179.0	182.0	183.0	182.0	193.0	196.0	0.0	0.0	0.0	0.0	0.0	0.0	0.0	0.0	0.0	0.0	101.0	212.0	196.0	200.0	198.0	198.0	197.0	194.0	187.0	189.0	190.0	186.0	189.0	186.0	183.0	174.0	161.0	175.0	83.0	0.0	0.0	0.0	0.0	0.0	0.0	0.0	0.0	0.0	205.0	213.0	200.0	200.0	193.0	194.0	194.0	193.0	189.0	189.0	186.0	189.0	183.0	179.0	171.0	176.0	163.0	171.0	175.0	0.0	0.0	0.0	0.0	0.0	0.0	0.0	0.0	0.0	205.0	216.0	205.0	212.0	190.0	191.0	189.0	189.0	187.0	186.0	185.0	185.0	182.0	183.0	180.0	172.0	154.0	164.0	196.0	26.0	0.0	0.0	0.0	0.0	0.0	0.0	0.0	157.0	215.0	226.0	244.0	231.0	189.0	183.0	189.0	187.0	186.0	183.0	183.0	183.0	179.0	182.0	180.0	167.0	178.0	198.0	185.0	89.0	0.0	0.0	0.0	0.0	0.0	0.0	0.0	49.0	227.0	220.0	254.0	250.0	200.0	185.0	186.0	185.0	185.0	182.0	180.0	182.0	174.0	168.0	160.0	150.0	211.0	219.0	196.0	150.0	0.0	0.0	0.0	0.0	0.0	0.0	0.0	0.0	0.0	171.0	239.0	204.0	230.0	191.0	189.0	180.0	185.0	182.0	187.0	178.0	178.0	163.0	174.0	142.0	183.0	164.0	53.0	0.0	0.0	0.0	0.0	0.0	0.0	0.0	0.0	0.0	0.0	0.0	0.0	164.0	226.0	198.0	190.0	179.0	187.0	182.0	186.0	179.0	183.0	159.0	165.0	170.0	0.0	0.0	0.0	0.0	0.0	0.0	0.0	0.0	0.0	0.0	0.0	0.0	0.0	0.0	0.0	161.0	228.0	189.0	196.0	179.0	189.0	182.0	183.0	180.0	185.0	160.0	168.0	174.0	0.0	0.0	2.0	1.0	0.0	0.0	0.0	0.0	0.0	0.0	0.0	0.0	0.0	0.0	0.0	175.0	228.0	189.0	200.0	176.0	194.0	183.0	187.0	183.0	186.0	160.0	165.0	163.0	0.0	0.0	0.0	0.0	0.0	0.0	0.0	0.0	0.0	0.0	0.0	0.0	0.0	0.0	0.0	193.0	219.0	193.0	198.0	178.0	197.0	183.0	190.0	185.0	183.0	163.0	160.0	153.0	0.0	0.0	0.0	0.0	0.0	0.0	0.0	0.0	0.0	0.0	0.0	0.0	0.0	0.0	0.0	212.0	205.0	202.0	191.0	180.0	200.0	182.0	190.0	189.0	180.0	172.0	159.0	141.0	0.0	0.0	0.0	0.0	0.0	0.0	0.0	0.0	0.0	0.0	0.0	0.0	1.0	0.0	0.0	215.0	197.0	212.0	186.0	183.0	201.0	182.0	193.0	189.0	182.0	179.0	164.0	132.0	0.0	1.0	0.0	0.0	0.0	0.0	0.0	0.0	0.0	0.0	0.0	0.0	1.0	0.0	0.0	220.0	201.0	220.0	180.0	190.0	202.0	185.0	197.0	189.0	179.0	180.0	171.0	131.0	0.0	1.0	0.0	0.0	0.0	0.0	0.0	0.0	0.0	0.0	0.0	0.0	2.0	0.0	0.0	228.0	209.0	215.0	176.0	193.0	201.0	187.0	198.0	193.0	175.0	183.0	168.0	148.0	0.0	0.0	0.0	0.0	0.0	0.0	0.0	0.0	0.0	0.0	0.0	0.0	2.0	0.0	0.0	198.0	211.0	207.0	175.0	197.0	200.0	189.0	201.0	194.0	182.0	183.0	171.0	153.0	0.0	0.0	0.0	0.0	0.0	0.0	0.0	0.0	0.0	0.0	0.0	0.0	4.0	0.0	1.0	208.0	207.0	202.0	178.0	198.0	201.0	189.0	207.0	197.0	186.0	183.0	170.0	156.0	0.0	0.0	1.0	0.0	0.0	0.0	0.0	0.0	0.0	0.0	0.0	0.0	4.0	0.0	4.0	209.0	205.0	200.0	182.0	198.0	204.0	191.0	207.0	200.0	186.0	179.0	180.0	156.0	0.0	0.0	1.0	0.0	0.0	0.0	0.0	0.0	0.0	0.0	0.0	0.0	4.0	0.0	12.0	211.0	202.0	196.0	186.0	197.0	207.0	194.0	205.0	202.0	190.0	179.0	175.0	168.0	0.0	0.0	2.0	0.0	0.0	0.0	0.0	0.0	0.0	0.0	0.0	0.0	5.0	0.0	23.0	211.0	202.0	198.0	189.0	196.0	204.0	197.0	209.0	202.0	190.0	182.0	172.0	178.0	0.0	0.0	2.0	0.0	0.0	0.0	0.0	0.0	0.0	0.0	0.0	0.0	5.0	0.0	38.0	213.0	201.0	200.0	191.0	197.0	200.0	198.0	212.0	204.0	193.0	185.0	172.0	183.0	0.0	0.0	2.0	0.0	0.0	0.0	0.0	0.0	0.0	0.0	0.0	0.0	6.0	0.0	49.0	215.0	200.0	198.0	191.0	200.0	200.0	201.0	212.0	211.0	197.0	187.0	175.0	185.0	0.0	0.0	2.0	0.0	0.0	0.0	0.0	0.0	0.0	0.0	0.0	0.0	6.0	0.0	60.0	219.0	200.0	197.0	185.0	194.0	194.0	197.0	204.0	207.0	190.0	187.0	172.0	159.0	1.0	0.0	2.0	0.0	0.0	0.0	0.0	0.0	0.0	0.0	0.0	0.0	5.0	0.0	72.0	220.0	219.0	245.0	231.0	233.0	234.0	238.0	235.0	239.0	228.0	231.0	198.0	217.0	17.0	0.0	2.0	0.0	0.0	0.0	0.0	0.0	0.0	0.0	0.0	0.0	1.0	0.0	0.0	37.0	69.0	89.0	97.0	109.0	122.0	127.0	126.0	130.0	116.0	91.0	80.0	46.0	0.0	0.0	1.0	0.0	0.0	0.0	0.0
0.0	0.0	0.0	2.0	0.0	2.0	0.0	0.0	6.0	36.0	79.0	24.0	0.0	0.0	0.0	0.0	0.0	31.0	73.0	1.0	0.0	0.0	0.0	2.0	0.0	0.0	0.0	0.0	0.0	0.0	0.0	1.0	2.0	0.0	0.0	153.0	160.0	153.0	176.0	189.0	188.0	194.0	145.0	154.0	149.0	192.0	179.0	145.0	161.0	83.0	0.0	0.0	2.0	0.0	0.0	0.0	0.0	0.0	0.0	2.0	0.0	0.0	135.0	170.0	144.0	150.0	147.0	162.0	187.0	106.0	1.0	200.0	177.0	166.0	146.0	149.0	151.0	169.0	113.0	0.0	3.0	0.0	0.0	0.0	0.0	0.0	0.0	4.0	0.0	34.0	179.0	149.0	151.0	150.0	145.0	135.0	169.0	136.0	86.0	190.0	156.0	143.0	146.0	148.0	146.0	143.0	157.0	3.0	0.0	3.0	0.0	0.0	0.0	0.0	0.0	0.0	0.0	101.0	177.0	160.0	152.0	155.0	150.0	148.0	144.0	156.0	163.0	141.0	154.0	152.0	150.0	145.0	147.0	144.0	163.0	64.0	0.0	4.0	0.0	0.0	0.0	0.0	0.0	0.0	0.0	143.0	178.0	171.0	154.0	156.0	149.0	145.0	149.0	149.0	145.0	148.0	147.0	152.0	148.0	137.0	152.0	155.0	162.0	108.0	0.0	0.0	0.0	0.0	0.0	0.0	0.0	0.0	0.0	178.0	174.0	176.0	163.0	155.0	144.0	141.0	146.0	149.0	140.0	146.0	143.0	143.0	139.0	144.0	150.0	161.0	163.0	129.0	0.0	0.0	0.0	0.0	0.0	0.0	0.0	0.0	5.0	166.0	180.0	174.0	190.0	161.0	147.0	146.0	149.0	149.0	147.0	147.0	149.0	147.0	143.0	144.0	157.0	179.0	150.0	163.0	0.0	0.0	0.0	0.0	0.0	0.0	0.0	0.0	30.0	176.0	178.0	186.0	208.0	151.0	149.0	151.0	154.0	152.0	152.0	151.0	152.0	149.0	141.0	134.0	194.0	183.0	155.0	179.0	0.0	0.0	0.0	0.0	0.0	0.0	0.0	0.0	80.0	181.0	182.0	196.0	212.0	147.0	152.0	150.0	152.0	151.0	151.0	151.0	151.0	147.0	142.0	131.0	190.0	198.0	159.0	160.0	32.0	0.0	0.0	0.0	0.0	0.0	0.0	0.0	103.0	182.0	175.0	206.0	197.0	152.0	148.0	150.0	153.0	154.0	153.0	150.0	149.0	142.0	143.0	136.0	183.0	224.0	160.0	161.0	80.0	0.0	0.0	0.0	0.0	0.0	0.0	0.0	138.0	187.0	174.0	225.0	187.0	150.0	152.0	152.0	155.0	154.0	156.0	154.0	154.0	147.0	150.0	131.0	186.0	227.0	159.0	162.0	119.0	0.0	0.0	0.0	0.0	0.0	0.0	0.0	164.0	195.0	171.0	235.0	180.0	154.0	153.0	153.0	157.0	157.0	158.0	152.0	152.0	147.0	143.0	137.0	169.0	232.0	161.0	173.0	144.0	0.0	0.0	0.0	0.0	0.0	0.0	0.0	182.0	200.0	171.0	231.0	170.0	154.0	155.0	157.0	159.0	159.0	160.0	157.0	155.0	144.0	149.0	142.0	157.0	232.0	166.0	187.0	170.0	0.0	0.0	0.0	0.0	0.0	0.0	0.0	191.0	201.0	180.0	251.0	159.0	157.0	157.0	157.0	157.0	159.0	163.0	152.0	152.0	147.0	148.0	148.0	148.0	226.0	174.0	193.0	172.0	0.0	0.0	0.0	0.0	0.0	0.0	7.0	191.0	209.0	200.0	203.0	143.0	166.0	159.0	157.0	160.0	162.0	158.0	156.0	156.0	143.0	147.0	154.0	131.0	215.0	194.0	195.0	169.0	5.0	0.0	0.0	0.0	0.0	0.0	24.0	191.0	212.0	213.0	212.0	148.0	166.0	156.0	155.0	158.0	161.0	158.0	156.0	153.0	145.0	153.0	148.0	142.0	204.0	232.0	184.0	175.0	27.0	0.0	0.0	0.0	0.0	0.0	40.0	198.0	213.0	224.0	193.0	155.0	162.0	159.0	157.0	157.0	164.0	160.0	160.0	154.0	145.0	152.0	154.0	140.0	161.0	234.0	178.0	178.0	38.0	0.0	0.0	0.0	0.0	0.0	46.0	193.0	224.0	231.0	122.0	168.0	163.0	161.0	159.0	163.0	171.0	165.0	169.0	164.0	152.0	160.0	155.0	147.0	124.0	246.0	190.0	184.0	49.0	0.0	0.0	0.0	0.0	0.0	42.0	193.0	225.0	227.0	115.0	172.0	150.0	152.0	150.0	154.0	152.0	149.0	156.0	163.0	152.0	140.0	139.0	168.0	87.0	231.0	195.0	178.0	63.0	0.0	0.0	0.0	0.0	0.0	52.0	188.0	217.0	224.0	107.0	178.0	174.0	156.0	165.0	184.0	162.0	180.0	174.0	161.0	171.0	182.0	166.0	180.0	86.0	255.0	186.0	170.0	72.0	0.0	0.0	0.0	0.0	0.0	58.0	207.0	232.0	229.0	120.0	177.0	181.0	152.0	160.0	189.0	183.0	223.0	167.0	139.0	156.0	173.0	179.0	178.0	62.0	230.0	146.0	183.0	78.0	0.0	0.0	0.0	0.0	0.0	70.0	219.0	232.0	234.0	175.0	156.0	185.0	146.0	164.0	186.0	186.0	203.0	155.0	151.0	160.0	155.0	198.0	182.0	131.0	237.0	164.0	176.0	101.0	0.0	0.0	0.0	0.0	0.0	91.0	183.0	198.0	212.0	151.0	159.0	178.0	155.0	159.0	187.0	195.0	191.0	152.0	156.0	156.0	140.0	210.0	191.0	137.0	226.0	203.0	199.0	100.0	0.0	0.0	0.0	0.0	0.0	98.0	189.0	192.0	219.0	150.0	149.0	166.0	147.0	148.0	187.0	211.0	178.0	152.0	157.0	148.0	143.0	188.0	187.0	125.0	213.0	200.0	192.0	96.0	0.0	0.0	0.0	0.0	0.0	87.0	203.0	171.0	207.0	171.0	183.0	172.0	168.0	165.0	176.0	199.0	185.0	161.0	161.0	161.0	170.0	187.0	186.0	155.0	209.0	195.0	175.0	63.0	0.0	0.0	0.0	0.0	0.0	44.0	193.0	217.0	84.0	80.0	99.0	79.0	88.0	125.0	203.0	171.0	169.0	199.0	181.0	186.0	116.0	118.0	133.0	114.0	170.0	221.0	179.0	4.0	0.0	0.0	0.0	0.0	0.0	0.0	74.0	133.0	6.0	0.0	0.0	0.0	0.0	0.0	0.0	0.0	0.0	0.0	0.0	0.0	0.0	0.0	0.0	0.0	15.0	160.0	100.0	0.0	0.0	0.0
0.0	0.0	0.0	0.0	0.0	0.0	0.0	2.0	0.0	0.0	12.0	55.0	98.0	52.0	45.0	70.0	47.0	0.0	0.0	1.0	0.0	0.0	0.0	0.0	0.0	0.0	0.0	0.0	0.0	0.0	0.0	0.0	0.0	0.0	0.0	0.0	0.0	39.0	52.0	93.0	144.0	83.0	66.0	86.0	78.0	48.0	0.0	0.0	0.0	0.0	0.0	0.0	0.0	0.0	0.0	0.0	0.0	0.0	0.0	0.0	0.0	0.0	0.0	0.0	35.0	67.0	36.0	118.0	151.0	60.0	28.0	63.0	44.0	60.0	52.0	0.0	0.0	0.0	0.0	0.0	0.0	0.0	0.0	0.0	0.0	0.0	0.0	0.0	0.0	0.0	0.0	0.0	51.0	43.0	29.0	90.0	211.0	232.0	157.0	90.0	22.0	21.0	53.0	9.0	0.0	0.0	0.0	0.0	0.0	0.0	0.0	0.0	0.0	0.0	0.0	0.0	0.0	0.0	2.0	36.0	63.0	99.0	70.0	63.0	246.0	241.0	164.0	116.0	80.0	110.0	145.0	117.0	28.0	0.0	0.0	0.0	0.0	0.0	0.0	0.0	0.0	0.0	0.0	0.0	0.0	0.0	36.0	66.0	56.0	63.0	109.0	55.0	223.0	255.0	225.0	110.0	134.0	105.0	79.0	76.0	87.0	49.0	0.0	0.0	0.0	0.0	0.0	0.0	0.0	0.0	0.0	0.0	0.0	0.0	52.0	43.0	59.0	62.0	39.0	25.0	44.0	229.0	228.0	43.0	40.0	43.0	62.0	51.0	56.0	74.0	12.0	0.0	0.0	0.0	0.0	0.0	0.0	0.0	0.0	0.0	0.0	9.0	58.0	48.0	49.0	58.0	60.0	47.0	16.0	234.0	180.0	17.0	59.0	55.0	64.0	53.0	60.0	75.0	40.0	0.0	0.0	0.0	0.0	0.0	0.0	0.0	0.0	0.0	0.0	29.0	59.0	40.0	48.0	40.0	47.0	56.0	32.0	78.0	60.0	41.0	60.0	49.0	59.0	49.0	78.0	72.0	63.0	0.0	0.0	0.0	0.0	0.0	0.0	0.0	0.0	0.0	0.0	37.0	68.0	53.0	37.0	47.0	45.0	49.0	22.0	156.0	93.0	28.0	56.0	53.0	62.0	58.0	103.0	55.0	79.0	0.0	0.0	0.0	0.0	0.0	0.0	0.0	0.0	0.0	0.0	52.0	56.0	66.0	41.0	41.0	48.0	49.0	31.0	89.0	60.0	37.0	48.0	56.0	56.0	63.0	93.0	49.0	87.0	1.0	0.0	0.0	0.0	0.0	0.0	0.0	0.0	0.0	10.0	66.0	60.0	99.0	55.0	39.0	47.0	47.0	37.0	76.0	62.0	39.0	51.0	60.0	58.0	72.0	113.0	47.0	98.0	20.0	0.0	0.0	0.0	0.0	0.0	0.0	0.0	0.0	9.0	63.0	71.0	113.0	48.0	39.0	47.0	51.0	35.0	85.0	67.0	39.0	63.0	64.0	59.0	110.0	140.0	52.0	87.0	43.0	0.0	0.0	0.0	0.0	0.0	0.0	0.0	0.0	14.0	53.0	68.0	106.0	29.0	48.0	47.0	55.0	37.0	74.0	58.0	45.0	58.0	62.0	59.0	121.0	120.0	37.0	95.0	52.0	0.0	0.0	0.0	0.0	0.0	0.0	0.0	0.0	24.0	56.0	67.0	124.0	36.0	47.0	48.0	51.0	39.0	75.0	76.0	47.0	51.0	68.0	71.0	117.0	140.0	60.0	76.0	60.0	0.0	0.0	0.0	0.0	0.0	0.0	0.0	0.0	43.0	62.0	70.0	114.0	36.0	43.0	49.0	49.0	33.0	75.0	78.0	39.0	53.0	66.0	74.0	98.0	126.0	62.0	68.0	89.0	0.0	0.0	0.0	0.0	0.0	0.0	0.0	0.0	49.0	68.0	107.0	116.0	12.0	56.0	44.0	52.0	33.0	74.0	75.0	33.0	66.0	49.0	101.0	86.0	103.0	85.0	86.0	109.0	0.0	0.0	0.0	0.0	0.0	0.0	0.0	0.0	44.0	71.0	114.0	97.0	18.0	66.0	44.0	52.0	44.0	67.0	79.0	47.0	59.0	33.0	133.0	91.0	49.0	121.0	76.0	110.0	40.0	0.0	0.0	0.0	0.0	0.0	0.0	0.0	53.0	68.0	121.0	37.0	16.0	55.0	47.0	52.0	40.0	66.0	83.0	47.0	49.0	49.0	97.0	91.0	29.0	102.0	70.0	109.0	60.0	0.0	0.0	0.0	0.0	0.0	0.0	0.0	47.0	56.0	113.0	32.0	18.0	55.0	47.0	59.0	37.0	60.0	91.0	33.0	60.0	62.0	63.0	90.0	8.0	114.0	76.0	80.0	49.0	0.0	0.0	0.0	0.0	0.0	0.0	0.0	48.0	59.0	99.0	20.0	29.0	52.0	49.0	55.0	41.0	64.0	89.0	35.0	64.0	48.0	55.0	111.0	14.0	59.0	70.0	67.0	36.0	0.0	0.0	0.0	0.0	0.0	0.0	0.0	45.0	63.0	106.0	0.0	52.0	52.0	49.0	48.0	43.0	58.0	90.0	49.0	56.0	59.0	59.0	99.0	43.0	21.0	83.0	76.0	52.0	0.0	0.0	0.0	0.0	0.0	0.0	0.0	45.0	63.0	97.0	0.0	43.0	48.0	52.0	48.0	41.0	55.0	94.0	43.0	58.0	70.0	55.0	85.0	49.0	5.0	86.0	75.0	45.0	0.0	0.0	0.0	0.0	0.0	0.0	0.0	45.0	70.0	67.0	14.0	86.0	41.0	49.0	51.0	45.0	58.0	89.0	36.0	67.0	63.0	53.0	80.0	56.0	1.0	86.0	71.0	48.0	0.0	0.0	0.0	0.0	0.0	0.0	0.0	58.0	99.0	51.0	45.0	118.0	39.0	52.0	48.0	47.0	55.0	63.0	55.0	64.0	53.0	67.0	70.0	78.0	0.0	82.0	91.0	68.0	0.0	0.0	0.0	0.0	0.0	0.0	0.0	14.0	25.0	10.0	29.0	39.0	49.0	53.0	44.0	45.0	48.0	49.0	64.0	51.0	62.0	64.0	58.0	90.0	6.0	0.0	13.0	8.0	0.0	0.0	0.0	0.0	0.0	0.0	0.0	0.0	0.0	0.0	60.0	60.0	53.0	53.0	55.0	55.0	53.0	66.0	63.0	62.0	70.0	70.0	76.0	93.0	36.0	0.0	0.0	0.0	0.0	0.0	0.0	0.0	0.0	0.0	0.0	0.0	0.0	4.0	53.0	45.0	53.0	44.0	43.0	39.0	43.0	45.0	41.0	62.0	49.0	60.0	56.0	67.0	22.0	0.0	2.0	0.0	0.0	0.0	0.0
0.0	0.0	0.0	0.0	0.0	1.0	0.0	0.0	0.0	65.0	99.0	0.0	0.0	0.0	0.0	0.0	0.0	0.0	106.0	60.0	0.0	0.0	0.0	0.0	0.0	0.0	0.0	0.0	0.0	0.0	0.0	0.0	0.0	1.0	0.0	17.0	190.0	206.0	202.0	145.0	148.0	146.0	148.0	166.0	165.0	189.0	212.0	210.0	202.0	0.0	0.0	0.0	0.0	0.0	0.0	0.0	0.0	0.0	0.0	0.0	0.0	0.0	0.0	160.0	229.0	193.0	189.0	197.0	169.0	182.0	109.0	165.0	156.0	202.0	198.0	196.0	233.0	96.0	0.0	0.0	0.0	0.0	0.0	0.0	0.0	0.0	0.0	0.0	0.0	0.0	2.0	199.0	198.0	213.0	193.0	201.0	207.0	196.0	172.0	211.0	206.0	207.0	200.0	202.0	208.0	217.0	0.0	0.0	0.0	0.0	0.0	0.0	0.0	0.0	0.0	0.0	0.0	0.0	139.0	205.0	200.0	207.0	190.0	192.0	210.0	210.0	208.0	212.0	208.0	197.0	201.0	210.0	206.0	205.0	83.0	0.0	0.0	0.0	0.0	0.0	0.0	0.0	0.0	0.0	0.0	2.0	196.0	220.0	200.0	200.0	190.0	193.0	199.0	222.0	222.0	225.0	199.0	198.0	210.0	212.0	218.0	227.0	189.0	0.0	0.0	0.0	0.0	0.0	0.0	0.0	0.0	0.0	0.0	0.0	0.0	162.0	215.0	199.0	192.0	196.0	195.0	204.0	221.0	200.0	195.0	205.0	208.0	218.0	235.0	170.0	0.0	0.0	0.0	0.0	0.0	0.0	0.0	0.0	0.0	0.0	0.0	0.0	0.0	0.0	172.0	240.0	192.0	204.0	203.0	206.0	203.0	199.0	206.0	215.0	211.0	232.0	114.0	0.0	0.0	0.0	0.0	0.0	0.0	0.0	0.0	0.0	0.0	0.0	0.0	0.0	2.0	0.0	0.0	32.0	235.0	200.0	206.0	208.0	205.0	204.0	208.0	215.0	252.0	10.0	0.0	0.0	0.0	0.0	0.0	0.0	0.0	0.0	0.0	0.0	0.0	0.0	0.0	1.0	0.0	3.0	0.0	12.0	247.0	201.0	208.0	210.0	206.0	208.0	211.0	216.0	255.0	0.0	0.0	0.0	0.0	0.0	0.0	0.0	0.0	0.0	0.0	0.0	0.0	0.0	0.0	0.0	0.0	2.0	0.0	5.0	247.0	205.0	214.0	207.0	208.0	211.0	211.0	220.0	251.0	0.0	0.0	1.0	0.0	0.0	0.0	0.0	0.0	0.0	0.0	0.0	0.0	0.0	0.0	0.0	0.0	1.0	0.0	0.0	241.0	210.0	210.0	207.0	213.0	214.0	211.0	222.0	241.0	0.0	0.0	1.0	0.0	0.0	0.0	0.0	0.0	0.0	0.0	0.0	0.0	0.0	0.0	0.0	1.0	0.0	0.0	0.0	202.0	217.0	206.0	211.0	216.0	219.0	212.0	226.0	226.0	0.0	0.0	1.0	0.0	0.0	0.0	0.0	0.0	0.0	0.0	0.0	0.0	0.0	0.0	1.0	0.0	0.0	0.0	0.0	214.0	213.0	208.0	204.0	223.0	210.0	213.0	216.0	213.0	17.0	0.0	2.0	0.0	0.0	0.0	0.0	0.0	0.0	0.0	0.0	0.0	0.0	0.0	0.0	0.0	2.0	0.0	99.0	218.0	202.0	211.0	205.0	220.0	205.0	215.0	205.0	229.0	152.0	0.0	0.0	0.0	0.0	0.0	0.0	0.0	0.0	0.0	0.0	0.0	0.0	0.0	0.0	0.0	1.0	0.0	165.0	214.0	204.0	211.0	213.0	214.0	211.0	217.0	208.0	219.0	203.0	0.0	0.0	0.0	0.0	0.0	0.0	0.0	0.0	0.0	0.0	0.0	0.0	0.0	0.0	0.0	0.0	0.0	188.0	213.0	208.0	206.0	212.0	218.0	208.0	216.0	204.0	218.0	197.0	0.0	0.0	2.0	0.0	0.0	0.0	0.0	0.0	0.0	0.0	0.0	0.0	0.0	0.0	1.0	0.0	0.0	213.0	210.0	216.0	204.0	214.0	217.0	205.0	217.0	208.0	215.0	212.0	2.0	0.0	2.0	0.0	0.0	0.0	0.0	0.0	0.0	0.0	0.0	0.0	0.0	0.0	2.0	0.0	0.0	225.0	210.0	219.0	201.0	214.0	218.0	205.0	216.0	207.0	214.0	221.0	17.0	0.0	2.0	0.0	0.0	0.0	0.0	0.0	0.0	0.0	0.0	0.0	0.0	0.0	2.0	0.0	0.0	197.0	211.0	215.0	200.0	216.0	219.0	210.0	215.0	208.0	213.0	227.0	35.0	0.0	2.0	0.0	0.0	0.0	0.0	0.0	0.0	0.0	0.0	0.0	0.0	0.0	3.0	0.0	3.0	206.0	210.0	219.0	199.0	215.0	222.0	210.0	215.0	211.0	211.0	228.0	60.0	0.0	2.0	0.0	0.0	0.0	0.0	0.0	0.0	0.0	0.0	0.0	0.0	0.0	2.0	0.0	11.0	208.0	211.0	220.0	200.0	215.0	223.0	211.0	214.0	212.0	210.0	229.0	69.0	0.0	2.0	0.0	0.0	0.0	0.0	0.0	0.0	0.0	0.0	0.0	0.0	0.0	2.0	0.0	7.0	207.0	213.0	218.0	201.0	216.0	222.0	214.0	213.0	213.0	211.0	228.0	61.0	0.0	2.0	0.0	0.0	0.0	0.0	0.0	0.0	0.0	0.0	0.0	0.0	0.0	2.0	0.0	0.0	203.0	215.0	217.0	201.0	216.0	222.0	213.0	213.0	213.0	212.0	228.0	47.0	0.0	3.0	0.0	0.0	0.0	0.0	0.0	0.0	0.0	0.0	0.0	0.0	0.0	2.0	0.0	0.0	196.0	218.0	216.0	201.0	216.0	223.0	214.0	212.0	215.0	214.0	226.0	27.0	0.0	2.0	0.0	0.0	0.0	0.0	0.0	0.0	0.0	0.0	0.0	0.0	0.0	2.0	0.0	0.0	221.0	221.0	212.0	202.0	216.0	222.0	216.0	212.0	213.0	212.0	221.0	17.0	0.0	3.0	0.0	0.0	0.0	0.0	0.0	0.0	0.0	0.0	0.0	0.0	0.0	1.0	0.0	0.0	203.0	227.0	212.0	213.0	228.0	235.0	229.0	226.0	226.0	217.0	225.0	17.0	0.0	2.0	0.0	0.0	0.0	0.0	0.0	0.0	0.0	0.0	0.0	0.0	0.0	0.0	0.0	0.0	176.0	216.0	202.0	184.0	178.0	188.0	184.0	185.0	183.0	199.0	207.0	3.0	0.0	2.0	0.0	0.0	0.0	0.0	0.0
0.0	0.0	0.0	0.0	0.0	0.0	0.0	0.0	9.0	0.0	0.0	0.0	0.0	0.0	0.0	0.0	0.0	0.0	0.0	4.0	0.0	0.0	0.0	0.0	0.0	0.0	0.0	0.0	0.0	0.0	0.0	0.0	0.0	0.0	0.0	0.0	0.0	6.0	30.0	3.0	4.0	4.0	13.0	21.0	30.0	49.0	31.0	0.0	0.0	0.0	0.0	0.0	0.0	0.0	0.0	0.0	0.0	0.0	0.0	0.0	0.0	0.0	0.0	0.0	0.0	158.0	229.0	214.0	215.0	208.0	212.0	215.0	214.0	227.0	228.0	0.0	0.0	0.0	0.0	0.0	0.0	0.0	0.0	0.0	0.0	0.0	0.0	0.0	0.0	0.0	0.0	0.0	0.0	202.0	206.0	205.0	212.0	233.0	244.0	214.0	200.0	205.0	196.0	0.0	0.0	0.0	0.0	0.0	0.0	0.0	0.0	0.0	0.0	0.0	0.0	0.0	0.0	0.0	0.0	0.0	0.0	226.0	208.0	196.0	182.0	240.0	211.0	202.0	194.0	194.0	252.0	0.0	0.0	0.0	0.0	0.0	0.0	0.0	0.0	0.0	0.0	0.0	0.0	0.0	0.0	0.0	0.0	0.0	0.0	232.0	204.0	203.0	176.0	217.0	208.0	205.0	192.0	184.0	251.0	31.0	0.0	0.0	0.0	0.0	0.0	0.0	0.0	0.0	0.0	0.0	0.0	0.0	0.0	0.0	0.0	0.0	8.0	253.0	202.0	199.0	180.0	205.0	196.0	190.0	202.0	192.0	233.0	57.0	0.0	0.0	0.0	0.0	0.0	0.0	0.0	0.0	0.0	0.0	0.0	0.0	0.0	0.0	0.0	0.0	26.0	250.0	185.0	197.0	180.0	199.0	196.0	182.0	203.0	187.0	209.0	72.0	0.0	0.0	0.0	0.0	0.0	0.0	0.0	0.0	0.0	0.0	0.0	0.0	0.0	0.0	0.0	0.0	43.0	241.0	190.0	197.0	184.0	199.0	198.0	181.0	204.0	179.0	198.0	92.0	0.0	0.0	0.0	0.0	0.0	0.0	0.0	0.0	0.0	0.0	0.0	0.0	0.0	0.0	0.0	0.0	44.0	241.0	197.0	193.0	184.0	206.0	210.0	187.0	206.0	176.0	202.0	98.0	0.0	0.0	0.0	0.0	0.0	0.0	0.0	0.0	0.0	0.0	0.0	0.0	0.0	0.0	0.0	0.0	50.0	239.0	194.0	181.0	188.0	190.0	151.0	204.0	192.0	175.0	200.0	95.0	0.0	0.0	0.0	0.0	0.0	0.0	0.0	0.0	0.0	0.0	0.0	0.0	0.0	0.0	0.0	0.0	62.0	233.0	194.0	178.0	193.0	186.0	153.0	215.0	188.0	170.0	197.0	98.0	0.0	0.0	0.0	0.0	0.0	0.0	0.0	0.0	0.0	0.0	0.0	0.0	0.0	0.0	0.0	0.0	70.0	228.0	192.0	175.0	196.0	173.0	127.0	215.0	194.0	170.0	194.0	107.0	0.0	0.0	0.0	0.0	0.0	0.0	0.0	0.0	0.0	0.0	0.0	0.0	0.0	0.0	0.0	0.0	76.0	228.0	192.0	170.0	197.0	167.0	111.0	205.0	194.0	170.0	194.0	114.0	0.0	0.0	0.0	0.0	0.0	0.0	0.0	0.0	0.0	0.0	0.0	0.0	0.0	0.0	0.0	0.0	79.0	235.0	192.0	169.0	203.0	162.0	104.0	210.0	196.0	167.0	199.0	121.0	0.0	0.0	0.0	0.0	0.0	0.0	0.0	0.0	0.0	0.0	0.0	0.0	0.0	0.0	0.0	0.0	82.0	238.0	193.0	167.0	211.0	145.0	80.0	216.0	192.0	168.0	199.0	126.0	0.0	0.0	0.0	0.0	0.0	0.0	0.0	0.0	0.0	0.0	0.0	0.0	0.0	0.0	0.0	0.0	82.0	233.0	192.0	165.0	223.0	119.0	43.0	221.0	190.0	179.0	199.0	129.0	0.0	0.0	0.0	0.0	0.0	0.0	0.0	0.0	0.0	0.0	0.0	0.0	0.0	0.0	0.0	0.0	89.0	232.0	187.0	159.0	227.0	93.0	22.0	233.0	185.0	176.0	194.0	134.0	0.0	0.0	0.0	0.0	0.0	0.0	0.0	0.0	0.0	0.0	0.0	0.0	0.0	0.0	0.0	0.0	96.0	233.0	188.0	162.0	242.0	80.0	0.0	238.0	186.0	175.0	198.0	144.0	0.0	0.0	0.0	0.0	0.0	0.0	0.0	0.0	0.0	0.0	0.0	0.0	0.0	0.0	0.0	0.0	97.0	238.0	193.0	162.0	254.0	48.0	0.0	224.0	194.0	176.0	200.0	147.0	0.0	0.0	0.0	0.0	0.0	0.0	0.0	0.0	0.0	0.0	0.0	0.0	0.0	0.0	0.0	0.0	97.0	241.0	196.0	169.0	250.0	14.0	0.0	206.0	205.0	178.0	200.0	147.0	0.0	0.0	0.0	0.0	0.0	0.0	0.0	0.0	0.0	0.0	0.0	0.0	0.0	0.0	0.0	0.0	91.0	244.0	190.0	182.0	246.0	3.0	0.0	190.0	202.0	181.0	204.0	145.0	0.0	0.0	0.0	0.0	0.0	0.0	0.0	0.0	0.0	0.0	0.0	0.0	0.0	0.0	0.0	0.0	82.0	246.0	200.0	188.0	233.0	0.0	0.0	165.0	204.0	192.0	206.0	140.0	0.0	0.0	0.0	0.0	0.0	0.0	0.0	0.0	0.0	0.0	0.0	0.0	0.0	0.0	0.0	0.0	82.0	212.0	204.0	198.0	199.0	0.0	0.0	138.0	208.0	191.0	202.0	132.0	0.0	0.0	0.0	0.0	0.0	0.0	0.0	0.0	0.0	0.0	0.0	0.0	0.0	0.0	0.0	0.0	115.0	232.0	214.0	220.0	163.0	0.0	0.0	109.0	211.0	199.0	215.0	164.0	0.0	0.0	0.0	0.0	0.0	0.0	0.0	0.0	0.0	0.0	0.0	0.0	0.0	0.0	0.0	0.0	76.0	199.0	175.0	209.0	116.0	0.0	0.0	63.0	194.0	179.0	202.0	95.0	0.0	0.0	0.0	0.0	0.0	0.0	0.0	0.0	0.0	0.0	0.0	0.0	0.0	0.0	0.0	0.0	0.0	0.0	0.0	0.0	0.0	0.0	0.0	0.0	3.0	0.0	0.0	0.0	0.0	0.0	0.0	0.0	0.0	0.0	0.0	0.0	0.0	0.0	0.0	0.0	0.0	0.0	0.0	0.0	6.0	0.0	0.0	0.0	0.0	8.0	4.0	0.0	0.0	0.0	3.0	7.0	0.0	0.0	0.0	0.0	0.0	0.0	0.0	0.0
0.0	0.0	0.0	0.0	0.0	0.0	0.0	1.0	1.0	1.0	0.0	0.0	27.0	103.0	120.0	125.0	59.0	0.0	0.0	1.0	0.0	1.0	0.0	0.0	0.0	0.0	0.0	0.0	0.0	0.0	0.0	0.0	0.0	0.0	0.0	1.0	1.0	0.0	0.0	75.0	178.0	160.0	139.0	140.0	166.0	98.0	0.0	0.0	0.0	1.0	1.0	0.0	0.0	0.0	0.0	0.0	0.0	0.0	0.0	0.0	0.0	0.0	0.0	0.0	2.0	0.0	81.0	175.0	183.0	157.0	150.0	131.0	131.0	164.0	47.0	0.0	2.0	0.0	0.0	0.0	0.0	0.0	0.0	0.0	0.0	0.0	0.0	0.0	0.0	0.0	0.0	1.0	0.0	0.0	156.0	194.0	219.0	149.0	157.0	194.0	167.0	193.0	156.0	6.0	0.0	2.0	0.0	0.0	0.0	0.0	0.0	0.0	0.0	0.0	0.0	0.0	0.0	0.0	0.0	0.0	0.0	0.0	117.0	152.0	111.0	109.0	101.0	93.0	99.0	116.0	160.0	21.0	0.0	4.0	0.0	0.0	0.0	0.0	0.0	0.0	0.0	0.0	0.0	0.0	0.0	0.0	0.0	0.0	0.0	0.0	158.0	176.0	116.0	159.0	119.0	126.0	136.0	144.0	147.0	35.0	0.0	6.0	1.0	0.0	0.0	0.0	0.0	0.0	0.0	0.0	0.0	0.0	0.0	1.0	2.0	0.0	0.0	99.0	130.0	115.0	117.0	133.0	132.0	136.0	201.0	159.0	156.0	115.0	0.0	0.0	2.0	0.0	0.0	0.0	0.0	0.0	0.0	0.0	0.0	0.0	0.0	0.0	4.0	0.0	66.0	149.0	140.0	126.0	124.0	120.0	135.0	118.0	124.0	106.0	133.0	143.0	145.0	0.0	0.0	1.0	0.0	0.0	0.0	0.0	0.0	0.0	0.0	0.0	0.0	0.0	1.0	0.0	123.0	133.0	127.0	153.0	109.0	148.0	104.0	116.0	119.0	86.0	139.0	118.0	132.0	18.0	0.0	3.0	0.0	0.0	0.0	0.0	0.0	0.0	0.0	0.0	0.0	1.0	0.0	0.0	138.0	152.0	152.0	140.0	86.0	139.0	114.0	115.0	139.0	136.0	137.0	132.0	138.0	66.0	0.0	5.0	0.0	0.0	0.0	0.0	0.0	0.0	0.0	0.0	0.0	3.0	0.0	21.0	148.0	120.0	147.0	108.0	139.0	138.0	139.0	94.0	144.0	120.0	123.0	167.0	143.0	111.0	0.0	4.0	0.0	0.0	0.0	0.0	0.0	0.0	0.0	0.0	0.0	4.0	0.0	99.0	127.0	81.0	116.0	115.0	97.0	119.0	131.0	112.0	134.0	112.0	125.0	178.0	129.0	135.0	0.0	0.0	0.0	0.0	0.0	0.0	0.0	0.0	0.0	0.0	0.0	3.0	0.0	120.0	128.0	145.0	143.0	112.0	113.0	143.0	130.0	156.0	140.0	111.0	143.0	163.0	118.0	140.0	7.0	0.0	0.0	0.0	0.0	0.0	0.0	0.0	0.0	0.0	0.0	0.0	0.0	164.0	114.0	121.0	159.0	137.0	109.0	142.0	83.0	118.0	118.0	82.0	139.0	171.0	115.0	139.0	43.0	0.0	0.0	0.0	0.0	0.0	0.0	0.0	0.0	0.0	0.0	0.0	17.0	152.0	137.0	181.0	135.0	111.0	143.0	144.0	93.0	95.0	116.0	115.0	151.0	173.0	155.0	153.0	97.0	0.0	0.0	0.0	0.0	0.0	0.0	0.0	0.0	0.0	0.0	0.0	23.0	166.0	82.0	159.0	141.0	83.0	95.0	118.0	129.0	137.0	156.0	126.0	160.0	172.0	113.0	132.0	121.0	0.0	0.0	0.0	0.0	0.0	0.0	0.0	0.0	0.0	0.0	0.0	106.0	154.0	88.0	170.0	213.0	214.0	226.0	255.0	133.0	224.0	215.0	208.0	223.0	155.0	126.0	159.0	128.0	0.0	0.0	0.0	0.0	0.0	0.0	0.0	0.0	0.0	0.0	0.0	116.0	142.0	132.0	145.0	219.0	218.0	216.0	247.0	117.0	219.0	224.0	218.0	224.0	191.0	132.0	114.0	151.0	0.0	0.0	0.0	0.0	0.0	0.0	0.0	0.0	0.0	0.0	0.0	126.0	148.0	150.0	189.0	216.0	217.0	216.0	243.0	118.0	220.0	225.0	217.0	224.0	211.0	103.0	117.0	163.0	0.0	0.0	0.0	0.0	0.0	0.0	0.0	0.0	0.0	0.0	0.0	152.0	94.0	89.0	195.0	220.0	217.0	214.0	243.0	119.0	221.0	227.0	219.0	220.0	216.0	122.0	172.0	184.0	11.0	0.0	0.0	0.0	0.0	0.0	0.0	0.0	0.0	0.0	15.0	164.0	95.0	123.0	214.0	220.0	217.0	214.0	243.0	120.0	222.0	227.0	220.0	216.0	229.0	131.0	105.0	175.0	23.0	0.0	0.0	0.0	0.0	0.0	0.0	0.0	0.0	0.0	36.0	137.0	133.0	138.0	189.0	229.0	215.0	215.0	242.0	119.0	220.0	225.0	219.0	227.0	253.0	171.0	110.0	181.0	65.0	0.0	0.0	0.0	0.0	0.0	0.0	0.0	0.0	0.0	55.0	165.0	132.0	101.0	219.0	222.0	218.0	217.0	242.0	122.0	222.0	224.0	235.0	200.0	189.0	157.0	101.0	177.0	66.0	0.0	0.0	0.0	0.0	0.0	0.0	0.0	0.0	0.0	76.0	149.0	155.0	140.0	210.0	221.0	219.0	218.0	244.0	122.0	222.0	220.0	236.0	104.0	28.0	215.0	128.0	177.0	70.0	0.0	0.0	0.0	0.0	0.0	0.0	0.0	0.0	0.0	61.0	120.0	128.0	144.0	222.0	221.0	218.0	216.0	221.0	148.0	207.0	219.0	217.0	217.0	236.0	189.0	91.0	196.0	85.0	0.0	0.0	0.0	0.0	0.0	0.0	0.0	0.0	0.0	70.0	133.0	151.0	166.0	193.0	223.0	234.0	236.0	243.0	165.0	226.0	243.0	238.0	233.0	197.0	175.0	131.0	120.0	74.0	0.0	0.0	0.0	0.0	0.0	0.0	0.0	0.0	0.0	63.0	185.0	167.0	139.0	0.0	0.0	47.0	73.0	92.0	49.0	89.0	91.0	79.0	36.0	0.0	3.0	177.0	203.0	69.0	0.0	0.0	0.0	0.0	0.0	0.0	0.0	0.0	0.0	0.0	175.0	162.0	0.0	0.0	0.0	0.0	0.0	0.0	0.0	0.0	0.0	0.0	0.0	0.0	0.0	149.0	159.0	0.0	0.0	0.0	0.0	0.0
0.0	0.0	0.0	0.0	0.0	0.0	0.0	0.0	0.0	0.0	0.0	0.0	0.0	0.0	0.0	0.0	0.0	0.0	0.0	0.0	0.0	0.0	0.0	0.0	0.0	0.0	0.0	0.0	0.0	0.0	0.0	0.0	0.0	0.0	0.0	0.0	0.0	0.0	0.0	0.0	0.0	0.0	0.0	0.0	0.0	0.0	0.0	0.0	0.0	0.0	0.0	0.0	0.0	0.0	0.0	0.0	0.0	0.0	0.0	0.0	0.0	0.0	0.0	0.0	0.0	0.0	0.0	0.0	0.0	0.0	0.0	0.0	0.0	0.0	0.0	0.0	0.0	0.0	0.0	0.0	0.0	0.0	0.0	0.0	1.0	0.0	0.0	0.0	0.0	0.0	0.0	0.0	0.0	1.0	0.0	1.0	0.0	3.0	1.0	0.0	1.0	0.0	1.0	0.0	1.0	0.0	0.0	0.0	0.0	0.0	0.0	0.0	0.0	0.0	45.0	40.0	52.0	0.0	0.0	0.0	0.0	0.0	0.0	0.0	0.0	0.0	0.0	0.0	0.0	0.0	0.0	0.0	0.0	0.0	0.0	0.0	0.0	0.0	0.0	0.0	10.0	96.0	174.0	128.0	126.0	114.0	84.0	100.0	114.0	77.0	98.0	77.0	77.0	93.0	86.0	84.0	87.0	107.0	91.0	94.0	87.0	87.0	86.0	91.0	96.0	103.0	123.0	26.0	87.0	144.0	42.0	103.0	175.0	167.0	66.0	117.0	112.0	133.0	114.0	121.0	140.0	131.0	110.0	149.0	131.0	110.0	137.0	128.0	112.0	105.0	167.0	186.0	138.0	98.0	135.0	63.0	61.0	140.0	94.0	156.0	160.0	145.0	128.0	65.0	91.0	205.0	133.0	165.0	163.0	75.0	98.0	160.0	168.0	140.0	181.0	124.0	93.0	131.0	184.0	181.0	124.0	119.0	196.0	38.0	100.0	168.0	170.0	126.0	161.0	177.0	191.0	63.0	116.0	170.0	153.0	154.0	123.0	75.0	91.0	131.0	172.0	168.0	191.0	124.0	70.0	170.0	161.0	117.0	153.0	205.0	219.0	47.0	82.0	189.0	165.0	161.0	163.0	198.0	175.0	98.0	196.0	144.0	172.0	126.0	189.0	156.0	112.0	184.0	126.0	189.0	175.0	174.0	121.0	172.0	193.0	182.0	191.0	189.0	207.0	52.0	93.0	156.0	96.0	168.0	177.0	158.0	144.0	121.0	84.0	149.0	193.0	193.0	133.0	73.0	100.0	110.0	156.0	230.0	142.0	70.0	102.0	126.0	182.0	200.0	200.0	158.0	149.0	29.0	116.0	138.0	144.0	182.0	177.0	172.0	181.0	191.0	54.0	145.0	232.0	91.0	82.0	165.0	193.0	96.0	93.0	221.0	103.0	79.0	186.0	202.0	165.0	189.0	216.0	167.0	116.0	42.0	65.0	145.0	109.0	119.0	182.0	198.0	87.0	110.0	172.0	165.0	93.0	68.0	179.0	198.0	193.0	153.0	75.0	112.0	167.0	191.0	144.0	105.0	181.0	219.0	175.0	172.0	163.0	59.0	54.0	218.0	175.0	86.0	138.0	156.0	58.0	177.0	191.0	221.0	110.0	58.0	86.0	168.0	170.0	103.0	109.0	119.0	184.0	189.0	163.0	56.0	123.0	198.0	102.0	198.0	207.0	61.0	93.0	168.0	165.0	128.0	77.0	82.0	117.0	131.0	117.0	158.0	80.0	149.0	188.0	112.0	123.0	163.0	158.0	110.0	175.0	163.0	153.0	131.0	93.0	86.0	124.0	202.0	205.0	89.0	56.0	177.0	153.0	89.0	170.0	128.0	87.0	211.0	154.0	182.0	154.0	175.0	218.0	124.0	116.0	253.0	175.0	133.0	204.0	191.0	216.0	138.0	100.0	174.0	119.0	151.0	230.0	51.0	61.0	116.0	123.0	154.0	221.0	144.0	79.0	177.0	193.0	193.0	153.0	109.0	188.0	145.0	138.0	209.0	121.0	130.0	212.0	211.0	219.0	109.0	137.0	255.0	195.0	114.0	153.0	72.0	86.0	102.0	114.0	138.0	177.0	130.0	172.0	200.0	181.0	172.0	212.0	149.0	133.0	96.0	105.0	100.0	151.0	170.0	163.0	184.0	216.0	175.0	102.0	204.0	211.0	116.0	124.0	73.0	72.0	114.0	138.0	86.0	112.0	147.0	147.0	140.0	172.0	165.0	147.0	153.0	94.0	112.0	94.0	117.0	156.0	151.0	182.0	165.0	161.0	177.0	161.0	165.0	91.0	130.0	149.0	49.0	70.0	121.0	195.0	175.0	177.0	193.0	112.0	80.0	198.0	154.0	102.0	109.0	195.0	189.0	170.0	181.0	110.0	58.0	177.0	209.0	107.0	61.0	181.0	207.0	179.0	207.0	170.0	63.0	47.0	112.0	154.0	161.0	177.0	119.0	49.0	98.0	142.0	107.0	112.0	119.0	163.0	186.0	181.0	188.0	131.0	102.0	133.0	158.0	131.0	94.0	147.0	184.0	193.0	205.0	158.0	43.0	86.0	200.0	174.0	161.0	156.0	209.0	154.0	109.0	175.0	170.0	100.0	161.0	182.0	174.0	174.0	198.0	167.0	112.0	177.0	165.0	112.0	142.0	193.0	179.0	195.0	202.0	195.0	100.0	73.0	130.0	138.0	182.0	175.0	154.0	147.0	119.0	188.0	184.0	151.0	145.0	172.0	172.0	160.0	131.0	135.0	137.0	177.0	188.0	144.0	147.0	163.0	181.0	188.0	163.0	131.0	61.0	87.0	109.0	114.0	205.0	156.0	100.0	80.0	140.0	174.0	184.0	168.0	87.0	138.0	168.0	158.0	105.0	91.0	121.0	170.0	182.0	128.0	140.0	124.0	109.0	181.0	96.0	102.0	93.0	45.0	98.0	94.0	121.0	124.0	142.0	117.0	116.0	94.0	170.0	147.0	110.0	124.0	123.0	105.0	110.0	100.0	94.0	96.0	119.0	116.0	112.0	140.0	102.0	140.0	123.0	156.0	70.0	0.0	0.0	0.0	0.0	0.0	0.0	0.0	0.0	0.0	0.0	0.0	0.0	0.0	0.0	0.0	0.0	0.0	0.0	0.0	0.0	0.0	0.0	0.0	0.0	0.0	0.0	0.0	0.0	0.0	0.0	0.0	0.0	0.0	0.0	0.0	0.0	0.0	0.0	0.0	0.0	0.0	0.0	0.0	0.0	0.0	0.0	0.0	0.0	0.0	0.0	0.0	0.0	0.0	0.0	0.0	0.0	0.0	0.0	0.0	0.0	0.0	0.0	0.0	0.0	0.0	0.0	0.0	0.0	0.0	0.0	0.0	0.0	0.0	0.0	0.0	0.0	0.0	0.0	0.0	0.0	0.0	0.0	0.0	0.0
0.0	0.0	0.0	0.0	0.0	0.0	0.0	0.0	0.0	0.0	90.0	156.0	177.0	182.0	196.0	176.0	117.0	0.0	0.0	0.0	0.0	0.0	0.0	0.0	0.0	0.0	0.0	0.0	0.0	0.0	0.0	0.0	0.0	0.0	2.0	0.0	0.0	239.0	253.0	239.0	214.0	226.0	214.0	231.0	245.0	248.0	0.0	0.0	1.0	0.0	0.0	0.0	0.0	0.0	0.0	0.0	0.0	0.0	0.0	0.0	0.0	0.0	0.0	0.0	36.0	241.0	203.0	219.0	192.0	190.0	193.0	207.0	200.0	232.0	135.0	0.0	0.0	2.0	0.0	0.0	0.0	0.0	0.0	0.0	0.0	0.0	0.0	0.0	1.0	0.0	0.0	33.0	167.0	227.0	229.0	234.0	228.0	234.0	244.0	215.0	211.0	214.0	208.0	120.0	0.0	0.0	2.0	0.0	0.0	0.0	0.0	0.0	0.0	0.0	0.0	0.0	0.0	0.0	157.0	227.0	207.0	207.0	229.0	229.0	232.0	207.0	241.0	227.0	235.0	224.0	203.0	221.0	176.0	0.0	0.0	2.0	0.0	0.0	0.0	0.0	0.0	0.0	0.0	0.0	0.0	65.0	218.0	189.0	192.0	187.0	196.0	189.0	188.0	202.0	181.0	195.0	222.0	219.0	190.0	180.0	217.0	125.0	0.0	0.0	0.0	0.0	0.0	0.0	0.0	0.0	0.0	0.0	0.0	158.0	213.0	196.0	196.0	191.0	188.0	186.0	179.0	192.0	177.0	192.0	126.0	155.0	193.0	189.0	200.0	166.0	0.0	0.0	0.0	0.0	0.0	0.0	0.0	0.0	0.0	0.0	0.0	163.0	217.0	211.0	176.0	188.0	188.0	186.0	183.0	196.0	180.0	191.0	165.0	170.0	216.0	204.0	200.0	195.0	0.0	0.0	0.0	0.0	0.0	0.0	0.0	0.0	0.0	0.0	0.0	183.0	215.0	234.0	185.0	182.0	186.0	183.0	184.0	198.0	181.0	185.0	195.0	188.0	203.0	245.0	207.0	209.0	37.0	0.0	0.0	0.0	0.0	0.0	0.0	0.0	0.0	0.0	0.0	196.0	215.0	240.0	209.0	188.0	183.0	186.0	186.0	190.0	186.0	188.0	188.0	183.0	212.0	253.0	205.0	217.0	64.0	0.0	0.0	0.0	0.0	0.0	0.0	0.0	0.0	0.0	0.0	235.0	213.0	246.0	209.0	190.0	190.0	195.0	194.0	192.0	192.0	192.0	196.0	189.0	209.0	252.0	206.0	217.0	109.0	0.0	0.0	0.0	0.0	0.0	0.0	0.0	0.0	0.0	18.0	246.0	209.0	253.0	212.0	201.0	209.0	195.0	202.0	204.0	203.0	206.0	207.0	201.0	214.0	251.0	205.0	216.0	160.0	0.0	0.0	0.0	0.0	0.0	0.0	0.0	0.0	0.0	48.0	249.0	208.0	253.0	217.0	196.0	197.0	191.0	195.0	193.0	194.0	196.0	196.0	194.0	214.0	247.0	206.0	216.0	189.0	0.0	0.0	0.0	0.0	0.0	0.0	0.0	0.0	0.0	71.0	244.0	206.0	255.0	216.0	195.0	196.0	194.0	197.0	196.0	196.0	195.0	203.0	197.0	197.0	238.0	216.0	215.0	184.0	0.0	0.0	0.0	0.0	0.0	0.0	0.0	0.0	0.0	91.0	248.0	206.0	255.0	211.0	194.0	197.0	193.0	196.0	195.0	195.0	195.0	199.0	201.0	191.0	247.0	217.0	214.0	198.0	0.0	0.0	0.0	0.0	0.0	0.0	0.0	0.0	0.0	109.0	224.0	206.0	237.0	187.0	195.0	198.0	193.0	197.0	195.0	194.0	194.0	197.0	203.0	197.0	193.0	211.0	217.0	215.0	0.0	0.0	0.0	0.0	0.0	0.0	0.0	0.0	0.0	118.0	230.0	205.0	222.0	166.0	204.0	195.0	195.0	198.0	196.0	193.0	192.0	196.0	200.0	206.0	161.0	207.0	219.0	220.0	0.0	0.0	0.0	0.0	0.0	0.0	0.0	0.0	0.0	110.0	234.0	210.0	183.0	147.0	217.0	189.0	193.0	197.0	197.0	194.0	191.0	194.0	198.0	212.0	136.0	213.0	221.0	220.0	5.0	0.0	0.0	0.0	0.0	0.0	0.0	0.0	0.0	109.0	239.0	209.0	167.0	146.0	219.0	186.0	192.0	196.0	198.0	194.0	191.0	192.0	195.0	223.0	117.0	206.0	227.0	219.0	31.0	0.0	0.0	0.0	0.0	0.0	0.0	0.0	0.0	105.0	241.0	212.0	142.0	146.0	218.0	182.0	191.0	193.0	196.0	196.0	192.0	190.0	190.0	232.0	100.0	166.0	238.0	218.0	48.0	0.0	0.0	0.0	0.0	0.0	0.0	0.0	0.0	99.0	240.0	219.0	115.0	152.0	212.0	180.0	190.0	191.0	192.0	198.0	195.0	187.0	185.0	235.0	99.0	133.0	244.0	216.0	63.0	0.0	0.0	0.0	0.0	0.0	0.0	0.0	0.0	95.0	238.0	225.0	86.0	163.0	203.0	181.0	188.0	190.0	191.0	195.0	195.0	189.0	181.0	226.0	112.0	133.0	245.0	216.0	83.0	0.0	0.0	0.0	0.0	0.0	0.0	0.0	0.0	102.0	238.0	228.0	79.0	165.0	198.0	182.0	186.0	189.0	192.0	192.0	191.0	191.0	182.0	217.0	113.0	131.0	250.0	209.0	95.0	0.0	0.0	0.0	0.0	0.0	0.0	0.0	0.0	113.0	234.0	239.0	103.0	155.0	199.0	182.0	187.0	191.0	192.0	191.0	190.0	191.0	183.0	212.0	130.0	128.0	243.0	203.0	103.0	0.0	0.0	0.0	0.0	0.0	0.0	0.0	0.0	114.0	220.0	251.0	106.0	144.0	187.0	180.0	184.0	187.0	188.0	187.0	186.0	185.0	183.0	190.0	144.0	103.0	236.0	202.0	110.0	0.0	0.0	0.0	0.0	0.0	0.0	0.0	0.0	114.0	208.0	252.0	71.0	176.0	202.0	195.0	198.0	202.0	202.0	201.0	201.0	201.0	197.0	202.0	178.0	81.0	233.0	205.0	116.0	0.0	0.0	0.0	0.0	0.0	0.0	0.0	0.0	109.0	238.0	255.0	38.0	105.0	166.0	156.0	159.0	161.0	162.0	159.0	156.0	156.0	155.0	170.0	112.0	44.0	241.0	224.0	136.0	0.0	0.0	0.0	0.0	0.0	0.0	0.0	0.0	33.0	177.0	179.0	16.0	0.0	0.0	0.0	0.0	0.0	0.0	0.0	0.0	0.0	0.0	0.0	0.0	0.0	163.0	165.0	53.0	0.0	0.0	0.0	0.0
0.0	0.0	0.0	0.0	0.0	0.0	0.0	0.0	0.0	0.0	0.0	14.0	0.0	0.0	0.0	0.0	51.0	0.0	0.0	0.0	0.0	0.0	0.0	0.0	0.0	0.0	0.0	0.0	0.0	0.0	0.0	0.0	0.0	0.0	0.0	0.0	0.0	139.0	214.0	218.0	220.0	164.0	206.0	243.0	233.0	205.0	93.0	0.0	0.0	0.0	0.0	0.0	0.0	0.0	0.0	0.0	0.0	0.0	0.0	0.0	0.0	0.0	0.0	0.0	130.0	253.0	225.0	226.0	233.0	229.0	232.0	230.0	219.0	227.0	249.0	63.0	0.0	0.0	0.0	0.0	0.0	0.0	0.0	0.0	0.0	0.0	0.0	0.0	0.0	0.0	0.0	0.0	203.0	237.0	221.0	222.0	221.0	222.0	219.0	220.0	224.0	218.0	233.0	191.0	0.0	0.0	0.0	0.0	0.0	0.0	0.0	0.0	0.0	0.0	0.0	0.0	0.0	0.0	0.0	0.0	232.0	237.0	224.0	225.0	224.0	224.0	222.0	221.0	225.0	218.0	224.0	253.0	0.0	0.0	0.0	0.0	0.0	0.0	0.0	0.0	0.0	0.0	0.0	0.0	0.0	0.0	0.0	0.0	255.0	232.0	223.0	225.0	222.0	221.0	219.0	216.0	219.0	212.0	223.0	255.0	30.0	0.0	0.0	0.0	0.0	0.0	0.0	0.0	0.0	0.0	0.0	0.0	0.0	0.0	0.0	5.0	255.0	230.0	224.0	221.0	223.0	218.0	219.0	217.0	221.0	214.0	229.0	255.0	89.0	0.0	0.0	0.0	0.0	0.0	0.0	0.0	0.0	0.0	0.0	0.0	0.0	0.0	0.0	32.0	255.0	228.0	221.0	220.0	223.0	221.0	221.0	218.0	217.0	221.0	232.0	255.0	113.0	0.0	0.0	0.0	0.0	0.0	0.0	0.0	0.0	0.0	0.0	0.0	0.0	0.0	0.0	78.0	255.0	227.0	218.0	220.0	221.0	226.0	225.0	219.0	215.0	232.0	168.0	255.0	148.0	0.0	0.0	0.0	0.0	0.0	0.0	0.0	0.0	0.0	0.0	0.0	0.0	0.0	0.0	115.0	255.0	237.0	221.0	221.0	218.0	228.0	227.0	219.0	216.0	241.0	107.0	255.0	152.0	0.0	0.0	0.0	0.0	0.0	0.0	0.0	0.0	0.0	0.0	0.0	0.0	0.0	0.0	144.0	255.0	218.0	223.0	220.0	215.0	223.0	222.0	215.0	216.0	240.0	119.0	255.0	154.0	0.0	0.0	0.0	0.0	0.0	0.0	0.0	0.0	0.0	0.0	0.0	0.0	0.0	0.0	167.0	255.0	102.0	224.0	223.0	215.0	219.0	220.0	213.0	213.0	234.0	131.0	255.0	165.0	0.0	0.0	0.0	0.0	0.0	0.0	0.0	0.0	0.0	0.0	0.0	0.0	0.0	0.0	170.0	255.0	34.0	221.0	229.0	215.0	217.0	217.0	214.0	216.0	238.0	102.0	254.0	175.0	0.0	0.0	0.0	0.0	0.0	0.0	0.0	0.0	0.0	0.0	0.0	0.0	0.0	0.0	172.0	255.0	27.0	235.0	225.0	215.0	214.0	215.0	215.0	213.0	246.0	104.0	253.0	181.0	0.0	0.0	0.0	0.0	0.0	0.0	0.0	0.0	0.0	0.0	0.0	0.0	0.0	0.0	173.0	255.0	18.0	249.0	217.0	215.0	215.0	215.0	216.0	210.0	241.0	95.0	247.0	183.0	0.0	0.0	0.0	0.0	0.0	0.0	0.0	0.0	0.0	0.0	0.0	0.0	0.0	0.0	172.0	255.0	19.0	252.0	214.0	216.0	215.0	214.0	215.0	211.0	245.0	106.0	244.0	176.0	0.0	0.0	0.0	0.0	0.0	0.0	0.0	0.0	0.0	0.0	0.0	0.0	0.0	0.0	164.0	254.0	27.0	253.0	212.0	217.0	216.0	214.0	215.0	214.0	243.0	110.0	243.0	145.0	0.0	0.0	0.0	0.0	0.0	0.0	0.0	0.0	0.0	0.0	0.0	0.0	0.0	0.0	169.0	255.0	42.0	253.0	211.0	215.0	218.0	218.0	215.0	215.0	233.0	149.0	255.0	141.0	0.0	0.0	0.0	0.0	0.0	0.0	0.0	0.0	0.0	0.0	0.0	0.0	0.0	0.0	103.0	131.0	49.0	253.0	212.0	216.0	222.0	219.0	217.0	214.0	249.0	128.0	122.0	78.0	0.0	0.0	0.0	0.0	0.0	0.0	0.0	0.0	0.0	0.0	0.0	0.0	0.0	0.0	0.0	0.0	58.0	254.0	218.0	217.0	225.0	218.0	219.0	212.0	253.0	110.0	0.0	0.0	0.0	0.0	0.0	0.0	0.0	0.0	0.0	0.0	0.0	0.0	0.0	0.0	0.0	0.0	4.0	0.0	64.0	237.0	219.0	220.0	229.0	217.0	222.0	217.0	235.0	129.0	0.0	3.0	0.0	0.0	0.0	0.0	0.0	0.0	0.0	0.0	0.0	0.0	0.0	0.0	0.0	0.0	3.0	0.0	54.0	239.0	221.0	222.0	231.0	215.0	225.0	217.0	237.0	125.0	0.0	2.0	0.0	0.0	0.0	0.0	0.0	0.0	0.0	0.0	0.0	0.0	0.0	0.0	0.0	0.0	3.0	0.0	50.0	241.0	220.0	224.0	233.0	212.0	227.0	217.0	241.0	120.0	0.0	2.0	0.0	0.0	0.0	0.0	0.0	0.0	0.0	0.0	0.0	0.0	0.0	0.0	0.0	0.0	3.0	0.0	41.0	242.0	222.0	226.0	236.0	213.0	228.0	220.0	243.0	113.0	0.0	2.0	0.0	0.0	0.0	0.0	0.0	0.0	0.0	0.0	0.0	0.0	0.0	0.0	0.0	0.0	3.0	0.0	33.0	242.0	224.0	228.0	239.0	216.0	230.0	221.0	245.0	97.0	0.0	2.0	0.0	0.0	0.0	0.0	0.0	0.0	0.0	0.0	0.0	0.0	0.0	0.0	0.0	0.0	3.0	0.0	13.0	237.0	224.0	226.0	235.0	208.0	226.0	218.0	246.0	65.0	0.0	3.0	0.0	0.0	0.0	0.0	0.0	0.0	0.0	0.0	0.0	0.0	0.0	0.0	0.0	0.0	1.0	0.0	0.0	217.0	244.0	245.0	255.0	253.0	241.0	236.0	248.0	22.0	0.0	1.0	0.0	0.0	0.0	0.0	0.0	0.0	0.0	0.0	0.0	0.0	0.0	0.0	0.0	0.0	0.0	0.0	0.0	115.0	181.0	103.0	54.0	141.0	146.0	134.0	101.0	0.0	0.0	1.0	0.0	0.0	0.0	0.0	0.0	0.0	0.0
0.0	0.0	0.0	0.0	0.0	0.0	0.0	0.0	58.0	121.0	218.0	110.0	58.0	42.0	54.0	85.0	176.0	228.0	121.0	33.0	0.0	0.0	0.0	0.0	0.0	0.0	0.0	0.0	0.0	0.0	0.0	0.0	0.0	18.0	66.0	129.0	148.0	121.0	149.0	254.0	255.0	255.0	255.0	255.0	187.0	87.0	126.0	142.0	113.0	46.0	0.0	0.0	0.0	0.0	0.0	0.0	0.0	0.0	4.0	0.0	82.0	239.0	207.0	180.0	162.0	159.0	143.0	154.0	180.0	176.0	176.0	145.0	127.0	155.0	154.0	165.0	191.0	219.0	183.0	41.0	0.0	0.0	0.0	0.0	0.0	0.0	0.0	0.0	119.0	138.0	63.0	69.0	75.0	76.0	75.0	65.0	63.0	63.0	62.0	66.0	77.0	77.0	78.0	71.0	49.0	88.0	167.0	94.0	0.0	0.0	0.0	0.0	0.0	0.0	0.0	62.0	240.0	145.0	172.0	178.0	186.0	186.0	184.0	185.0	183.0	183.0	184.0	186.0	186.0	182.0	193.0	193.0	197.0	145.0	121.0	174.0	0.0	0.0	0.0	0.0	0.0	0.0	0.0	30.0	143.0	147.0	185.0	142.0	112.0	104.0	104.0	101.0	99.0	98.0	96.0	94.0	98.0	98.0	95.0	112.0	143.0	196.0	206.0	173.0	0.0	0.0	0.0	0.0	0.0	0.0	0.0	101.0	180.0	99.0	104.0	121.0	153.0	148.0	146.0	147.0	147.0	145.0	147.0	145.0	136.0	139.0	153.0	153.0	118.0	87.0	58.0	148.0	38.0	0.0	0.0	0.0	0.0	0.0	0.0	133.0	198.0	206.0	201.0	149.0	95.0	93.0	92.0	91.0	88.0	88.0	88.0	92.0	99.0	100.0	90.0	102.0	186.0	217.0	183.0	250.0	66.0	0.0	0.0	0.0	0.0	0.0	0.0	114.0	142.0	152.0	144.0	117.0	167.0	177.0	177.0	178.0	181.0	181.0	185.0	187.0	179.0	183.0	187.0	152.0	96.0	184.0	159.0	160.0	73.0	0.0	0.0	0.0	0.0	0.0	0.0	190.0	167.0	179.0	181.0	227.0	162.0	140.0	132.0	126.0	119.0	117.0	114.0	113.0	113.0	122.0	133.0	194.0	191.0	199.0	135.0	142.0	122.0	0.0	0.0	0.0	0.0	0.0	0.0	150.0	155.0	255.0	90.0	77.0	148.0	128.0	142.0	145.0	148.0	156.0	163.0	170.0	173.0	168.0	143.0	180.0	0.0	212.0	213.0	188.0	174.0	0.0	0.0	0.0	0.0	0.0	9.0	163.0	140.0	252.0	13.0	57.0	253.0	213.0	206.0	182.0	169.0	156.0	150.0	153.0	160.0	179.0	157.0	208.0	0.0	105.0	169.0	100.0	111.0	0.0	0.0	0.0	0.0	0.0	54.0	246.0	196.0	255.0	0.0	5.0	127.0	78.0	90.0	88.0	91.0	105.0	117.0	122.0	124.0	119.0	123.0	159.0	0.0	65.0	236.0	187.0	245.0	19.0	0.0	0.0	0.0	0.0	45.0	151.0	157.0	237.0	0.0	9.0	253.0	214.0	214.0	211.0	211.0	210.0	206.0	205.0	213.0	212.0	223.0	223.0	0.0	17.0	216.0	165.0	179.0	41.0	0.0	0.0	0.0	0.0	106.0	157.0	177.0	230.0	0.0	25.0	209.0	159.0	162.0	151.0	144.0	138.0	137.0	141.0	146.0	144.0	158.0	125.0	0.0	0.0	187.0	155.0	132.0	64.0	0.0	0.0	0.0	0.0	162.0	184.0	229.0	253.0	0.0	39.0	146.0	106.0	113.0	111.0	117.0	127.0	127.0	128.0	133.0	129.0	137.0	152.0	0.0	0.0	245.0	224.0	195.0	168.0	0.0	0.0	0.0	0.0	0.0	36.0	81.0	34.0	0.0	85.0	252.0	212.0	226.0	222.0	210.0	200.0	202.0	203.0	204.0	201.0	205.0	192.0	0.0	0.0	133.0	140.0	90.0	40.0	0.0	0.0	0.0	0.0	0.0	0.0	0.0	0.0	0.0	41.0	101.0	72.0	78.0	79.0	71.0	72.0	75.0	76.0	80.0	78.0	73.0	121.0	0.0	0.0	0.0	0.0	0.0	0.0	0.0	0.0	0.0	0.0	1.0	1.0	3.0	4.0	0.0	106.0	239.0	194.0	204.0	207.0	206.0	213.0	216.0	214.0	214.0	215.0	210.0	242.0	59.0	0.0	0.0	0.0	0.0	0.0	0.0	0.0	0.0	0.0	0.0	0.0	0.0	0.0	0.0	132.0	175.0	161.0	169.0	165.0	156.0	152.0	153.0	153.0	153.0	151.0	141.0	160.0	88.0	0.0	0.0	1.0	0.0	0.0	0.0	0.0	0.0	0.0	0.0	0.0	1.0	0.0	0.0	154.0	124.0	114.0	112.0	110.0	110.0	112.0	112.0	112.0	112.0	116.0	120.0	139.0	171.0	0.0	0.0	2.0	0.0	0.0	0.0	0.0	0.0	0.0	0.0	0.0	1.0	0.0	44.0	228.0	192.0	202.0	205.0	209.0	212.0	213.0	212.0	209.0	207.0	206.0	193.0	184.0	178.0	0.0	0.0	2.0	0.0	0.0	0.0	0.0	0.0	0.0	0.0	0.0	0.0	0.0	58.0	117.0	84.0	88.0	85.0	86.0	85.0	87.0	86.0	82.0	81.0	79.0	82.0	89.0	141.0	37.0	0.0	2.0	0.0	0.0	0.0	0.0	0.0	0.0	0.0	0.0	0.0	0.0	170.0	204.0	212.0	211.0	212.0	213.0	214.0	211.0	213.0	216.0	216.0	216.0	215.0	211.0	200.0	98.0	0.0	2.0	0.0	0.0	0.0	0.0	0.0	0.0	0.0	0.0	0.0	0.0	135.0	154.0	147.0	157.0	158.0	158.0	161.0	160.0	161.0	161.0	160.0	154.0	149.0	137.0	153.0	91.0	0.0	1.0	0.0	0.0	0.0	0.0	0.0	0.0	0.0	1.0	0.0	0.0	152.0	150.0	142.0	124.0	123.0	123.0	120.0	121.0	122.0	121.0	118.0	120.0	126.0	142.0	149.0	126.0	0.0	0.0	3.0	0.0	0.0	0.0	0.0	0.0	0.0	3.0	0.0	4.0	236.0	185.0	226.0	233.0	234.0	233.0	236.0	237.0	238.0	238.0	235.0	233.0	233.0	228.0	190.0	202.0	0.0	0.0	3.0	0.0	0.0	0.0	0.0	0.0	0.0	1.0	0.0	0.0	44.0	19.0	29.0	27.0	26.0	29.0	29.0	28.0	27.0	27.0	27.0	25.0	21.0	23.0	30.0	37.0	0.0	0.0	1.0	0.0	0.0	0.0
0.0	0.0	0.0	1.0	0.0	0.0	0.0	0.0	0.0	70.0	173.0	202.0	169.0	180.0	179.0	182.0	219.0	179.0	61.0	0.0	0.0	0.0	0.0	0.0	0.0	0.0	0.0	0.0	0.0	0.0	0.0	0.0	0.0	0.0	32.0	180.0	237.0	248.0	232.0	234.0	255.0	255.0	255.0	255.0	235.0	234.0	255.0	236.0	191.0	32.0	0.0	0.0	0.0	0.0	0.0	0.0	0.0	0.0	0.0	4.0	0.0	47.0	225.0	220.0	202.0	199.0	193.0	208.0	191.0	205.0	179.0	218.0	211.0	181.0	202.0	212.0	226.0	230.0	59.0	0.0	1.0	0.0	0.0	0.0	0.0	0.0	0.0	0.0	0.0	187.0	234.0	208.0	201.0	206.0	193.0	226.0	237.0	225.0	200.0	232.0	227.0	201.0	218.0	212.0	214.0	229.0	201.0	0.0	0.0	0.0	0.0	0.0	0.0	0.0	0.0	0.0	23.0	229.0	207.0	202.0	195.0	198.0	201.0	192.0	244.0	204.0	209.0	236.0	229.0	176.0	234.0	207.0	204.0	202.0	220.0	29.0	0.0	0.0	0.0	0.0	0.0	0.0	0.0	0.0	131.0	253.0	221.0	207.0	222.0	199.0	190.0	192.0	217.0	231.0	187.0	254.0	217.0	205.0	219.0	209.0	200.0	201.0	232.0	128.0	0.0	0.0	0.0	0.0	0.0	0.0	0.0	0.0	196.0	235.0	214.0	189.0	233.0	255.0	217.0	187.0	198.0	234.0	216.0	255.0	206.0	226.0	208.0	204.0	197.0	220.0	255.0	182.0	0.0	0.0	0.0	0.0	0.0	0.0	0.0	0.0	205.0	226.0	231.0	208.0	193.0	222.0	247.0	224.0	186.0	208.0	255.0	253.0	223.0	187.0	217.0	204.0	198.0	238.0	228.0	218.0	0.0	0.0	0.0	0.0	0.0	0.0	0.0	0.0	227.0	227.0	222.0	206.0	207.0	198.0	204.0	242.0	238.0	192.0	231.0	240.0	232.0	237.0	255.0	251.0	209.0	236.0	209.0	227.0	0.0	0.0	0.0	0.0	0.0	0.0	0.0	0.0	255.0	227.0	229.0	212.0	204.0	199.0	211.0	219.0	238.0	242.0	229.0	226.0	215.0	206.0	209.0	222.0	244.0	230.0	219.0	255.0	0.0	0.0	0.0	0.0	0.0	0.0	0.0	0.0	233.0	234.0	233.0	218.0	201.0	209.0	191.0	216.0	202.0	241.0	212.0	192.0	197.0	209.0	219.0	184.0	230.0	235.0	224.0	250.0	0.0	0.0	0.0	0.0	0.0	0.0	0.0	19.0	236.0	224.0	208.0	213.0	208.0	236.0	241.0	196.0	217.0	231.0	188.0	204.0	210.0	197.0	218.0	188.0	243.0	221.0	220.0	255.0	0.0	0.0	0.0	0.0	0.0	0.0	0.0	49.0	255.0	227.0	232.0	210.0	217.0	195.0	233.0	255.0	248.0	239.0	209.0	198.0	194.0	204.0	227.0	227.0	237.0	214.0	225.0	255.0	15.0	0.0	0.0	0.0	0.0	0.0	0.0	84.0	255.0	224.0	255.0	203.0	217.0	236.0	223.0	255.0	255.0	255.0	255.0	255.0	244.0	216.0	220.0	235.0	241.0	212.0	227.0	255.0	41.0	0.0	0.0	0.0	0.0	0.0	0.0	89.0	254.0	208.0	255.0	203.0	221.0	226.0	208.0	205.0	244.0	239.0	243.0	247.0	218.0	209.0	185.0	211.0	232.0	224.0	223.0	253.0	54.0	0.0	0.0	0.0	0.0	0.0	0.0	100.0	240.0	205.0	255.0	206.0	212.0	214.0	248.0	244.0	211.0	194.0	244.0	205.0	218.0	255.0	209.0	243.0	217.0	237.0	220.0	251.0	65.0	0.0	0.0	0.0	0.0	0.0	0.0	117.0	236.0	197.0	251.0	222.0	204.0	240.0	207.0	222.0	221.0	232.0	231.0	193.0	196.0	235.0	224.0	231.0	236.0	241.0	219.0	242.0	76.0	0.0	0.0	0.0	0.0	0.0	0.0	117.0	234.0	196.0	248.0	208.0	226.0	203.0	223.0	250.0	245.0	245.0	248.0	226.0	204.0	253.0	242.0	245.0	244.0	243.0	216.0	241.0	83.0	0.0	0.0	0.0	0.0	0.0	0.0	113.0	234.0	211.0	249.0	119.0	223.0	195.0	232.0	235.0	224.0	208.0	255.0	244.0	220.0	231.0	209.0	205.0	249.0	246.0	216.0	241.0	84.0	0.0	0.0	0.0	0.0	0.0	0.0	114.0	233.0	218.0	250.0	57.0	235.0	219.0	217.0	214.0	252.0	234.0	209.0	255.0	255.0	246.0	202.0	189.0	255.0	255.0	214.0	242.0	93.0	0.0	0.0	0.0	0.0	0.0	0.0	131.0	228.0	218.0	237.0	41.0	249.0	227.0	197.0	204.0	255.0	233.0	224.0	226.0	216.0	250.0	238.0	192.0	207.0	236.0	215.0	231.0	118.0	0.0	0.0	0.0	0.0	0.0	0.0	136.0	209.0	224.0	189.0	50.0	255.0	210.0	218.0	241.0	217.0	243.0	215.0	190.0	201.0	195.0	201.0	212.0	162.0	192.0	228.0	226.0	149.0	0.0	0.0	0.0	0.0	0.0	0.0	138.0	208.0	243.0	148.0	45.0	255.0	230.0	234.0	201.0	206.0	211.0	244.0	219.0	207.0	209.0	200.0	225.0	151.0	166.0	226.0	215.0	144.0	0.0	0.0	0.0	0.0	0.0	0.0	133.0	206.0	243.0	117.0	0.0	234.0	212.0	210.0	208.0	211.0	208.0	212.0	220.0	208.0	203.0	201.0	220.0	93.0	133.0	228.0	222.0	154.0	0.0	0.0	0.0	0.0	0.0	0.0	135.0	226.0	226.0	91.0	0.0	255.0	209.0	212.0	213.0	212.0	213.0	212.0	212.0	213.0	212.0	208.0	255.0	65.0	125.0	235.0	207.0	128.0	0.0	0.0	0.0	0.0	0.0	0.0	107.0	215.0	224.0	73.0	0.0	42.0	22.0	21.0	21.0	22.0	22.0	22.0	22.0	21.0	21.0	17.0	38.0	0.0	114.0	234.0	205.0	72.0	0.0	0.0	0.0	0.0	0.0	0.0	88.0	225.0	229.0	16.0	0.0	0.0	0.0	0.0	0.0	0.0	0.0	0.0	0.0	0.0	0.0	0.0	0.0	0.0	51.0	248.0	225.0	48.0	0.0	0.0	0.0	0.0	0.0	0.0	38.0	144.0	137.0	0.0	0.0	4.0	2.0	3.0	2.0	2.0	2.0	2.0	2.0	2.0	2.0	2.0	5.0	0.0	14.0	158.0	147.0	0.0	0.0	0.0	0.0
0.0	0.0	0.0	0.0	0.0	0.0	0.0	0.0	0.0	0.0	0.0	0.0	0.0	0.0	0.0	0.0	0.0	0.0	0.0	0.0	2.0	0.0	1.0	0.0	0.0	0.0	0.0	0.0	0.0	0.0	0.0	0.0	0.0	0.0	1.0	0.0	8.0	80.0	149.0	190.0	174.0	194.0	190.0	174.0	184.0	128.0	44.0	0.0	0.0	3.0	0.0	0.0	0.0	0.0	0.0	0.0	0.0	0.0	0.0	0.0	0.0	5.0	0.0	24.0	219.0	227.0	172.0	216.0	214.0	198.0	201.0	217.0	208.0	171.0	206.0	165.0	0.0	0.0	1.0	0.0	0.0	0.0	0.0	0.0	0.0	0.0	0.0	0.0	1.0	0.0	0.0	110.0	183.0	133.0	124.0	224.0	224.0	191.0	219.0	255.0	204.0	139.0	150.0	198.0	27.0	0.0	0.0	0.0	0.0	0.0	0.0	0.0	0.0	0.0	0.0	0.0	0.0	0.0	120.0	137.0	138.0	136.0	104.0	166.0	248.0	230.0	243.0	246.0	106.0	127.0	129.0	133.0	146.0	88.0	0.0	0.0	0.0	0.0	0.0	0.0	0.0	0.0	0.0	0.0	0.0	31.0	141.0	107.0	129.0	143.0	166.0	130.0	224.0	255.0	253.0	199.0	151.0	186.0	129.0	113.0	90.0	150.0	20.0	0.0	0.0	0.0	0.0	0.0	0.0	0.0	0.0	0.0	0.0	83.0	117.0	97.0	90.0	119.0	163.0	114.0	190.0	235.0	225.0	176.0	116.0	175.0	99.0	99.0	101.0	118.0	83.0	0.0	0.0	0.0	0.0	0.0	0.0	0.0	0.0	0.0	0.0	99.0	116.0	101.0	97.0	119.0	123.0	77.0	87.0	157.0	139.0	86.0	78.0	138.0	97.0	108.0	98.0	119.0	108.0	0.0	0.0	0.0	0.0	0.0	0.0	0.0	0.0	0.0	0.0	110.0	116.0	103.0	91.0	122.0	124.0	102.0	100.0	123.0	117.0	98.0	101.0	145.0	100.0	105.0	99.0	124.0	132.0	0.0	0.0	0.0	0.0	0.0	0.0	0.0	0.0	0.0	0.0	117.0	128.0	125.0	85.0	135.0	124.0	100.0	98.0	147.0	138.0	102.0	101.0	144.0	105.0	98.0	125.0	135.0	146.0	0.0	0.0	0.0	0.0	0.0	0.0	0.0	0.0	0.0	0.0	131.0	125.0	155.0	95.0	124.0	106.0	109.0	92.0	144.0	137.0	97.0	107.0	124.0	112.0	109.0	122.0	139.0	132.0	0.0	0.0	0.0	0.0	0.0	0.0	0.0	0.0	0.0	0.0	144.0	118.0	154.0	105.0	109.0	102.0	112.0	94.0	143.0	139.0	97.0	109.0	104.0	108.0	111.0	98.0	142.0	146.0	0.0	0.0	0.0	0.0	0.0	0.0	0.0	0.0	0.0	8.0	158.0	118.0	151.0	101.0	107.0	103.0	110.0	93.0	141.0	140.0	96.0	113.0	105.0	108.0	103.0	117.0	133.0	160.0	0.0	0.0	0.0	0.0	0.0	0.0	0.0	0.0	0.0	21.0	164.0	118.0	156.0	116.0	109.0	110.0	117.0	96.0	141.0	145.0	99.0	117.0	111.0	112.0	107.0	132.0	139.0	170.0	6.0	0.0	0.0	0.0	0.0	0.0	0.0	0.0	0.0	29.0	166.0	118.0	172.0	125.0	105.0	105.0	123.0	104.0	154.0	142.0	105.0	120.0	118.0	111.0	113.0	139.0	155.0	175.0	13.0	0.0	0.0	0.0	0.0	0.0	0.0	0.0	0.0	34.0	174.0	121.0	152.0	115.0	106.0	97.0	103.0	98.0	153.0	146.0	103.0	107.0	106.0	100.0	106.0	134.0	170.0	170.0	23.0	0.0	0.0	0.0	0.0	0.0	0.0	0.0	0.0	38.0	179.0	125.0	148.0	123.0	103.0	120.0	128.0	163.0	158.0	159.0	151.0	116.0	129.0	116.0	115.0	131.0	185.0	164.0	32.0	0.0	0.0	0.0	0.0	0.0	0.0	0.0	0.0	41.0	173.0	136.0	146.0	114.0	103.0	102.0	114.0	96.0	148.0	144.0	102.0	121.0	125.0	114.0	101.0	130.0	197.0	154.0	39.0	0.0	0.0	0.0	0.0	0.0	0.0	0.0	0.0	51.0	162.0	148.0	150.0	107.0	106.0	101.0	116.0	105.0	146.0	139.0	97.0	106.0	99.0	110.0	95.0	131.0	196.0	150.0	49.0	0.0	0.0	0.0	0.0	0.0	0.0	0.0	0.0	62.0	146.0	159.0	136.0	101.0	103.0	107.0	119.0	98.0	149.0	141.0	104.0	109.0	110.0	102.0	94.0	138.0	196.0	136.0	60.0	0.0	0.0	0.0	0.0	0.0	0.0	0.0	0.0	68.0	128.0	165.0	139.0	95.0	102.0	103.0	113.0	101.0	151.0	140.0	109.0	112.0	107.0	110.0	97.0	164.0	196.0	120.0	66.0	0.0	0.0	0.0	0.0	0.0	0.0	0.0	0.0	69.0	127.0	156.0	157.0	88.0	103.0	110.0	122.0	107.0	145.0	149.0	100.0	119.0	108.0	117.0	84.0	177.0	194.0	113.0	69.0	0.0	0.0	0.0	0.0	0.0	0.0	0.0	0.0	67.0	137.0	158.0	181.0	95.0	113.0	109.0	119.0	112.0	140.0	151.0	108.0	124.0	108.0	118.0	94.0	182.0	184.0	123.0	65.0	0.0	0.0	0.0	0.0	0.0	0.0	0.0	0.0	62.0	134.0	168.0	167.0	62.0	101.0	93.0	102.0	98.0	140.0	142.0	99.0	103.0	84.0	94.0	59.0	146.0	193.0	120.0	64.0	0.0	0.0	0.0	0.0	0.0	0.0	0.0	0.0	61.0	120.0	177.0	114.0	124.0	158.0	160.0	167.0	116.0	150.0	140.0	122.0	168.0	168.0	162.0	130.0	119.0	195.0	121.0	69.0	0.0	0.0	0.0	0.0	0.0	0.0	0.0	0.0	51.0	122.0	181.0	44.0	176.0	195.0	184.0	175.0	92.0	119.0	108.0	117.0	187.0	181.0	194.0	191.0	49.0	185.0	120.0	67.0	0.0	0.0	0.0	0.0	0.0	0.0	0.0	0.0	50.0	137.0	184.0	20.0	0.0	0.0	0.0	0.0	0.0	0.0	0.0	0.0	0.0	0.0	0.0	0.0	24.0	182.0	135.0	69.0	0.0	0.0	0.0	0.0	0.0	0.0	0.0	0.0	72.0	145.0	148.0	11.0	0.0	0.0	0.0	0.0	0.0	0.0	0.0	0.0	0.0	0.0	0.0	0.0	12.0	151.0	149.0	64.0	0.0	0.0	0.0	0.0
0.0	0.0	0.0	0.0	0.0	0.0	0.0	0.0	0.0	0.0	0.0	0.0	59.0	48.0	43.0	57.0	8.0	0.0	0.0	0.0	0.0	0.0	0.0	0.0	0.0	0.0	0.0	0.0	0.0	0.0	0.0	0.0	0.0	0.0	0.0	0.0	0.0	0.0	0.0	214.0	244.0	219.0	217.0	227.0	219.0	0.0	0.0	2.0	1.0	0.0	0.0	0.0	0.0	0.0	0.0	0.0	0.0	0.0	0.0	0.0	1.0	0.0	0.0	6.0	0.0	0.0	118.0	227.0	220.0	224.0	219.0	224.0	223.0	202.0	0.0	0.0	0.0	5.0	1.0	0.0	0.0	0.0	0.0	0.0	0.0	0.0	0.0	0.0	0.0	2.0	0.0	0.0	0.0	158.0	207.0	203.0	224.0	211.0	197.0	224.0	195.0	219.0	196.0	65.0	0.0	0.0	0.0	1.0	0.0	0.0	0.0	0.0	0.0	0.0	0.0	0.0	1.0	0.0	0.0	90.0	182.0	192.0	179.0	210.0	218.0	236.0	251.0	226.0	202.0	213.0	203.0	208.0	161.0	65.0	0.0	0.0	0.0	0.0	0.0	0.0	0.0	0.0	0.0	0.0	0.0	0.0	153.0	195.0	178.0	165.0	171.0	208.0	199.0	220.0	232.0	214.0	206.0	190.0	182.0	179.0	190.0	207.0	135.0	0.0	0.0	0.0	0.0	0.0	0.0	0.0	0.0	0.0	0.0	147.0	205.0	82.0	112.0	190.0	161.0	166.0	180.0	216.0	223.0	206.0	213.0	203.0	180.0	177.0	179.0	157.0	178.0	81.0	0.0	0.0	0.0	0.0	0.0	0.0	0.0	0.0	1.0	185.0	177.0	49.0	126.0	195.0	164.0	175.0	173.0	213.0	209.0	195.0	162.0	187.0	181.0	180.0	184.0	165.0	131.0	210.0	0.0	0.0	0.0	0.0	0.0	0.0	0.0	0.0	57.0	205.0	168.0	177.0	198.0	195.0	188.0	187.0	200.0	209.0	205.0	193.0	180.0	188.0	198.0	190.0	186.0	196.0	155.0	190.0	6.0	0.0	0.0	0.0	0.0	0.0	0.0	0.0	89.0	214.0	168.0	219.0	213.0	205.0	190.0	211.0	195.0	188.0	215.0	183.0	187.0	209.0	199.0	203.0	202.0	186.0	185.0	214.0	52.0	0.0	0.0	0.0	0.0	0.0	0.0	0.0	112.0	219.0	187.0	181.0	143.0	185.0	194.0	187.0	201.0	202.0	164.0	211.0	195.0	207.0	220.0	195.0	149.0	213.0	208.0	208.0	54.0	0.0	0.0	0.0	0.0	0.0	0.0	0.0	145.0	228.0	206.0	183.0	171.0	145.0	163.0	201.0	200.0	211.0	205.0	190.0	185.0	177.0	195.0	179.0	195.0	197.0	218.0	215.0	78.0	0.0	0.0	0.0	0.0	0.0	0.0	0.0	149.0	232.0	203.0	200.0	198.0	188.0	182.0	184.0	193.0	199.0	211.0	185.0	183.0	180.0	175.0	193.0	208.0	196.0	219.0	243.0	102.0	0.0	0.0	0.0	0.0	0.0	0.0	0.0	176.0	234.0	206.0	197.0	197.0	174.0	172.0	183.0	199.0	202.0	196.0	194.0	186.0	182.0	170.0	187.0	185.0	200.0	223.0	237.0	97.0	0.0	0.0	0.0	0.0	0.0	0.0	0.0	99.0	238.0	225.0	164.0	162.0	180.0	168.0	193.0	200.0	204.0	194.0	202.0	166.0	171.0	180.0	178.0	178.0	203.0	227.0	235.0	123.0	0.0	0.0	0.0	0.0	0.0	0.0	0.0	96.0	236.0	240.0	202.0	161.0	163.0	175.0	188.0	195.0	203.0	201.0	190.0	187.0	184.0	165.0	181.0	176.0	217.0	236.0	235.0	136.0	0.0	0.0	0.0	0.0	0.0	0.0	0.0	180.0	227.0	240.0	210.0	179.0	172.0	181.0	192.0	199.0	207.0	205.0	200.0	189.0	186.0	171.0	176.0	162.0	215.0	247.0	237.0	153.0	0.0	0.0	0.0	0.0	0.0	0.0	0.0	187.0	198.0	249.0	206.0	161.0	180.0	188.0	196.0	203.0	205.0	202.0	193.0	200.0	184.0	178.0	184.0	166.0	232.0	250.0	220.0	160.0	0.0	0.0	0.0	0.0	0.0	0.0	0.0	184.0	195.0	245.0	231.0	166.0	182.0	195.0	182.0	184.0	203.0	213.0	194.0	196.0	194.0	177.0	183.0	165.0	234.0	248.0	207.0	167.0	0.0	0.0	0.0	0.0	0.0	0.0	0.0	195.0	195.0	238.0	241.0	163.0	186.0	198.0	181.0	195.0	192.0	204.0	202.0	184.0	188.0	182.0	182.0	177.0	239.0	244.0	197.0	176.0	0.0	0.0	0.0	0.0	0.0	0.0	0.0	196.0	197.0	232.0	255.0	182.0	182.0	197.0	187.0	200.0	205.0	196.0	183.0	181.0	194.0	188.0	132.0	198.0	245.0	240.0	188.0	185.0	0.0	0.0	0.0	0.0	0.0	0.0	0.0	196.0	194.0	242.0	234.0	166.0	199.0	194.0	185.0	198.0	209.0	223.0	199.0	187.0	197.0	167.0	155.0	179.0	235.0	239.0	182.0	184.0	0.0	0.0	0.0	0.0	0.0	0.0	0.0	194.0	192.0	249.0	205.0	153.0	211.0	199.0	178.0	208.0	205.0	219.0	203.0	193.0	185.0	190.0	195.0	143.0	194.0	249.0	185.0	186.0	0.0	0.0	0.0	0.0	0.0	0.0	0.0	196.0	192.0	238.0	166.0	143.0	202.0	189.0	184.0	218.0	198.0	204.0	199.0	194.0	166.0	201.0	217.0	143.0	168.0	251.0	179.0	192.0	0.0	0.0	0.0	0.0	0.0	0.0	0.0	209.0	204.0	243.0	134.0	150.0	198.0	184.0	199.0	215.0	203.0	198.0	188.0	199.0	187.0	180.0	190.0	156.0	144.0	164.0	170.0	199.0	0.0	0.0	0.0	0.0	0.0	0.0	0.0	186.0	198.0	232.0	96.0	118.0	217.0	199.0	209.0	223.0	224.0	230.0	222.0	221.0	214.0	208.0	228.0	168.0	92.0	245.0	202.0	167.0	0.0	0.0	0.0	0.0	0.0	0.0	0.0	224.0	199.0	236.0	133.0	0.0	149.0	141.0	137.0	134.0	136.0	132.0	130.0	133.0	120.0	108.0	98.0	0.0	163.0	252.0	202.0	204.0	0.0	0.0	0.0	0.0	0.0	0.0	0.0	86.0	163.0	156.0	32.0	0.0	0.0	0.0	0.0	0.0	0.0	0.0	0.0	0.0	0.0	0.0	0.0	0.0	70.0	158.0	153.0	101.0	0.0	0.0	0.0
0.0	0.0	0.0	0.0	0.0	0.0	0.0	0.0	0.0	0.0	0.0	0.0	0.0	0.0	0.0	0.0	0.0	0.0	0.0	0.0	0.0	0.0	0.0	0.0	0.0	0.0	0.0	0.0	0.0	0.0	0.0	0.0	0.0	0.0	0.0	0.0	0.0	0.0	0.0	0.0	0.0	0.0	0.0	0.0	0.0	0.0	0.0	0.0	0.0	0.0	0.0	0.0	0.0	0.0	0.0	0.0	0.0	0.0	0.0	0.0	0.0	0.0	0.0	0.0	0.0	0.0	0.0	0.0	0.0	0.0	0.0	0.0	0.0	0.0	0.0	0.0	0.0	0.0	0.0	0.0	0.0	0.0	0.0	0.0	0.0	0.0	0.0	0.0	0.0	0.0	0.0	0.0	0.0	0.0	0.0	0.0	0.0	0.0	0.0	0.0	0.0	0.0	0.0	0.0	0.0	0.0	0.0	0.0	0.0	0.0	0.0	0.0	0.0	0.0	0.0	0.0	0.0	0.0	0.0	0.0	0.0	0.0	0.0	0.0	0.0	0.0	0.0	0.0	0.0	0.0	0.0	0.0	0.0	0.0	0.0	0.0	0.0	0.0	0.0	0.0	0.0	0.0	0.0	0.0	0.0	0.0	0.0	0.0	0.0	0.0	0.0	0.0	0.0	0.0	0.0	0.0	0.0	0.0	0.0	0.0	0.0	0.0	0.0	0.0	0.0	0.0	0.0	0.0	0.0	0.0	0.0	0.0	0.0	0.0	0.0	0.0	0.0	0.0	0.0	0.0	0.0	0.0	0.0	0.0	0.0	0.0	0.0	0.0	0.0	0.0	0.0	0.0	0.0	0.0	0.0	0.0	0.0	0.0	0.0	0.0	0.0	0.0	0.0	0.0	0.0	0.0	0.0	0.0	0.0	0.0	0.0	0.0	0.0	0.0	0.0	0.0	0.0	0.0	0.0	0.0	0.0	0.0	0.0	0.0	0.0	0.0	0.0	0.0	0.0	0.0	0.0	0.0	0.0	0.0	0.0	0.0	0.0	0.0	0.0	0.0	0.0	0.0	0.0	0.0	0.0	0.0	0.0	0.0	0.0	0.0	0.0	0.0	0.0	0.0	0.0	0.0	0.0	0.0	0.0	0.0	0.0	0.0	0.0	0.0	0.0	0.0	0.0	0.0	0.0	0.0	0.0	0.0	0.0	0.0	0.0	0.0	0.0	0.0	0.0	0.0	0.0	0.0	0.0	0.0	0.0	0.0	0.0	0.0	0.0	0.0	0.0	0.0	0.0	0.0	0.0	0.0	0.0	0.0	0.0	0.0	0.0	0.0	0.0	0.0	0.0	0.0	0.0	0.0	0.0	0.0	0.0	0.0	0.0	0.0	0.0	0.0	48.0	88.0	54.0	25.0	19.0	0.0	0.0	0.0	0.0	1.0	0.0	0.0	0.0	0.0	0.0	0.0	0.0	0.0	0.0	0.0	4.0	1.0	1.0	1.0	0.0	0.0	206.0	204.0	106.0	163.0	178.0	157.0	163.0	171.0	119.0	39.0	0.0	0.0	2.0	1.0	1.0	1.0	1.0	1.0	1.0	1.0	0.0	0.0	0.0	0.0	0.0	0.0	0.0	84.0	204.0	0.0	0.0	0.0	1.0	57.0	91.0	77.0	99.0	138.0	94.0	7.0	0.0	0.0	0.0	0.0	0.0	0.0	0.0	0.0	1.0	3.0	51.0	43.0	27.0	27.0	28.0	254.0	31.0	0.0	4.0	0.0	0.0	0.0	16.0	121.0	84.0	19.0	63.0	110.0	31.0	0.0	0.0	0.0	0.0	0.0	0.0	0.0	0.0	0.0	137.0	202.0	133.0	108.0	97.0	146.0	71.0	78.0	82.0	86.0	85.0	105.0	118.0	139.0	143.0	126.0	162.0	176.0	135.0	69.0	76.0	71.0	91.0	99.0	103.0	94.0	99.0	54.0	0.0	110.0	186.0	205.0	203.0	193.0	191.0	178.0	204.0	172.0	175.0	175.0	177.0	183.0	189.0	190.0	197.0	196.0	192.0	182.0	186.0	185.0	184.0	182.0	178.0	168.0	159.0	77.0	0.0	0.0	0.0	4.0	51.0	69.0	92.0	108.0	112.0	115.0	112.0	111.0	112.0	90.0	77.0	62.0	44.0	36.0	32.0	35.0	27.0	25.0	19.0	14.0	5.0	0.0	0.0	0.0	0.0	0.0	0.0	0.0	0.0	0.0	0.0	0.0	0.0	0.0	0.0	0.0	0.0	0.0	0.0	0.0	0.0	0.0	0.0	0.0	0.0	0.0	0.0	0.0	0.0	0.0	0.0	0.0	0.0	0.0	0.0	0.0	0.0	0.0	0.0	0.0	0.0	0.0	0.0	0.0	0.0	0.0	0.0	0.0	0.0	0.0	0.0	0.0	0.0	0.0	0.0	0.0	0.0	0.0	0.0	0.0	0.0	0.0	0.0	0.0	0.0	0.0	0.0	0.0	0.0	0.0	0.0	0.0	0.0	0.0	0.0	0.0	0.0	0.0	0.0	0.0	0.0	0.0	0.0	0.0	0.0	0.0	0.0	0.0	0.0	0.0	0.0	0.0	0.0	0.0	0.0	0.0	0.0	0.0	0.0	0.0	0.0	0.0	0.0	0.0	0.0	0.0	0.0	0.0	0.0	0.0	0.0	0.0	0.0	0.0	0.0	0.0	0.0	0.0	0.0	0.0	0.0	0.0	0.0	0.0	0.0	0.0	0.0	0.0	0.0	0.0	0.0	0.0	0.0	0.0	0.0	0.0	0.0	0.0	0.0	0.0	0.0	0.0	0.0	0.0	0.0	0.0	0.0	0.0	0.0	0.0	0.0	0.0	0.0	0.0	0.0	0.0	0.0	0.0	0.0	0.0	0.0	0.0	0.0	0.0	0.0	0.0	0.0	0.0	0.0	0.0	0.0	0.0	0.0	0.0	0.0	0.0	0.0	0.0	0.0	0.0	0.0	0.0	0.0	0.0	0.0	0.0	0.0	0.0	0.0	0.0	0.0	0.0	0.0	0.0	0.0	0.0	0.0	0.0	0.0	0.0	0.0	0.0	0.0	0.0	0.0	0.0	0.0	0.0	0.0	0.0	0.0	0.0	0.0	0.0	0.0	0.0	0.0	0.0	0.0	0.0	0.0	0.0	0.0	0.0	0.0	0.0	0.0	0.0	0.0	0.0	0.0	0.0	0.0	0.0	0.0	0.0	0.0	0.0	0.0	0.0	0.0	0.0	0.0	0.0	0.0	0.0	0.0	0.0	0.0	0.0	0.0	0.0	0.0	0.0	0.0	0.0	0.0	0.0	0.0	0.0	0.0	0.0	0.0	0.0	0.0	0.0	0.0	0.0	0.0	0.0	0.0	0.0	0.0	0.0	0.0	0.0	0.0	0.0	0.0	0.0	0.0	0.0	0.0	0.0
0.0	0.0	0.0	0.0	0.0	0.0	0.0	1.0	0.0	0.0	149.0	41.0	0.0	0.0	0.0	0.0	49.0	149.0	0.0	0.0	0.0	0.0	0.0	0.0	0.0	0.0	0.0	0.0	0.0	0.0	0.0	0.0	0.0	0.0	0.0	1.0	0.0	2.0	138.0	178.0	166.0	131.0	136.0	171.0	170.0	131.0	0.0	0.0	0.0	0.0	0.0	0.0	0.0	0.0	0.0	0.0	0.0	0.0	0.0	0.0	0.0	0.0	0.0	1.0	0.0	1.0	125.0	141.0	149.0	149.0	153.0	167.0	140.0	134.0	0.0	0.0	1.0	0.0	0.0	0.0	0.0	0.0	0.0	0.0	0.0	0.0	0.0	0.0	0.0	0.0	0.0	0.0	1.0	0.0	140.0	125.0	112.0	110.0	106.0	113.0	132.0	159.0	0.0	0.0	1.0	0.0	0.0	0.0	0.0	0.0	0.0	0.0	0.0	0.0	0.0	0.0	0.0	0.0	0.0	1.0	0.0	0.0	118.0	106.0	93.0	102.0	106.0	100.0	111.0	125.0	0.0	0.0	0.0	0.0	0.0	0.0	0.0	0.0	0.0	0.0	0.0	0.0	0.0	0.0	0.0	0.0	0.0	2.0	0.0	0.0	108.0	117.0	99.0	100.0	101.0	95.0	118.0	120.0	0.0	0.0	2.0	0.0	0.0	0.0	0.0	0.0	0.0	0.0	0.0	0.0	0.0	0.0	0.0	0.0	0.0	0.0	0.0	0.0	101.0	124.0	101.0	99.0	104.0	98.0	124.0	110.0	0.0	0.0	1.0	0.0	0.0	0.0	0.0	0.0	0.0	0.0	0.0	0.0	0.0	0.0	0.0	0.0	0.0	0.0	0.0	0.0	95.0	119.0	102.0	99.0	105.0	100.0	123.0	94.0	0.0	0.0	0.0	0.0	0.0	0.0	0.0	0.0	0.0	0.0	0.0	0.0	0.0	0.0	0.0	0.0	0.0	0.0	0.0	0.0	101.0	132.0	104.0	98.0	98.0	101.0	129.0	93.0	0.0	0.0	0.0	0.0	0.0	0.0	0.0	0.0	0.0	0.0	0.0	0.0	0.0	0.0	0.0	0.0	0.0	0.0	0.0	0.0	142.0	132.0	101.0	118.0	116.0	93.0	130.0	130.0	0.0	0.0	0.0	0.0	0.0	0.0	0.0	0.0	0.0	0.0	0.0	0.0	0.0	0.0	0.0	0.0	0.0	1.0	0.0	0.0	144.0	119.0	104.0	144.0	147.0	90.0	120.0	136.0	0.0	0.0	0.0	0.0	0.0	0.0	0.0	0.0	0.0	0.0	0.0	0.0	0.0	0.0	0.0	0.0	0.0	2.0	0.0	17.0	135.0	99.0	122.0	90.0	100.0	108.0	106.0	135.0	3.0	1.0	3.0	0.0	0.0	0.0	0.0	0.0	0.0	0.0	0.0	0.0	0.0	0.0	0.0	0.0	0.0	1.0	0.0	62.0	143.0	94.0	142.0	94.0	113.0	131.0	95.0	140.0	46.0	0.0	3.0	0.0	0.0	0.0	0.0	0.0	0.0	0.0	0.0	0.0	0.0	0.0	0.0	0.0	0.0	0.0	0.0	100.0	137.0	94.0	155.0	96.0	119.0	147.0	92.0	132.0	81.0	0.0	0.0	0.0	0.0	0.0	0.0	0.0	0.0	0.0	0.0	0.0	0.0	0.0	0.0	0.0	0.0	0.0	7.0	128.0	143.0	96.0	164.0	100.0	128.0	164.0	99.0	125.0	102.0	0.0	0.0	0.0	0.0	0.0	0.0	0.0	0.0	0.0	0.0	0.0	0.0	0.0	0.0	0.0	0.0	0.0	32.0	135.0	146.0	96.0	164.0	105.0	125.0	175.0	104.0	123.0	112.0	0.0	0.0	0.0	0.0	0.0	0.0	0.0	0.0	0.0	0.0	0.0	0.0	0.0	0.0	0.0	0.0	0.0	55.0	138.0	142.0	98.0	164.0	111.0	120.0	186.0	104.0	124.0	130.0	8.0	0.0	0.0	0.0	0.0	0.0	0.0	0.0	0.0	0.0	0.0	0.0	0.0	0.0	0.0	0.0	0.0	80.0	134.0	140.0	99.0	161.0	122.0	119.0	193.0	110.0	125.0	136.0	33.0	0.0	0.0	0.0	0.0	0.0	0.0	0.0	0.0	0.0	0.0	0.0	0.0	0.0	0.0	0.0	0.0	101.0	128.0	137.0	101.0	160.0	129.0	118.0	208.0	107.0	126.0	138.0	57.0	0.0	0.0	0.0	0.0	0.0	0.0	0.0	0.0	0.0	0.0	0.0	0.0	0.0	0.0	0.0	0.0	117.0	123.0	137.0	105.0	159.0	135.0	116.0	221.0	105.0	125.0	129.0	92.0	0.0	0.0	0.0	0.0	0.0	0.0	0.0	0.0	0.0	0.0	0.0	0.0	0.0	0.0	0.0	0.0	138.0	114.0	140.0	107.0	155.0	143.0	118.0	229.0	106.0	124.0	128.0	122.0	0.0	0.0	0.0	0.0	0.0	0.0	0.0	0.0	0.0	0.0	0.0	0.0	0.0	0.0	0.0	4.0	147.0	112.0	146.0	110.0	153.0	150.0	117.0	240.0	106.0	129.0	126.0	143.0	0.0	0.0	0.0	0.0	0.0	0.0	0.0	0.0	0.0	0.0	0.0	0.0	0.0	0.0	0.0	29.0	152.0	111.0	148.0	112.0	152.0	155.0	117.0	246.0	105.0	125.0	120.0	153.0	9.0	0.0	0.0	0.0	0.0	0.0	0.0	0.0	0.0	0.0	0.0	0.0	0.0	0.0	0.0	59.0	150.0	114.0	153.0	112.0	154.0	161.0	119.0	246.0	107.0	123.0	125.0	156.0	43.0	0.0	0.0	0.0	0.0	0.0	0.0	0.0	0.0	0.0	0.0	0.0	0.0	0.0	0.0	75.0	147.0	119.0	159.0	114.0	154.0	167.0	123.0	249.0	110.0	124.0	134.0	148.0	70.0	0.0	0.0	0.0	0.0	0.0	0.0	0.0	0.0	0.0	0.0	0.0	0.0	0.0	0.0	119.0	146.0	118.0	153.0	117.0	147.0	171.0	117.0	220.0	117.0	116.0	132.0	146.0	124.0	0.0	0.0	0.0	0.0	0.0	0.0	0.0	0.0	0.0	0.0	0.0	0.0	0.0	0.0	77.0	160.0	155.0	183.0	137.0	167.0	199.0	148.0	255.0	146.0	135.0	170.0	156.0	90.0	0.0	0.0	0.0	0.0	0.0	0.0	0.0	0.0	0.0	0.0	0.0	0.0	0.0	0.0	0.0	9.0	50.0	73.0	124.0	94.0	98.0	73.0	28.0	119.0	86.0	99.0	25.0	0.0	0.0	0.0	0.0	0.0	0.0	0.0	0.0
0.0	0.0	0.0	0.0	0.0	1.0	2.0	0.0	0.0	0.0	0.0	58.0	88.0	102.0	78.0	100.0	128.0	94.0	0.0	0.0	0.0	0.0	0.0	2.0	0.0	0.0	0.0	0.0	0.0	0.0	0.0	0.0	1.0	1.0	1.0	2.0	0.0	0.0	9.0	212.0	171.0	195.0	176.0	222.0	188.0	186.0	59.0	0.0	1.0	1.0	3.0	1.0	0.0	0.0	0.0	0.0	0.0	0.0	0.0	0.0	0.0	0.0	0.0	0.0	0.0	0.0	184.0	174.0	187.0	165.0	182.0	139.0	137.0	208.0	161.0	31.0	0.0	0.0	0.0	1.0	0.0	0.0	0.0	0.0	0.0	0.0	0.0	0.0	0.0	0.0	0.0	77.0	134.0	181.0	198.0	182.0	228.0	183.0	161.0	134.0	220.0	184.0	210.0	188.0	168.0	92.0	0.0	0.0	0.0	0.0	0.0	0.0	0.0	0.0	0.0	0.0	0.0	0.0	104.0	199.0	193.0	168.0	143.0	129.0	193.0	143.0	190.0	164.0	151.0	120.0	120.0	140.0	192.0	187.0	143.0	0.0	0.0	0.0	0.0	0.0	0.0	0.0	0.0	0.0	0.0	1.0	164.0	174.0	135.0	107.0	126.0	115.0	169.0	139.0	102.0	216.0	143.0	110.0	119.0	124.0	166.0	114.0	151.0	69.0	0.0	0.0	0.0	0.0	0.0	0.0	0.0	0.0	0.0	58.0	224.0	195.0	139.0	133.0	123.0	117.0	187.0	160.0	130.0	125.0	156.0	114.0	151.0	104.0	212.0	134.0	209.0	124.0	0.0	0.0	0.0	0.0	0.0	0.0	0.0	0.0	0.0	116.0	196.0	180.0	183.0	148.0	122.0	110.0	91.0	227.0	81.0	185.0	238.0	170.0	156.0	81.0	145.0	60.0	176.0	162.0	0.0	0.0	0.0	0.0	0.0	0.0	0.0	0.0	0.0	153.0	149.0	190.0	208.0	199.0	142.0	96.0	188.0	191.0	183.0	175.0	185.0	222.0	111.0	155.0	64.0	186.0	139.0	151.0	0.0	0.0	0.0	0.0	0.0	0.0	0.0	0.0	0.0	181.0	142.0	190.0	157.0	154.0	164.0	204.0	185.0	156.0	156.0	113.0	123.0	95.0	165.0	137.0	176.0	137.0	147.0	153.0	0.0	0.0	0.0	0.0	0.0	0.0	0.0	0.0	0.0	183.0	147.0	186.0	60.0	141.0	119.0	240.0	185.0	141.0	165.0	188.0	165.0	91.0	105.0	200.0	235.0	136.0	151.0	222.0	0.0	0.0	0.0	0.0	0.0	0.0	0.0	0.0	5.0	191.0	188.0	226.0	125.0	109.0	222.0	84.0	172.0	170.0	136.0	135.0	177.0	110.0	164.0	157.0	144.0	139.0	191.0	188.0	6.0	0.0	0.0	0.0	0.0	0.0	0.0	0.0	0.0	188.0	156.0	183.0	154.0	211.0	90.0	174.0	226.0	233.0	112.0	190.0	223.0	191.0	161.0	123.0	177.0	135.0	143.0	201.0	13.0	0.0	0.0	0.0	0.0	0.0	0.0	0.0	0.0	187.0	120.0	194.0	233.0	188.0	171.0	162.0	175.0	204.0	118.0	135.0	162.0	116.0	158.0	198.0	217.0	183.0	112.0	189.0	18.0	0.0	0.0	0.0	0.0	0.0	0.0	0.0	9.0	201.0	122.0	188.0	170.0	140.0	140.0	117.0	165.0	184.0	114.0	155.0	141.0	142.0	109.0	153.0	159.0	137.0	122.0	204.0	40.0	0.0	0.0	0.0	0.0	0.0	0.0	0.0	40.0	204.0	126.0	186.0	158.0	128.0	126.0	97.0	147.0	159.0	146.0	204.0	136.0	118.0	79.0	164.0	135.0	134.0	134.0	207.0	62.0	0.0	0.0	0.0	0.0	0.0	0.0	0.0	78.0	216.0	186.0	193.0	147.0	142.0	138.0	129.0	160.0	189.0	225.0	141.0	153.0	125.0	124.0	161.0	133.0	141.0	189.0	204.0	81.0	0.0	0.0	0.0	0.0	0.0	0.0	0.0	56.0	194.0	163.0	191.0	156.0	143.0	143.0	147.0	192.0	221.0	150.0	193.0	222.0	144.0	156.0	169.0	159.0	133.0	119.0	190.0	75.0	0.0	0.0	0.0	0.0	0.0	0.0	0.0	63.0	186.0	140.0	216.0	217.0	216.0	199.0	182.0	205.0	215.0	95.0	153.0	189.0	144.0	187.0	208.0	209.0	182.0	130.0	166.0	75.0	0.0	0.0	0.0	0.0	0.0	0.0	0.0	89.0	166.0	121.0	198.0	174.0	157.0	121.0	126.0	169.0	176.0	170.0	121.0	172.0	111.0	133.0	146.0	170.0	187.0	130.0	175.0	99.0	0.0	0.0	0.0	0.0	0.0	0.0	0.0	104.0	160.0	162.0	182.0	155.0	151.0	128.0	112.0	156.0	158.0	133.0	187.0	140.0	106.0	116.0	162.0	138.0	90.0	143.0	176.0	102.0	0.0	0.0	0.0	0.0	0.0	0.0	0.0	165.0	198.0	204.0	164.0	145.0	136.0	123.0	124.0	184.0	173.0	135.0	137.0	170.0	145.0	113.0	173.0	153.0	85.0	207.0	232.0	140.0	0.0	0.0	0.0	0.0	0.0	0.0	0.0	124.0	181.0	214.0	180.0	157.0	145.0	145.0	124.0	185.0	193.0	126.0	141.0	204.0	133.0	110.0	182.0	151.0	168.0	156.0	146.0	109.0	0.0	0.0	0.0	0.0	0.0	0.0	0.0	115.0	98.0	160.0	189.0	191.0	198.0	201.0	195.0	235.0	211.0	213.0	237.0	219.0	172.0	205.0	217.0	181.0	181.0	167.0	129.0	113.0	0.0	0.0	0.0	0.0	0.0	0.0	0.0	144.0	115.0	169.0	143.0	190.0	153.0	129.0	118.0	174.0	120.0	174.0	237.0	146.0	113.0	126.0	169.0	148.0	159.0	167.0	128.0	130.0	0.0	0.0	0.0	0.0	0.0	0.0	0.0	140.0	149.0	174.0	32.0	192.0	184.0	173.0	159.0	186.0	160.0	160.0	94.0	161.0	123.0	123.0	165.0	192.0	81.0	146.0	148.0	104.0	0.0	0.0	0.0	0.0	0.0	0.0	0.0	0.0	0.0	0.0	0.0	54.0	222.0	238.0	221.0	218.0	253.0	227.0	255.0	230.0	219.0	227.0	239.0	162.0	0.0	0.0	0.0	0.0	0.0	0.0	0.0	0.0	0.0	0.0	0.0	0.0	0.0	0.0	0.0	0.0	0.0	22.0	61.0	88.0	95.0	102.0	123.0	86.0	66.0	33.0	0.0	0.0	0.0	0.0	0.0	0.0	0.0	0.0	0.0
0.0	0.0	0.0	0.0	0.0	0.0	0.0	0.0	0.0	1.0	0.0	8.0	225.0	196.0	200.0	242.0	132.0	0.0	0.0	1.0	0.0	0.0	0.0	0.0	0.0	0.0	0.0	0.0	0.0	0.0	0.0	0.0	0.0	0.0	0.0	0.0	0.0	0.0	0.0	21.0	224.0	204.0	207.0	163.0	115.0	0.0	0.0	0.0	0.0	0.0	0.0	0.0	0.0	0.0	0.0	0.0	0.0	0.0	0.0	0.0	0.0	0.0	0.0	0.0	14.0	31.0	40.0	0.0	134.0	254.0	250.0	216.0	23.0	6.0	35.0	19.0	4.0	0.0	0.0	0.0	0.0	0.0	0.0	0.0	0.0	0.0	0.0	0.0	0.0	0.0	14.0	38.0	27.0	27.0	21.0	0.0	74.0	200.0	156.0	164.0	81.0	10.0	27.0	30.0	38.0	25.0	0.0	0.0	0.0	0.0	0.0	0.0	0.0	0.0	0.0	0.0	0.0	0.0	31.0	20.0	13.0	17.0	17.0	26.0	26.0	3.0	0.0	0.0	32.0	20.0	16.0	21.0	21.0	37.0	15.0	0.0	0.0	0.0	0.0	0.0	0.0	0.0	0.0	0.0	0.0	15.0	28.0	20.0	21.0	18.0	21.0	16.0	6.0	26.0	35.0	19.0	12.0	15.0	21.0	23.0	21.0	23.0	29.0	0.0	0.0	0.0	0.0	0.0	0.0	0.0	0.0	0.0	0.0	19.0	29.0	29.0	20.0	17.0	21.0	19.0	21.0	29.0	24.0	23.0	18.0	19.0	19.0	21.0	20.0	25.0	30.0	0.0	0.0	0.0	0.0	0.0	0.0	0.0	0.0	0.0	0.0	16.0	23.0	36.0	21.0	19.0	17.0	20.0	18.0	29.0	17.0	23.0	19.0	19.0	20.0	16.0	39.0	31.0	29.0	0.0	0.0	0.0	0.0	0.0	0.0	0.0	0.0	0.0	0.0	20.0	17.0	46.0	34.0	15.0	24.0	24.0	17.0	34.0	31.0	23.0	21.0	19.0	19.0	19.0	50.0	26.0	28.0	0.0	0.0	0.0	0.0	0.0	0.0	0.0	0.0	0.0	0.0	26.0	15.0	46.0	39.0	16.0	27.0	25.0	21.0	31.0	32.0	25.0	26.0	21.0	28.0	20.0	64.0	30.0	23.0	5.0	0.0	0.0	0.0	0.0	0.0	0.0	0.0	0.0	0.0	25.0	18.0	50.0	43.0	21.0	26.0	21.0	23.0	28.0	23.0	21.0	18.0	20.0	19.0	31.0	71.0	28.0	24.0	14.0	0.0	0.0	0.0	0.0	0.0	0.0	0.0	0.0	0.0	24.0	23.0	46.0	43.0	16.0	19.0	19.0	20.0	27.0	27.0	24.0	21.0	24.0	13.0	21.0	75.0	24.0	23.0	15.0	0.0	0.0	0.0	0.0	0.0	0.0	0.0	0.0	0.0	23.0	20.0	40.0	58.0	7.0	23.0	24.0	21.0	29.0	36.0	21.0	21.0	26.0	20.0	24.0	81.0	23.0	17.0	16.0	0.0	0.0	0.0	0.0	0.0	0.0	0.0	0.0	2.0	24.0	18.0	43.0	79.0	9.0	20.0	21.0	21.0	28.0	28.0	25.0	24.0	23.0	18.0	30.0	90.0	20.0	16.0	21.0	0.0	0.0	0.0	0.0	0.0	0.0	0.0	0.0	6.0	27.0	15.0	42.0	56.0	17.0	20.0	19.0	23.0	28.0	24.0	25.0	18.0	19.0	15.0	34.0	100.0	18.0	15.0	25.0	0.0	0.0	0.0	0.0	0.0	0.0	0.0	0.0	7.0	26.0	13.0	60.0	49.0	10.0	17.0	21.0	20.0	36.0	35.0	20.0	17.0	23.0	15.0	13.0	102.0	21.0	14.0	25.0	0.0	0.0	0.0	0.0	0.0	0.0	0.0	0.0	7.0	20.0	10.0	69.0	32.0	14.0	21.0	21.0	20.0	27.0	24.0	23.0	24.0	19.0	20.0	3.0	82.0	35.0	12.0	20.0	0.0	0.0	0.0	0.0	0.0	0.0	0.0	0.0	12.0	23.0	17.0	58.0	17.0	12.0	21.0	19.0	21.0	26.0	25.0	23.0	25.0	21.0	23.0	9.0	53.0	46.0	12.0	19.0	0.0	0.0	0.0	0.0	0.0	0.0	0.0	0.0	14.0	20.0	30.0	48.0	8.0	18.0	24.0	19.0	17.0	31.0	38.0	23.0	17.0	23.0	25.0	5.0	28.0	60.0	14.0	18.0	0.0	0.0	0.0	0.0	0.0	0.0	0.0	0.0	12.0	15.0	41.0	40.0	0.0	19.0	19.0	19.0	17.0	28.0	30.0	20.0	18.0	18.0	19.0	10.0	19.0	72.0	13.0	17.0	0.0	0.0	0.0	0.0	0.0	0.0	0.0	0.0	9.0	9.0	52.0	51.0	1.0	19.0	16.0	18.0	24.0	27.0	23.0	21.0	17.0	18.0	20.0	14.0	8.0	80.0	14.0	14.0	0.0	0.0	0.0	0.0	0.0	0.0	0.0	0.0	13.0	7.0	57.0	50.0	0.0	20.0	19.0	20.0	21.0	29.0	27.0	20.0	19.0	19.0	19.0	19.0	0.0	84.0	21.0	9.0	0.0	0.0	0.0	0.0	0.0	0.0	0.0	0.0	16.0	6.0	63.0	25.0	2.0	19.0	18.0	16.0	17.0	39.0	36.0	21.0	19.0	16.0	21.0	10.0	0.0	85.0	31.0	5.0	0.0	0.0	0.0	0.0	0.0	0.0	0.0	0.0	17.0	7.0	70.0	26.0	0.0	19.0	17.0	16.0	25.0	32.0	18.0	18.0	14.0	17.0	10.0	35.0	6.0	67.0	37.0	8.0	0.0	0.0	0.0	0.0	0.0	0.0	0.0	0.0	12.0	8.0	62.0	18.0	1.0	17.0	15.0	15.0	21.0	28.0	20.0	19.0	20.0	18.0	6.0	49.0	16.0	74.0	32.0	9.0	0.0	0.0	0.0	0.0	0.0	0.0	0.0	0.0	18.0	0.0	86.0	40.0	0.0	20.0	21.0	19.0	20.0	29.0	19.0	19.0	18.0	21.0	17.0	16.0	0.0	91.0	29.0	5.0	0.0	0.0	0.0	0.0	0.0	0.0	0.0	0.0	20.0	0.0	98.0	53.0	2.0	28.0	25.0	19.0	35.0	39.0	27.0	26.0	19.0	21.0	27.0	15.0	0.0	119.0	39.0	4.0	0.0	0.0	0.0	0.0	0.0	0.0	0.0	0.0	0.0	0.0	4.0	0.0	0.0	6.0	10.0	12.0	25.0	30.0	16.0	21.0	17.0	9.0	3.0	0.0	0.0	17.0	1.0	0.0	0.0	0.0	0.0	0.0
0.0	0.0	0.0	0.0	0.0	0.0	0.0	0.0	0.0	42.0	110.0	1.0	0.0	0.0	0.0	0.0	0.0	156.0	21.0	0.0	0.0	0.0	0.0	0.0	0.0	0.0	0.0	0.0	0.0	0.0	0.0	0.0	0.0	1.0	32.0	56.0	40.0	21.0	195.0	170.0	173.0	193.0	183.0	183.0	243.0	135.0	3.0	40.0	44.0	40.0	1.0	0.0	0.0	0.0	0.0	0.0	0.0	0.0	0.0	0.0	0.0	48.0	50.0	25.0	7.0	1.0	1.0	38.0	173.0	255.0	220.0	154.0	23.0	0.0	0.0	0.0	13.0	32.0	52.0	0.0	0.0	0.0	0.0	0.0	0.0	0.0	0.0	0.0	25.0	38.0	25.0	19.0	13.0	17.0	0.0	0.0	0.0	0.0	0.0	0.0	0.0	7.0	11.0	11.0	13.0	19.0	34.0	32.0	0.0	0.0	0.0	0.0	0.0	0.0	0.0	5.0	65.0	25.0	46.0	27.0	9.0	11.0	13.0	3.0	0.0	0.0	0.0	5.0	3.0	0.0	0.0	5.0	15.0	27.0	27.0	50.0	23.0	0.0	0.0	0.0	0.0	0.0	0.0	28.0	46.0	42.0	32.0	46.0	1.0	0.0	0.0	0.0	0.0	0.0	3.0	0.0	1.0	27.0	9.0	1.0	13.0	28.0	46.0	42.0	38.0	0.0	0.0	0.0	0.0	0.0	0.0	59.0	25.0	50.0	54.0	9.0	94.0	160.0	98.0	75.0	81.0	108.0	131.0	92.0	61.0	79.0	129.0	148.0	63.0	46.0	61.0	27.0	50.0	0.0	0.0	0.0	0.0	0.0	0.0	15.0	40.0	46.0	75.0	44.0	32.0	32.0	1.0	127.0	133.0	25.0	173.0	46.0	137.0	110.0	5.0	7.0	50.0	65.0	56.0	40.0	30.0	0.0	0.0	0.0	0.0	0.0	0.0	0.0	13.0	52.0	81.0	59.0	36.0	0.0	0.0	32.0	106.0	7.0	86.0	23.0	13.0	11.0	0.0	13.0	67.0	129.0	71.0	17.0	0.0	0.0	0.0	0.0	0.0	0.0	0.0	0.0	0.0	25.0	123.0	96.0	77.0	42.0	32.0	13.0	1.0	5.0	1.0	13.0	27.0	28.0	21.0	57.0	56.0	46.0	19.0	0.0	0.0	0.0	0.0	0.0	0.0	0.0	0.0	0.0	0.0	0.0	0.0	79.0	112.0	73.0	59.0	44.0	27.0	32.0	32.0	48.0	48.0	46.0	54.0	67.0	34.0	0.0	0.0	0.0	0.0	0.0	0.0	0.0	0.0	0.0	0.0	0.0	0.0	0.0	0.0	56.0	119.0	54.0	44.0	46.0	40.0	36.0	36.0	36.0	38.0	36.0	65.0	71.0	21.0	0.0	1.0	0.0	0.0	0.0	0.0	0.0	0.0	0.0	0.0	0.0	0.0	0.0	0.0	36.0	112.0	50.0	44.0	46.0	40.0	42.0	42.0	40.0	38.0	36.0	52.0	90.0	21.0	0.0	1.0	0.0	0.0	0.0	0.0	0.0	0.0	0.0	0.0	0.0	0.0	1.0	0.0	23.0	102.0	54.0	50.0	42.0	32.0	38.0	42.0	42.0	42.0	36.0	38.0	96.0	17.0	0.0	1.0	0.0	0.0	0.0	0.0	0.0	0.0	0.0	0.0	0.0	0.0	1.0	0.0	17.0	94.0	52.0	56.0	48.0	40.0	42.0	42.0	42.0	44.0	42.0	38.0	83.0	11.0	0.0	1.0	0.0	0.0	0.0	0.0	0.0	0.0	0.0	0.0	0.0	0.0	1.0	0.0	15.0	94.0	54.0	54.0	54.0	50.0	44.0	44.0	44.0	46.0	36.0	42.0	77.0	21.0	0.0	0.0	0.0	0.0	0.0	0.0	0.0	0.0	0.0	0.0	0.0	0.0	1.0	0.0	11.0	88.0	57.0	50.0	52.0	48.0	44.0	44.0	44.0	46.0	40.0	36.0	69.0	48.0	0.0	0.0	0.0	0.0	0.0	0.0	0.0	0.0	0.0	0.0	0.0	0.0	0.0	0.0	27.0	83.0	56.0	46.0	50.0	50.0	44.0	44.0	44.0	46.0	40.0	27.0	57.0	63.0	0.0	0.0	0.0	0.0	0.0	0.0	0.0	0.0	0.0	0.0	0.0	0.0	0.0	0.0	48.0	75.0	54.0	42.0	50.0	50.0	44.0	44.0	44.0	44.0	44.0	50.0	48.0	69.0	3.0	0.0	3.0	0.0	0.0	0.0	0.0	0.0	0.0	0.0	0.0	0.0	0.0	0.0	57.0	67.0	52.0	44.0	46.0	48.0	46.0	44.0	44.0	40.0	40.0	48.0	27.0	61.0	30.0	0.0	1.0	0.0	0.0	0.0	0.0	0.0	0.0	0.0	0.0	0.0	0.0	0.0	71.0	56.0	48.0	48.0	46.0	50.0	48.0	44.0	44.0	42.0	42.0	46.0	40.0	56.0	50.0	0.0	0.0	0.0	0.0	0.0	0.0	0.0	0.0	0.0	0.0	0.0	0.0	0.0	71.0	54.0	50.0	50.0	46.0	52.0	46.0	44.0	46.0	48.0	40.0	40.0	50.0	38.0	48.0	0.0	0.0	0.0	0.0	0.0	0.0	0.0	0.0	0.0	0.0	0.0	0.0	7.0	71.0	57.0	54.0	50.0	48.0	54.0	46.0	44.0	48.0	50.0	48.0	40.0	44.0	44.0	57.0	1.0	0.0	0.0	0.0	0.0	0.0	0.0	0.0	0.0	0.0	0.0	0.0	25.0	71.0	40.0	52.0	56.0	46.0	48.0	48.0	50.0	42.0	48.0	52.0	44.0	44.0	46.0	52.0	0.0	0.0	0.0	0.0	0.0	0.0	0.0	0.0	0.0	0.0	0.0	0.0	34.0	65.0	54.0	48.0	52.0	46.0	50.0	48.0	46.0	44.0	46.0	54.0	50.0	48.0	52.0	61.0	5.0	0.0	0.0	0.0	0.0	0.0	0.0	0.0	0.0	0.0	0.0	0.0	38.0	56.0	50.0	46.0	48.0	46.0	52.0	48.0	38.0	46.0	42.0	52.0	46.0	46.0	48.0	57.0	19.0	0.0	0.0	0.0	0.0	0.0	0.0	0.0	0.0	0.0	0.0	0.0	57.0	57.0	50.0	52.0	48.0	44.0	50.0	46.0	38.0	46.0	44.0	50.0	52.0	52.0	50.0	57.0	30.0	0.0	0.0	0.0	0.0	0.0	0.0	0.0	0.0	0.0	0.0	0.0	30.0	30.0	36.0	42.0	42.0	42.0	57.0	57.0	54.0	52.0	50.0	42.0	46.0	32.0	19.0	23.0	13.0	0.0	0.0	0.0	0.0	0.0
0.0	0.0	0.0	0.0	0.0	0.0	0.0	0.0	0.0	0.0	0.0	4.0	0.0	37.0	198.0	6.0	0.0	0.0	0.0	0.0	0.0	0.0	0.0	0.0	0.0	0.0	0.0	0.0	0.0	0.0	0.0	0.0	0.0	0.0	0.0	0.0	0.0	0.0	2.0	0.0	8.0	98.0	41.0	113.0	0.0	2.0	0.0	0.0	0.0	0.0	0.0	0.0	0.0	0.0	0.0	0.0	0.0	0.0	0.0	0.0	0.0	0.0	0.0	0.0	0.0	0.0	2.0	0.0	76.0	82.0	0.0	202.0	0.0	0.0	0.0	0.0	0.0	0.0	0.0	0.0	0.0	0.0	0.0	0.0	0.0	0.0	0.0	0.0	0.0	0.0	0.0	0.0	0.0	0.0	4.0	0.0	139.0	43.0	0.0	193.0	32.0	0.0	2.0	0.0	0.0	0.0	0.0	0.0	0.0	0.0	0.0	0.0	0.0	0.0	0.0	0.0	0.0	0.0	0.0	0.0	0.0	0.0	0.0	0.0	172.0	0.0	0.0	111.0	82.0	0.0	2.0	0.0	0.0	0.0	0.0	0.0	0.0	0.0	0.0	0.0	0.0	0.0	0.0	0.0	0.0	0.0	0.0	0.0	0.0	4.0	0.0	61.0	139.0	0.0	0.0	43.0	115.0	0.0	4.0	0.0	0.0	0.0	2.0	0.0	0.0	0.0	0.0	0.0	0.0	0.0	0.0	0.0	0.0	0.0	0.0	0.0	0.0	6.0	0.0	143.0	82.0	0.0	0.0	0.0	122.0	0.0	2.0	4.0	0.0	2.0	0.0	0.0	0.0	0.0	0.0	0.0	0.0	0.0	0.0	0.0	0.0	0.0	0.0	0.0	0.0	0.0	0.0	198.0	8.0	0.0	0.0	0.0	108.0	39.0	0.0	4.0	0.0	0.0	0.0	0.0	0.0	0.0	0.0	0.0	0.0	0.0	0.0	0.0	0.0	0.0	0.0	0.0	0.0	0.0	43.0	202.0	0.0	0.0	2.0	0.0	93.0	98.0	0.0	2.0	2.0	0.0	0.0	0.0	0.0	0.0	0.0	0.0	0.0	0.0	0.0	0.0	0.0	0.0	0.0	0.0	0.0	0.0	135.0	143.0	0.0	2.0	0.0	0.0	52.0	148.0	0.0	0.0	0.0	0.0	2.0	0.0	2.0	0.0	0.0	0.0	0.0	0.0	0.0	0.0	0.0	0.0	0.0	0.0	0.0	0.0	211.0	21.0	0.0	0.0	0.0	0.0	2.0	187.0	0.0	0.0	0.0	0.0	0.0	0.0	0.0	0.0	0.0	0.0	0.0	0.0	0.0	50.0	58.0	71.0	63.0	58.0	17.0	176.0	254.0	41.0	65.0	43.0	30.0	17.0	32.0	154.0	23.0	34.0	41.0	50.0	58.0	78.0	32.0	0.0	0.0	0.0	0.0	0.0	0.0	82.0	106.0	95.0	87.0	80.0	58.0	187.0	209.0	106.0	74.0	82.0	76.0	87.0	76.0	141.0	91.0	65.0	80.0	89.0	91.0	122.0	61.0	0.0	0.0	0.0	0.0	0.0	0.0	63.0	89.0	65.0	61.0	74.0	34.0	161.0	189.0	65.0	61.0	67.0	63.0	71.0	74.0	119.0	100.0	76.0	84.0	78.0	71.0	111.0	56.0	0.0	0.0	0.0	0.0	0.0	0.0	63.0	89.0	74.0	74.0	84.0	50.0	146.0	128.0	91.0	78.0	71.0	65.0	65.0	50.0	143.0	135.0	58.0	87.0	80.0	74.0	102.0	65.0	0.0	0.0	0.0	0.0	0.0	0.0	71.0	113.0	87.0	89.0	91.0	56.0	128.0	161.0	130.0	67.0	69.0	76.0	87.0	78.0	98.0	106.0	80.0	104.0	106.0	100.0	104.0	54.0	0.0	0.0	0.0	0.0	0.0	0.0	50.0	95.0	78.0	84.0	89.0	84.0	67.0	189.0	163.0	56.0	65.0	78.0	80.0	91.0	78.0	80.0	78.0	82.0	93.0	87.0	108.0	45.0	0.0	0.0	0.0	0.0	0.0	0.0	54.0	108.0	87.0	84.0	93.0	76.0	89.0	220.0	196.0	106.0	82.0	91.0	89.0	93.0	91.0	91.0	84.0	89.0	91.0	76.0	102.0	39.0	0.0	0.0	0.0	0.0	0.0	0.0	43.0	115.0	91.0	91.0	102.0	82.0	91.0	215.0	207.0	128.0	87.0	102.0	95.0	95.0	91.0	91.0	98.0	82.0	82.0	87.0	104.0	32.0	0.0	0.0	0.0	0.0	0.0	0.0	28.0	100.0	93.0	93.0	106.0	87.0	95.0	213.0	217.0	150.0	89.0	102.0	93.0	100.0	98.0	100.0	95.0	93.0	82.0	76.0	102.0	43.0	0.0	0.0	0.0	0.0	0.0	0.0	63.0	115.0	108.0	98.0	108.0	91.0	132.0	228.0	220.0	183.0	108.0	104.0	113.0	111.0	106.0	102.0	104.0	102.0	87.0	80.0	84.0	47.0	0.0	0.0	0.0	0.0	0.0	0.0	91.0	185.0	154.0	150.0	148.0	126.0	156.0	204.0	217.0	180.0	137.0	139.0	141.0	137.0	130.0	150.0	146.0	139.0	139.0	124.0	119.0	65.0	0.0	0.0	0.0	0.0	0.0	0.0	67.0	172.0	137.0	143.0	139.0	135.0	135.0	165.0	150.0	119.0	139.0	132.0	128.0	135.0	130.0	126.0	128.0	137.0	119.0	113.0	137.0	74.0	0.0	0.0	0.0	0.0	0.0	0.0	61.0	143.0	119.0	117.0	122.0	122.0	135.0	163.0	156.0	135.0	137.0	143.0	139.0	137.0	143.0	130.0	135.0	141.0	128.0	130.0	135.0	82.0	0.0	0.0	0.0	0.0	0.0	0.0	39.0	150.0	119.0	122.0	124.0	137.0	150.0	143.0	154.0	139.0	132.0	143.0	143.0	143.0	152.0	152.0	156.0	159.0	148.0	148.0	165.0	41.0	0.0	0.0	0.0	0.0	0.0	0.0	0.0	150.0	161.0	128.0	128.0	128.0	139.0	143.0	141.0	143.0	143.0	141.0	139.0	139.0	148.0	150.0	146.0	150.0	143.0	154.0	163.0	0.0	0.0	0.0	0.0	0.0	0.0	0.0	0.0	32.0	154.0	167.0	156.0	159.0	148.0	150.0	154.0	163.0	169.0	169.0	169.0	167.0	161.0	159.0	152.0	165.0	169.0	146.0	23.0	0.0	0.0	0.0	0.0	0.0	0.0	0.0	0.0	0.0	2.0	67.0	91.0	130.0	130.0	137.0	143.0	143.0	124.0	111.0	104.0	106.0	106.0	111.0	126.0	115.0	93.0	0.0	0.0	0.0	0.0	0.0	0.0
0.0	0.0	0.0	0.0	0.0	0.0	0.0	0.0	0.0	0.0	0.0	0.0	0.0	0.0	0.0	0.0	0.0	0.0	0.0	53.0	102.0	144.0	169.0	149.0	33.0	0.0	0.0	0.0	0.0	0.0	0.0	0.0	0.0	0.0	0.0	0.0	0.0	0.0	0.0	0.0	0.0	0.0	0.0	0.0	0.0	106.0	130.0	118.0	108.0	73.0	91.0	206.0	235.0	0.0	0.0	0.0	0.0	0.0	0.0	0.0	0.0	0.0	0.0	0.0	0.0	0.0	0.0	0.0	0.0	0.0	0.0	0.0	0.0	149.0	137.0	122.0	71.0	0.0	0.0	137.0	229.0	37.0	0.0	0.0	0.0	0.0	0.0	0.0	0.0	0.0	0.0	0.0	0.0	0.0	0.0	0.0	0.0	0.0	0.0	0.0	0.0	0.0	7.0	85.0	153.0	201.0	134.0	132.0	194.0	110.0	0.0	0.0	0.0	0.0	0.0	0.0	0.0	0.0	0.0	0.0	0.0	0.0	0.0	0.0	0.0	0.0	0.0	1.0	0.0	0.0	0.0	0.0	0.0	17.0	203.0	158.0	122.0	126.0	0.0	0.0	0.0	0.0	0.0	0.0	0.0	0.0	0.0	0.0	0.0	0.0	0.0	0.0	0.0	1.0	0.0	0.0	0.0	29.0	111.0	171.0	216.0	223.0	91.0	61.0	31.0	48.0	0.0	0.0	0.0	0.0	0.0	0.0	0.0	0.0	0.0	0.0	0.0	0.0	0.0	0.0	0.0	0.0	2.0	0.0	2.0	134.0	116.0	73.0	0.0	0.0	0.0	101.0	12.0	19.0	0.0	0.0	0.0	0.0	0.0	0.0	0.0	0.0	0.0	0.0	0.0	0.0	0.0	0.0	0.0	1.0	1.0	0.0	0.0	80.0	145.0	186.0	212.0	223.0	129.0	76.0	0.0	0.0	0.0	0.0	0.0	0.0	0.0	0.0	0.0	0.0	0.0	0.0	0.0	0.0	0.0	0.0	0.0	0.0	0.0	0.0	0.0	0.0	0.0	0.0	0.0	13.0	124.0	136.0	0.0	1.0	0.0	0.0	0.0	0.0	0.0	0.0	0.0	0.0	0.0	0.0	0.0	0.0	0.0	0.0	0.0	0.0	0.0	0.0	1.0	3.0	0.0	0.0	19.0	123.0	137.0	47.0	0.0	2.0	0.0	0.0	0.0	0.0	0.0	0.0	0.0	0.0	0.0	0.0	0.0	0.0	0.0	0.0	0.0	0.0	0.0	0.0	0.0	0.0	88.0	198.0	205.0	126.0	18.0	0.0	2.0	0.0	0.0	0.0	0.0	0.0	0.0	0.0	0.0	0.0	0.0	0.0	0.0	0.0	0.0	0.0	0.0	0.0	0.0	0.0	0.0	130.0	176.0	50.0	0.0	0.0	0.0	1.0	1.0	0.0	0.0	0.0	0.0	0.0	0.0	0.0	0.0	0.0	0.0	0.0	0.0	0.0	0.0	0.0	0.0	1.0	2.0	0.0	14.0	112.0	0.0	0.0	0.0	3.0	0.0	0.0	0.0	0.0	0.0	0.0	0.0	0.0	0.0	0.0	0.0	0.0	0.0	0.0	0.0	0.0	1.0	0.0	0.0	1.0	2.0	0.0	12.0	83.0	0.0	0.0	0.0	0.0	48.0	96.0	0.0	2.0	0.0	0.0	0.0	0.0	0.0	0.0	0.0	0.0	0.0	0.0	0.0	0.0	0.0	1.0	0.0	1.0	2.0	2.0	0.0	73.0	75.0	59.0	84.0	99.0	147.0	105.0	0.0	4.0	0.0	0.0	0.0	0.0	0.0	0.0	0.0	0.0	0.0	0.0	0.0	0.0	0.0	0.0	1.0	1.0	0.0	0.0	0.0	66.0	174.0	166.0	164.0	165.0	163.0	114.0	0.0	2.0	0.0	0.0	0.0	0.0	0.0	0.0	0.0	1.0	1.0	0.0	0.0	3.0	4.0	0.0	0.0	0.0	12.0	13.0	97.0	129.0	144.0	157.0	149.0	163.0	132.0	43.0	0.0	1.0	0.0	0.0	0.0	0.0	0.0	0.0	0.0	0.0	0.0	0.0	1.0	0.0	0.0	0.0	0.0	124.0	241.0	99.0	59.0	0.0	143.0	157.0	199.0	90.0	0.0	0.0	0.0	0.0	0.0	0.0	0.0	0.0	0.0	0.0	0.0	0.0	1.0	2.0	0.0	26.0	25.0	54.0	143.0	179.0	132.0	152.0	189.0	192.0	178.0	194.0	103.0	0.0	0.0	4.0	3.0	0.0	0.0	0.0	0.0	0.0	1.0	0.0	0.0	0.0	0.0	0.0	48.0	249.0	168.0	32.0	29.0	153.0	119.0	117.0	121.0	131.0	144.0	141.0	0.0	0.0	0.0	0.0	0.0	0.0	0.0	0.0	0.0	0.0	1.0	3.0	0.0	71.0	119.0	141.0	144.0	91.0	100.0	205.0	148.0	135.0	132.0	147.0	164.0	154.0	178.0	101.0	30.0	83.0	71.0	68.0	28.0	0.0	0.0	0.0	0.0	0.0	0.0	0.0	1.0	118.0	94.0	233.0	99.0	93.0	100.0	122.0	170.0	144.0	152.0	144.0	154.0	144.0	168.0	193.0	202.0	205.0	188.0	209.0	88.0	0.0	0.0	0.0	0.0	0.0	59.0	109.0	98.0	116.0	93.0	78.0	111.0	126.0	144.0	135.0	124.0	152.0	168.0	172.0	201.0	217.0	242.0	246.0	222.0	216.0	212.0	216.0	30.0	0.0	0.0	0.0	0.0	0.0	71.0	181.0	170.0	193.0	187.0	177.0	164.0	177.0	174.0	178.0	192.0	211.0	227.0	232.0	230.0	228.0	218.0	216.0	213.0	211.0	209.0	209.0	6.0	0.0	0.0	0.0	0.0	0.0	31.0	179.0	171.0	191.0	200.0	214.0	225.0	228.0	228.0	234.0	232.0	219.0	216.0	216.0	216.0	210.0	212.0	216.0	213.0	209.0	207.0	198.0	0.0	0.0	0.0	0.0	0.0	0.0	1.0	215.0	200.0	196.0	193.0	200.0	210.0	218.0	209.0	205.0	215.0	211.0	210.0	207.0	199.0	200.0	202.0	205.0	206.0	201.0	214.0	202.0	0.0	0.0	0.0	0.0	0.0	0.0	0.0	3.0	120.0	212.0	236.0	242.0	241.0	245.0	242.0	244.0	245.0	246.0	246.0	248.0	252.0	252.0	253.0	254.0	250.0	209.0	217.0	137.0	0.0	0.0	0.0	0.0	0.0	0.0	0.0	0.0	0.0	0.0	39.0	83.0	118.0	145.0	148.0	137.0	128.0	114.0	105.0	94.0	86.0	74.0	65.0	53.0	45.0	33.0	17.0	0.0	0.0	0.0	0.0	0.0
0.0	0.0	1.0	1.0	0.0	1.0	0.0	0.0	0.0	0.0	34.0	95.0	0.0	0.0	0.0	0.0	52.0	70.0	0.0	0.0	0.0	2.0	1.0	0.0	1.0	0.0	0.0	0.0	0.0	0.0	0.0	1.0	1.0	0.0	0.0	11.0	59.0	111.0	113.0	182.0	169.0	226.0	255.0	188.0	175.0	162.0	105.0	85.0	31.0	0.0	0.0	0.0	1.0	0.0	0.0	0.0	0.0	0.0	1.0	0.0	0.0	27.0	89.0	127.0	127.0	115.0	101.0	86.0	81.0	95.0	91.0	88.0	78.0	92.0	115.0	136.0	139.0	126.0	73.0	1.0	0.0	0.0	0.0	0.0	0.0	0.0	0.0	0.0	49.0	117.0	113.0	95.0	94.0	97.0	98.0	102.0	101.0	98.0	91.0	97.0	104.0	97.0	101.0	92.0	95.0	111.0	128.0	82.0	1.0	0.0	0.0	0.0	0.0	0.0	0.0	18.0	118.0	102.0	92.0	92.0	92.0	89.0	94.0	92.0	86.0	85.0	88.0	94.0	92.0	92.0	95.0	99.0	95.0	98.0	89.0	126.0	24.0	0.0	0.0	0.0	0.0	0.0	0.0	59.0	127.0	102.0	95.0	94.0	97.0	91.0	86.0	91.0	92.0	88.0	86.0	89.0	91.0	99.0	102.0	101.0	98.0	94.0	99.0	121.0	57.0	0.0	0.0	0.0	0.0	0.0	0.0	95.0	118.0	107.0	98.0	89.0	84.0	86.0	86.0	86.0	89.0	89.0	85.0	85.0	92.0	92.0	89.0	89.0	88.0	97.0	107.0	111.0	97.0	0.0	0.0	0.0	0.0	0.0	0.0	111.0	126.0	123.0	111.0	102.0	102.0	94.0	91.0	88.0	89.0	91.0	86.0	86.0	95.0	97.0	91.0	98.0	104.0	102.0	111.0	102.0	111.0	0.0	0.0	0.0	0.0	0.0	0.0	108.0	107.0	117.0	146.0	169.0	111.0	105.0	91.0	91.0	88.0	84.0	88.0	91.0	92.0	94.0	105.0	97.0	136.0	162.0	104.0	97.0	114.0	0.0	0.0	0.0	0.0	0.0	1.0	118.0	104.0	114.0	169.0	130.0	85.0	86.0	82.0	85.0	85.0	85.0	86.0	88.0	88.0	92.0	92.0	94.0	95.0	155.0	104.0	104.0	123.0	5.0	0.0	0.0	0.0	0.0	4.0	126.0	97.0	120.0	92.0	63.0	104.0	82.0	86.0	86.0	84.0	81.0	82.0	82.0	82.0	89.0	84.0	99.0	65.0	89.0	130.0	92.0	120.0	27.0	0.0	0.0	0.0	0.0	10.0	123.0	95.0	121.0	66.0	52.0	117.0	78.0	86.0	84.0	76.0	86.0	88.0	84.0	84.0	85.0	81.0	113.0	55.0	47.0	149.0	94.0	124.0	37.0	0.0	0.0	0.0	0.0	14.0	121.0	98.0	136.0	70.0	7.0	140.0	79.0	88.0	92.0	81.0	97.0	85.0	85.0	91.0	85.0	79.0	130.0	27.0	24.0	160.0	98.0	127.0	43.0	0.0	0.0	0.0	0.0	20.0	115.0	91.0	149.0	46.0	0.0	130.0	88.0	88.0	105.0	89.0	89.0	85.0	94.0	99.0	92.0	82.0	123.0	8.0	15.0	160.0	111.0	121.0	43.0	0.0	0.0	0.0	0.0	31.0	118.0	89.0	140.0	13.0	0.0	113.0	105.0	97.0	91.0	94.0	88.0	94.0	92.0	97.0	95.0	89.0	128.0	4.0	0.0	159.0	118.0	121.0	39.0	0.0	0.0	0.0	0.0	42.0	120.0	86.0	133.0	4.0	0.0	110.0	113.0	101.0	92.0	89.0	91.0	89.0	97.0	94.0	97.0	89.0	131.0	0.0	0.0	155.0	117.0	126.0	55.0	0.0	0.0	0.0	0.0	55.0	104.0	86.0	117.0	1.0	0.0	127.0	111.0	92.0	97.0	94.0	84.0	98.0	92.0	95.0	101.0	92.0	130.0	2.0	0.0	134.0	104.0	114.0	68.0	0.0	0.0	0.0	0.0	70.0	104.0	97.0	105.0	0.0	0.0	130.0	105.0	95.0	97.0	95.0	89.0	97.0	95.0	92.0	99.0	98.0	124.0	11.0	0.0	113.0	101.0	108.0	66.0	0.0	0.0	0.0	0.0	76.0	110.0	99.0	115.0	0.0	1.0	131.0	104.0	98.0	95.0	98.0	94.0	95.0	98.0	91.0	97.0	102.0	120.0	11.0	0.0	91.0	118.0	114.0	68.0	0.0	0.0	0.0	0.0	65.0	115.0	99.0	114.0	0.0	15.0	139.0	102.0	97.0	92.0	95.0	95.0	94.0	98.0	94.0	97.0	102.0	124.0	14.0	0.0	79.0	126.0	118.0	63.0	0.0	0.0	0.0	0.0	49.0	118.0	105.0	97.0	0.0	31.0	139.0	98.0	102.0	102.0	101.0	98.0	101.0	101.0	101.0	95.0	94.0	131.0	39.0	0.0	82.0	118.0	118.0	52.0	0.0	0.0	0.0	0.0	43.0	113.0	108.0	91.0	0.0	63.0	137.0	89.0	101.0	102.0	107.0	105.0	107.0	107.0	104.0	102.0	91.0	120.0	55.0	0.0	82.0	124.0	118.0	47.0	0.0	0.0	0.0	0.0	43.0	118.0	114.0	89.0	0.0	97.0	121.0	95.0	102.0	104.0	107.0	104.0	104.0	104.0	97.0	104.0	95.0	111.0	68.0	0.0	79.0	123.0	115.0	44.0	0.0	0.0	0.0	0.0	42.0	120.0	118.0	69.0	0.0	114.0	111.0	104.0	104.0	105.0	108.0	108.0	108.0	108.0	102.0	105.0	104.0	123.0	92.0	0.0	75.0	130.0	124.0	46.0	0.0	0.0	0.0	0.0	44.0	120.0	117.0	63.0	0.0	149.0	124.0	120.0	120.0	121.0	124.0	121.0	118.0	118.0	117.0	120.0	115.0	123.0	117.0	0.0	69.0	117.0	123.0	49.0	0.0	0.0	0.0	0.0	50.0	117.0	117.0	69.0	1.0	149.0	136.0	131.0	134.0	134.0	136.0	131.0	130.0	131.0	131.0	137.0	133.0	143.0	147.0	0.0	75.0	124.0	117.0	50.0	0.0	0.0	0.0	0.0	65.0	156.0	150.0	73.0	0.0	1.0	0.0	1.0	2.0	2.0	2.0	2.0	2.0	2.0	2.0	1.0	2.0	4.0	8.0	0.0	81.0	134.0	131.0	63.0	0.0	0.0	0.0	0.0	14.0	50.0	33.0	10.0	0.0	0.0	0.0	0.0	0.0	0.0	0.0	0.0	0.0	0.0	0.0	0.0	0.0	0.0	0.0	0.0	20.0	55.0	59.0	17.0	0.0	0.0
0.0	0.0	0.0	0.0	0.0	0.0	0.0	0.0	0.0	13.0	147.0	119.0	122.0	120.0	123.0	148.0	143.0	135.0	159.0	13.0	0.0	0.0	0.0	0.0	0.0	0.0	0.0	0.0	0.0	0.0	0.0	0.0	0.0	0.0	0.0	0.0	0.0	113.0	255.0	255.0	255.0	255.0	252.0	255.0	255.0	250.0	255.0	96.0	0.0	0.0	0.0	0.0	0.0	0.0	0.0	0.0	0.0	0.0	0.0	0.0	0.0	0.0	0.0	0.0	0.0	126.0	253.0	215.0	226.0	230.0	232.0	235.0	225.0	217.0	250.0	113.0	0.0	0.0	0.0	0.0	0.0	0.0	0.0	0.0	0.0	0.0	0.0	0.0	0.0	0.0	0.0	0.0	0.0	162.0	253.0	229.0	236.0	237.0	227.0	233.0	239.0	229.0	252.0	152.0	0.0	0.0	0.0	0.0	0.0	0.0	0.0	0.0	0.0	0.0	0.0	0.0	0.0	0.0	0.0	0.0	0.0	200.0	244.0	231.0	235.0	238.0	229.0	233.0	231.0	228.0	245.0	178.0	0.0	0.0	0.0	0.0	0.0	0.0	0.0	0.0	0.0	0.0	0.0	0.0	0.0	0.0	0.0	0.0	0.0	222.0	232.0	229.0	234.0	234.0	237.0	236.0	236.0	233.0	240.0	197.0	0.0	0.0	0.0	0.0	0.0	0.0	0.0	0.0	0.0	0.0	0.0	0.0	0.0	0.0	0.0	0.0	0.0	214.0	228.0	229.0	230.0	244.0	245.0	248.0	233.0	232.0	228.0	191.0	0.0	0.0	0.0	0.0	0.0	0.0	0.0	0.0	0.0	0.0	0.0	0.0	0.0	0.0	0.0	0.0	0.0	212.0	227.0	222.0	231.0	238.0	15.0	247.0	237.0	223.0	217.0	184.0	0.0	0.0	0.0	0.0	0.0	0.0	0.0	0.0	0.0	0.0	0.0	0.0	0.0	0.0	0.0	0.0	0.0	196.0	227.0	216.0	235.0	241.0	0.0	254.0	238.0	227.0	209.0	170.0	0.0	0.0	0.0	0.0	0.0	0.0	0.0	0.0	0.0	0.0	0.0	0.0	0.0	0.0	0.0	0.0	0.0	174.0	242.0	217.0	236.0	235.0	0.0	253.0	245.0	226.0	229.0	166.0	0.0	0.0	0.0	0.0	0.0	0.0	0.0	0.0	0.0	0.0	0.0	0.0	0.0	0.0	0.0	0.0	0.0	134.0	253.0	215.0	242.0	225.0	0.0	227.0	254.0	226.0	248.0	131.0	0.0	0.0	0.0	0.0	0.0	0.0	0.0	0.0	0.0	0.0	0.0	0.0	0.0	0.0	0.0	0.0	0.0	90.0	255.0	218.0	245.0	201.0	0.0	210.0	254.0	223.0	254.0	94.0	0.0	0.0	0.0	0.0	0.0	0.0	0.0	0.0	0.0	0.0	0.0	0.0	0.0	0.0	0.0	0.0	0.0	41.0	255.0	214.0	250.0	180.0	0.0	191.0	240.0	214.0	254.0	47.0	0.0	0.0	0.0	0.0	0.0	0.0	0.0	0.0	0.0	0.0	0.0	0.0	0.0	0.0	0.0	0.0	0.0	0.0	250.0	208.0	234.0	181.0	0.0	185.0	239.0	209.0	248.0	0.0	0.0	0.0	0.0	0.0	0.0	0.0	0.0	0.0	0.0	0.0	0.0	0.0	0.0	0.0	0.0	0.0	0.0	0.0	214.0	207.0	231.0	193.0	0.0	186.0	235.0	209.0	208.0	0.0	0.0	0.0	0.0	0.0	0.0	0.0	0.0	0.0	0.0	0.0	0.0	0.0	0.0	0.0	0.0	0.0	0.0	0.0	165.0	212.0	228.0	203.0	0.0	176.0	233.0	208.0	157.0	0.0	0.0	0.0	0.0	0.0	0.0	0.0	0.0	0.0	0.0	0.0	0.0	0.0	0.0	0.0	0.0	0.0	0.0	0.0	153.0	216.0	228.0	206.0	0.0	170.0	238.0	206.0	144.0	0.0	0.0	0.0	0.0	0.0	0.0	0.0	0.0	0.0	0.0	0.0	0.0	0.0	0.0	0.0	0.0	0.0	0.0	0.0	152.0	226.0	233.0	200.0	0.0	164.0	243.0	215.0	147.0	0.0	0.0	0.0	0.0	0.0	0.0	0.0	0.0	0.0	0.0	0.0	0.0	0.0	0.0	0.0	0.0	0.0	0.0	0.0	162.0	236.0	241.0	144.0	0.0	121.0	244.0	230.0	159.0	0.0	0.0	0.0	0.0	0.0	0.0	0.0	0.0	0.0	0.0	0.0	0.0	0.0	0.0	0.0	0.0	0.0	0.0	0.0	191.0	241.0	241.0	86.0	0.0	74.0	243.0	235.0	187.0	0.0	0.0	0.0	0.0	0.0	0.0	0.0	0.0	0.0	0.0	0.0	0.0	0.0	0.0	0.0	0.0	0.0	0.0	0.0	222.0	239.0	240.0	59.0	0.0	31.0	239.0	235.0	224.0	0.0	0.0	0.0	0.0	0.0	0.0	0.0	0.0	0.0	0.0	0.0	0.0	0.0	0.0	0.0	0.0	0.0	0.0	0.0	231.0	238.0	241.0	54.0	0.0	24.0	238.0	234.0	236.0	0.0	0.0	0.0	0.0	0.0	0.0	0.0	0.0	0.0	0.0	0.0	0.0	0.0	0.0	0.0	0.0	0.0	0.0	0.0	220.0	241.0	239.0	53.0	0.0	27.0	239.0	238.0	228.0	0.0	0.0	0.0	0.0	0.0	0.0	0.0	0.0	0.0	0.0	0.0	0.0	0.0	0.0	0.0	0.0	0.0	0.0	0.0	194.0	245.0	234.0	16.0	0.0	3.0	234.0	244.0	197.0	0.0	0.0	0.0	0.0	0.0	0.0	0.0	0.0	0.0	0.0	0.0	0.0	0.0	0.0	0.0	0.0	0.0	0.0	0.0	170.0	249.0	224.0	0.0	0.0	0.0	222.0	253.0	167.0	0.0	0.0	0.0	0.0	0.0	0.0	0.0	0.0	0.0	0.0	0.0	0.0	0.0	0.0	0.0	0.0	0.0	0.0	0.0	136.0	249.0	212.0	0.0	0.0	0.0	205.0	254.0	126.0	0.0	0.0	0.0	0.0	0.0	0.0	0.0	0.0	0.0	0.0	0.0	0.0	0.0	0.0	0.0	0.0	0.0	0.0	0.0	148.0	255.0	223.0	0.0	0.0	0.0	216.0	255.0	142.0	0.0	0.0	0.0	0.0	0.0	0.0	0.0	0.0	0.0	0.0	0.0	0.0	0.0	0.0	0.0	0.0	0.0	0.0	0.0	41.0	173.0	93.0	0.0	0.0	0.0	82.0	176.0	55.0	0.0	0.0	0.0	0.0	0.0	0.0	0.0	0.0	0.0
0.0	0.0	0.0	0.0	0.0	0.0	0.0	2.0	3.0	0.0	0.0	24.0	223.0	220.0	222.0	206.0	69.0	0.0	0.0	3.0	2.0	0.0	0.0	0.0	0.0	0.0	0.0	0.0	0.0	0.0	0.0	0.0	0.0	0.0	4.0	0.0	0.0	0.0	0.0	163.0	255.0	248.0	247.0	255.0	212.0	0.0	0.0	0.0	0.0	4.0	0.0	0.0	0.0	0.0	0.0	0.0	0.0	0.0	0.0	0.0	1.0	0.0	0.0	0.0	82.0	198.0	255.0	232.0	229.0	249.0	249.0	236.0	227.0	248.0	180.0	102.0	0.0	0.0	0.0	0.0	0.0	0.0	0.0	0.0	0.0	0.0	0.0	0.0	0.0	0.0	83.0	213.0	238.0	235.0	223.0	223.0	234.0	240.0	236.0	224.0	224.0	234.0	239.0	242.0	214.0	71.0	0.0	0.0	0.0	0.0	0.0	0.0	0.0	0.0	0.0	0.0	0.0	7.0	230.0	227.0	214.0	220.0	221.0	224.0	233.0	229.0	224.0	238.0	225.0	222.0	222.0	217.0	227.0	238.0	30.0	0.0	0.0	0.0	0.0	0.0	0.0	0.0	0.0	0.0	0.0	120.0	239.0	217.0	220.0	222.0	222.0	217.0	219.0	226.0	222.0	223.0	222.0	225.0	226.0	222.0	218.0	239.0	162.0	0.0	0.0	0.0	0.0	0.0	0.0	0.0	0.0	0.0	0.0	164.0	239.0	223.0	218.0	222.0	221.0	224.0	225.0	229.0	223.0	225.0	222.0	223.0	223.0	224.0	219.0	239.0	203.0	0.0	0.0	0.0	0.0	0.0	0.0	0.0	0.0	0.0	0.0	187.0	239.0	229.0	222.0	224.0	226.0	227.0	227.0	227.0	222.0	231.0	230.0	223.0	222.0	223.0	223.0	242.0	218.0	0.0	0.0	0.0	0.0	0.0	0.0	0.0	0.0	0.0	0.0	212.0	238.0	233.0	225.0	224.0	223.0	223.0	222.0	227.0	222.0	218.0	218.0	228.0	224.0	223.0	232.0	240.0	230.0	0.0	0.0	0.0	0.0	0.0	0.0	0.0	0.0	0.0	0.0	235.0	235.0	234.0	225.0	222.0	222.0	223.0	223.0	229.0	223.0	220.0	219.0	224.0	225.0	219.0	238.0	233.0	249.0	0.0	0.0	0.0	0.0	0.0	0.0	0.0	0.0	0.0	0.0	249.0	237.0	235.0	223.0	226.0	224.0	224.0	224.0	229.0	223.0	227.0	227.0	225.0	225.0	219.0	240.0	230.0	253.0	0.0	0.0	0.0	0.0	0.0	0.0	0.0	0.0	0.0	0.0	253.0	240.0	240.0	221.0	224.0	224.0	225.0	226.0	227.0	224.0	226.0	223.0	227.0	224.0	219.0	241.0	226.0	254.0	9.0	0.0	0.0	0.0	0.0	0.0	0.0	0.0	0.0	22.0	253.0	234.0	244.0	224.0	223.0	223.0	224.0	223.0	229.0	225.0	226.0	222.0	223.0	224.0	219.0	248.0	223.0	253.0	48.0	0.0	0.0	0.0	0.0	0.0	0.0	0.0	0.0	64.0	253.0	231.0	247.0	222.0	221.0	223.0	223.0	224.0	227.0	222.0	224.0	221.0	222.0	223.0	221.0	251.0	223.0	253.0	85.0	0.0	0.0	0.0	0.0	0.0	0.0	0.0	0.0	103.0	253.0	228.0	254.0	236.0	221.0	223.0	224.0	223.0	227.0	223.0	225.0	222.0	223.0	222.0	225.0	254.0	227.0	253.0	111.0	0.0	0.0	0.0	0.0	0.0	0.0	0.0	0.0	132.0	252.0	231.0	251.0	214.0	230.0	221.0	224.0	225.0	228.0	225.0	227.0	223.0	221.0	226.0	218.0	250.0	234.0	252.0	132.0	0.0	0.0	0.0	0.0	0.0	0.0	0.0	0.0	154.0	247.0	239.0	225.0	155.0	246.0	216.0	225.0	228.0	227.0	224.0	225.0	223.0	219.0	238.0	189.0	195.0	246.0	247.0	151.0	0.0	0.0	0.0	0.0	0.0	0.0	0.0	0.0	173.0	237.0	254.0	178.0	126.0	253.0	216.0	225.0	227.0	226.0	223.0	225.0	222.0	219.0	243.0	182.0	137.0	255.0	231.0	167.0	0.0	0.0	0.0	0.0	0.0	0.0	0.0	0.0	187.0	225.0	255.0	143.0	130.0	253.0	214.0	225.0	227.0	228.0	225.0	226.0	224.0	220.0	240.0	200.0	75.0	255.0	229.0	177.0	0.0	0.0	0.0	0.0	0.0	0.0	0.0	0.0	199.0	223.0	255.0	106.0	173.0	250.0	215.0	226.0	226.0	227.0	224.0	225.0	222.0	220.0	238.0	212.0	29.0	255.0	227.0	189.0	0.0	0.0	0.0	0.0	0.0	0.0	0.0	0.0	201.0	223.0	255.0	37.0	200.0	241.0	219.0	226.0	225.0	227.0	225.0	226.0	223.0	221.0	232.0	222.0	33.0	255.0	224.0	194.0	0.0	0.0	0.0	0.0	0.0	0.0	0.0	0.0	201.0	223.0	255.0	18.0	212.0	236.0	221.0	226.0	224.0	227.0	226.0	227.0	224.0	222.0	222.0	243.0	60.0	255.0	225.0	192.0	0.0	0.0	0.0	0.0	0.0	0.0	0.0	0.0	198.0	225.0	255.0	43.0	226.0	229.0	224.0	227.0	223.0	231.0	224.0	225.0	227.0	223.0	218.0	252.0	60.0	250.0	229.0	183.0	0.0	0.0	0.0	0.0	0.0	0.0	0.0	0.0	163.0	232.0	255.0	52.0	238.0	225.0	227.0	223.0	219.0	234.0	225.0	223.0	224.0	226.0	215.0	252.0	64.0	244.0	230.0	172.0	0.0	0.0	0.0	0.0	0.0	0.0	0.0	0.0	118.0	238.0	223.0	47.0	244.0	220.0	223.0	218.0	223.0	237.0	223.0	224.0	220.0	224.0	218.0	252.0	34.0	233.0	238.0	157.0	0.0	0.0	0.0	0.0	0.0	0.0	0.0	0.0	112.0	236.0	219.0	36.0	255.0	219.0	218.0	220.0	227.0	232.0	217.0	225.0	220.0	218.0	216.0	253.0	0.0	209.0	237.0	163.0	0.0	0.0	0.0	0.0	0.0	0.0	0.0	0.0	141.0	252.0	240.0	0.0	134.0	255.0	233.0	232.0	248.0	252.0	238.0	236.0	248.0	229.0	241.0	218.0	0.0	255.0	252.0	170.0	0.0	0.0	0.0	0.0	0.0	0.0	0.0	0.0	26.0	128.0	107.0	0.0	0.0	29.0	111.0	154.0	178.0	187.0	195.0	190.0	186.0	168.0	126.0	0.0	0.0	67.0	109.0	21.0	0.0	0.0	0.0	0.0
0.0	0.0	0.0	0.0	0.0	0.0	0.0	0.0	1.0	0.0	0.0	37.0	192.0	177.0	171.0	199.0	27.0	0.0	0.0	0.0	1.0	3.0	0.0	0.0	0.0	0.0	0.0	0.0	0.0	0.0	0.0	0.0	0.0	0.0	9.0	0.0	0.0	0.0	0.0	135.0	230.0	162.0	155.0	253.0	164.0	14.0	0.0	0.0	0.0	0.0	3.0	0.0	0.0	0.0	0.0	0.0	0.0	0.0	0.0	0.0	1.0	0.0	0.0	0.0	64.0	152.0	232.0	207.0	195.0	155.0	157.0	201.0	227.0	224.0	221.0	172.0	94.0	4.0	0.0	0.0	0.0	0.0	0.0	0.0	0.0	0.0	0.0	0.0	0.0	0.0	112.0	179.0	205.0	199.0	192.0	197.0	216.0	194.0	192.0	220.0	210.0	192.0	191.0	203.0	207.0	208.0	62.0	0.0	1.0	0.0	0.0	0.0	0.0	0.0	0.0	0.0	0.0	75.0	208.0	186.0	178.0	185.0	172.0	197.0	213.0	195.0	200.0	208.0	199.0	188.0	187.0	181.0	180.0	204.0	192.0	0.0	0.0	0.0	0.0	0.0	0.0	0.0	0.0	0.0	0.0	180.0	190.0	179.0	185.0	182.0	184.0	178.0	166.0	193.0	185.0	167.0	187.0	186.0	184.0	184.0	192.0	192.0	223.0	28.0	0.0	0.0	0.0	0.0	0.0	0.0	0.0	0.0	0.0	205.0	190.0	182.0	182.0	185.0	182.0	185.0	181.0	182.0	180.0	180.0	185.0	186.0	182.0	184.0	201.0	195.0	219.0	72.0	0.0	0.0	0.0	0.0	0.0	0.0	0.0	0.0	0.0	210.0	186.0	194.0	181.0	181.0	182.0	178.0	180.0	184.0	182.0	177.0	179.0	185.0	184.0	194.0	211.0	188.0	218.0	95.0	0.0	0.0	0.0	0.0	0.0	0.0	0.0	0.0	0.0	217.0	179.0	193.0	193.0	175.0	175.0	174.0	178.0	182.0	184.0	174.0	177.0	177.0	186.0	206.0	208.0	185.0	219.0	106.0	0.0	0.0	0.0	0.0	0.0	0.0	0.0	0.0	14.0	217.0	175.0	186.0	206.0	184.0	173.0	174.0	177.0	179.0	180.0	173.0	174.0	172.0	194.0	210.0	203.0	186.0	214.0	119.0	0.0	0.0	0.0	0.0	0.0	0.0	0.0	0.0	35.0	220.0	170.0	194.0	213.0	186.0	181.0	174.0	177.0	175.0	181.0	177.0	178.0	179.0	199.0	213.0	217.0	178.0	214.0	129.0	0.0	0.0	0.0	0.0	0.0	0.0	0.0	0.0	49.0	220.0	171.0	191.0	198.0	198.0	179.0	177.0	175.0	173.0	178.0	175.0	175.0	182.0	192.0	210.0	186.0	180.0	208.0	149.0	0.0	0.0	0.0	0.0	0.0	0.0	0.0	0.0	70.0	220.0	173.0	174.0	103.0	225.0	175.0	179.0	175.0	174.0	180.0	177.0	179.0	179.0	204.0	195.0	112.0	207.0	198.0	185.0	0.0	0.0	0.0	0.0	0.0	0.0	0.0	0.0	77.0	214.0	179.0	187.0	41.0	240.0	179.0	179.0	177.0	174.0	180.0	178.0	180.0	180.0	216.0	174.0	61.0	229.0	194.0	205.0	0.0	0.0	0.0	0.0	0.0	0.0	0.0	0.0	94.0	190.0	184.0	197.0	0.0	224.0	186.0	179.0	177.0	175.0	179.0	179.0	184.0	177.0	223.0	153.0	33.0	238.0	188.0	188.0	0.0	0.0	0.0	0.0	0.0	0.0	0.0	0.0	110.0	186.0	194.0	181.0	0.0	217.0	192.0	179.0	179.0	177.0	178.0	177.0	184.0	178.0	229.0	145.0	0.0	240.0	186.0	197.0	0.0	0.0	0.0	0.0	0.0	0.0	0.0	0.0	114.0	184.0	197.0	165.0	0.0	208.0	198.0	178.0	180.0	181.0	184.0	178.0	184.0	178.0	226.0	157.0	0.0	244.0	184.0	201.0	4.0	0.0	0.0	0.0	0.0	0.0	0.0	0.0	103.0	182.0	195.0	135.0	0.0	201.0	192.0	177.0	180.0	181.0	187.0	179.0	184.0	177.0	221.0	173.0	0.0	226.0	186.0	204.0	30.0	0.0	0.0	0.0	0.0	0.0	0.0	0.0	95.0	182.0	194.0	88.0	0.0	208.0	191.0	177.0	180.0	180.0	181.0	177.0	182.0	182.0	208.0	197.0	0.0	193.0	193.0	206.0	48.0	0.0	0.0	0.0	0.0	0.0	0.0	0.0	93.0	182.0	198.0	35.0	0.0	224.0	188.0	180.0	180.0	179.0	184.0	180.0	184.0	186.0	192.0	218.0	0.0	155.0	197.0	205.0	62.0	0.0	0.0	0.0	0.0	0.0	0.0	0.0	87.0	182.0	195.0	1.0	0.0	232.0	184.0	181.0	180.0	179.0	184.0	179.0	180.0	182.0	186.0	239.0	0.0	108.0	198.0	205.0	74.0	0.0	0.0	0.0	0.0	0.0	0.0	0.0	80.0	184.0	224.0	0.0	0.0	238.0	180.0	180.0	180.0	180.0	181.0	178.0	180.0	185.0	184.0	252.0	0.0	33.0	201.0	205.0	83.0	0.0	0.0	0.0	0.0	0.0	0.0	0.0	75.0	185.0	223.0	0.0	3.0	239.0	179.0	179.0	180.0	181.0	185.0	181.0	182.0	187.0	182.0	255.0	16.0	0.0	237.0	205.0	90.0	0.0	0.0	0.0	0.0	0.0	0.0	0.0	67.0	188.0	204.0	0.0	14.0	234.0	179.0	179.0	179.0	180.0	187.0	181.0	179.0	178.0	181.0	249.0	46.0	0.0	225.0	210.0	94.0	0.0	0.0	0.0	0.0	0.0	0.0	0.0	66.0	190.0	160.0	0.0	5.0	231.0	180.0	180.0	178.0	177.0	180.0	179.0	181.0	180.0	180.0	211.0	50.0	0.0	175.0	204.0	114.0	0.0	0.0	0.0	0.0	0.0	0.0	0.0	103.0	211.0	167.0	0.0	0.0	190.0	181.0	177.0	173.0	173.0	173.0	172.0	174.0	177.0	179.0	211.0	23.0	0.0	166.0	220.0	129.0	0.0	0.0	0.0	0.0	0.0	0.0	0.0	62.0	151.0	142.0	0.0	0.0	179.0	194.0	188.0	219.0	214.0	208.0	208.0	210.0	188.0	201.0	165.0	0.0	0.0	121.0	146.0	89.0	0.0	0.0	0.0	0.0	0.0	0.0	0.0	0.0	0.0	0.0	0.0	0.0	0.0	30.0	55.0	81.0	96.0	90.0	100.0	89.0	76.0	41.0	0.0	0.0	0.0	0.0	0.0	0.0	0.0	0.0	0.0
0.0	0.0	0.0	0.0	0.0	0.0	0.0	0.0	0.0	0.0	0.0	0.0	0.0	0.0	0.0	0.0	0.0	0.0	0.0	0.0	0.0	0.0	0.0	0.0	0.0	0.0	0.0	0.0	0.0	0.0	0.0	0.0	0.0	0.0	0.0	0.0	0.0	0.0	0.0	0.0	0.0	0.0	0.0	0.0	0.0	0.0	0.0	0.0	0.0	0.0	0.0	0.0	0.0	0.0	0.0	0.0	0.0	0.0	0.0	0.0	0.0	0.0	0.0	0.0	0.0	0.0	0.0	0.0	0.0	0.0	0.0	0.0	0.0	0.0	0.0	0.0	0.0	0.0	0.0	0.0	0.0	0.0	0.0	0.0	0.0	0.0	0.0	0.0	0.0	0.0	0.0	0.0	0.0	0.0	0.0	0.0	0.0	0.0	0.0	0.0	0.0	0.0	0.0	0.0	0.0	0.0	0.0	0.0	0.0	0.0	0.0	0.0	0.0	0.0	0.0	0.0	0.0	0.0	0.0	0.0	0.0	0.0	0.0	0.0	0.0	0.0	0.0	0.0	0.0	0.0	0.0	0.0	0.0	0.0	0.0	0.0	0.0	0.0	0.0	0.0	0.0	0.0	0.0	0.0	0.0	0.0	0.0	0.0	0.0	0.0	0.0	0.0	0.0	0.0	0.0	0.0	0.0	0.0	0.0	0.0	0.0	0.0	0.0	0.0	0.0	0.0	0.0	0.0	0.0	0.0	0.0	0.0	0.0	0.0	0.0	0.0	0.0	0.0	0.0	0.0	0.0	0.0	0.0	0.0	0.0	0.0	0.0	0.0	0.0	0.0	0.0	0.0	0.0	0.0	0.0	0.0	0.0	0.0	0.0	0.0	0.0	0.0	0.0	0.0	0.0	0.0	0.0	0.0	0.0	1.0	0.0	0.0	0.0	49.0	135.0	182.0	150.0	59.0	0.0	0.0	0.0	0.0	0.0	0.0	0.0	0.0	0.0	0.0	0.0	0.0	0.0	0.0	0.0	0.0	0.0	0.0	0.0	0.0	0.0	0.0	78.0	255.0	220.0	212.0	219.0	255.0	246.0	191.0	155.0	87.0	0.0	0.0	0.0	0.0	0.0	0.0	0.0	0.0	0.0	0.0	0.0	0.0	0.0	0.0	1.0	0.0	0.0	57.0	206.0	215.0	203.0	191.0	203.0	212.0	216.0	217.0	220.0	211.0	15.0	0.0	0.0	0.0	0.0	0.0	0.0	0.0	0.0	0.0	0.0	0.0	1.0	0.0	0.0	0.0	58.0	231.0	220.0	210.0	199.0	209.0	218.0	218.0	217.0	208.0	200.0	215.0	56.0	0.0	0.0	0.0	0.0	0.0	1.0	2.0	0.0	0.0	4.0	0.0	0.0	0.0	0.0	145.0	213.0	207.0	199.0	187.0	203.0	210.0	216.0	217.0	215.0	215.0	206.0	215.0	130.0	0.0	0.0	0.0	0.0	0.0	1.0	2.0	4.0	0.0	0.0	0.0	3.0	105.0	225.0	205.0	190.0	201.0	210.0	214.0	213.0	215.0	215.0	212.0	211.0	208.0	205.0	207.0	218.0	0.0	1.0	5.0	7.0	0.0	0.0	0.0	0.0	0.0	52.0	162.0	217.0	189.0	174.0	157.0	187.0	198.0	202.0	217.0	220.0	223.0	224.0	222.0	217.0	211.0	217.0	201.0	247.0	65.0	0.0	0.0	0.0	0.0	0.0	0.0	21.0	72.0	185.0	189.0	171.0	171.0	185.0	203.0	200.0	207.0	208.0	209.0	214.0	219.0	222.0	222.0	224.0	215.0	218.0	211.0	212.0	148.0	0.0	70.0	114.0	129.0	145.0	159.0	179.0	196.0	172.0	176.0	185.0	196.0	199.0	206.0	201.0	210.0	212.0	213.0	216.0	218.0	219.0	217.0	212.0	207.0	208.0	200.0	198.0	173.0	0.0	122.0	158.0	184.0	194.0	192.0	193.0	196.0	203.0	209.0	211.0	211.0	215.0	218.0	221.0	222.0	226.0	227.0	227.0	226.0	226.0	223.0	222.0	216.0	211.0	208.0	216.0	185.0	21.0	0.0	0.0	12.0	48.0	82.0	123.0	152.0	170.0	184.0	195.0	211.0	225.0	232.0	233.0	237.0	242.0	242.0	240.0	240.0	238.0	236.0	222.0	209.0	200.0	193.0	185.0	106.0	26.0	47.0	54.0	18.0	5.0	0.0	0.0	0.0	0.0	0.0	0.0	0.0	0.0	0.0	2.0	4.0	6.0	9.0	9.0	8.0	9.0	6.0	6.0	4.0	2.0	0.0	0.0	0.0	0.0	10.0	27.0	45.0	55.0	59.0	57.0	50.0	44.0	51.0	58.0	62.0	65.0	56.0	54.0	57.0	59.0	61.0	60.0	63.0	68.0	67.0	66.0	73.0	77.0	74.0	65.0	39.0	0.0	0.0	0.0	0.0	4.0	9.0	18.0	23.0	26.0	25.0	23.0	25.0	29.0	37.0	38.0	37.0	39.0	36.0	29.0	31.0	33.0	34.0	28.0	24.0	20.0	14.0	7.0	0.0	0.0	0.0	0.0	0.0	0.0	0.0	0.0	0.0	0.0	0.0	0.0	0.0	0.0	0.0	0.0	0.0	0.0	0.0	0.0	0.0	0.0	0.0	0.0	0.0	0.0	0.0	0.0	0.0	0.0	0.0	0.0	0.0	0.0	0.0	0.0	0.0	0.0	0.0	0.0	0.0	0.0	0.0	0.0	0.0	0.0	0.0	0.0	0.0	0.0	0.0	0.0	0.0	0.0	0.0	0.0	0.0	0.0	0.0	0.0	0.0	0.0	0.0	0.0	0.0	0.0	0.0	0.0	0.0	0.0	0.0	0.0	0.0	0.0	0.0	0.0	0.0	0.0	0.0	0.0	0.0	0.0	0.0	0.0	0.0	0.0	0.0	0.0	0.0	0.0	0.0	0.0	0.0	0.0	0.0	0.0	0.0	0.0	0.0	0.0	0.0	0.0	0.0	0.0	0.0	0.0	0.0	0.0	0.0	0.0	0.0	0.0	0.0	0.0	0.0	0.0	0.0	0.0	0.0	0.0	0.0	0.0	0.0	0.0	0.0	0.0	0.0	0.0	0.0	0.0	0.0	0.0	0.0	0.0	0.0	0.0	0.0	0.0	0.0	0.0	0.0	0.0	0.0	0.0	0.0	0.0	0.0	0.0	0.0	0.0	0.0	0.0	0.0	0.0	0.0	0.0	0.0	0.0	0.0	0.0	0.0	0.0	0.0	0.0	0.0	0.0	0.0	0.0	0.0	0.0	0.0	0.0	0.0	0.0	0.0	0.0	0.0	0.0	0.0	0.0	0.0	0.0	0.0	0.0	0.0	0.0	0.0	0.0	0.0	0.0	0.0	0.0	0.0	0.0	0.0	0.0	0.0
0.0	0.0	0.0	0.0	0.0	0.0	0.0	0.0	0.0	0.0	0.0	0.0	0.0	0.0	0.0	0.0	0.0	0.0	0.0	0.0	0.0	0.0	0.0	0.0	0.0	0.0	0.0	0.0	0.0	0.0	0.0	0.0	0.0	0.0	0.0	0.0	0.0	0.0	0.0	0.0	0.0	0.0	0.0	0.0	0.0	0.0	0.0	0.0	0.0	0.0	0.0	0.0	0.0	0.0	0.0	0.0	0.0	0.0	0.0	0.0	0.0	0.0	0.0	0.0	0.0	0.0	0.0	0.0	0.0	0.0	0.0	0.0	0.0	0.0	0.0	0.0	0.0	0.0	0.0	0.0	0.0	0.0	0.0	0.0	0.0	0.0	0.0	0.0	0.0	0.0	0.0	0.0	0.0	0.0	0.0	0.0	0.0	0.0	0.0	0.0	0.0	0.0	0.0	0.0	0.0	0.0	0.0	0.0	0.0	0.0	0.0	0.0	0.0	0.0	0.0	0.0	0.0	0.0	0.0	0.0	0.0	0.0	0.0	0.0	0.0	0.0	0.0	0.0	0.0	0.0	0.0	0.0	0.0	0.0	0.0	0.0	0.0	0.0	0.0	0.0	0.0	0.0	0.0	0.0	0.0	0.0	0.0	0.0	0.0	0.0	0.0	0.0	0.0	0.0	0.0	0.0	82.0	187.0	26.0	0.0	0.0	0.0	0.0	0.0	0.0	0.0	0.0	0.0	0.0	0.0	0.0	0.0	0.0	0.0	0.0	0.0	0.0	1.0	0.0	0.0	1.0	0.0	0.0	179.0	240.0	237.0	255.0	240.0	139.0	83.0	64.0	43.0	60.0	54.0	0.0	1.0	0.0	0.0	0.0	0.0	0.0	0.0	0.0	0.0	0.0	1.0	0.0	0.0	1.0	0.0	58.0	239.0	222.0	234.0	238.0	246.0	252.0	254.0	255.0	248.0	255.0	187.0	0.0	0.0	0.0	0.0	0.0	0.0	0.0	0.0	0.0	0.0	0.0	0.0	2.0	3.0	0.0	0.0	194.0	239.0	226.0	237.0	235.0	232.0	230.0	234.0	234.0	233.0	249.0	171.0	0.0	0.0	0.0	0.0	0.0	0.0	0.0	0.0	0.0	0.0	0.0	1.0	1.0	0.0	0.0	10.0	255.0	226.0	242.0	239.0	238.0	239.0	240.0	239.0	242.0	238.0	248.0	192.0	0.0	0.0	0.0	0.0	0.0	0.0	0.0	0.0	0.0	0.0	0.0	0.0	0.0	0.0	0.0	172.0	245.0	229.0	240.0	241.0	240.0	241.0	243.0	243.0	241.0	227.0	250.0	209.0	0.0	0.0	0.0	0.0	0.0	0.0	0.0	0.0	0.0	0.0	0.0	6.0	5.0	0.0	62.0	255.0	230.0	236.0	239.0	241.0	242.0	241.0	242.0	242.0	238.0	238.0	242.0	253.0	0.0	0.0	0.0	0.0	0.0	0.0	0.0	0.0	0.0	0.0	0.0	3.0	0.0	0.0	255.0	235.0	228.0	244.0	241.0	241.0	244.0	243.0	243.0	244.0	243.0	239.0	235.0	255.0	22.0	0.0	0.0	0.0	0.0	0.0	0.0	0.0	0.0	0.0	0.0	0.0	0.0	246.0	228.0	220.0	245.0	243.0	237.0	241.0	242.0	242.0	242.0	243.0	239.0	237.0	235.0	253.0	106.0	0.0	0.0	0.0	3.0	4.0	4.0	2.0	1.0	0.0	0.0	18.0	243.0	228.0	231.0	241.0	243.0	237.0	238.0	242.0	241.0	240.0	240.0	240.0	235.0	237.0	236.0	246.0	234.0	0.0	1.0	0.0	0.0	0.0	0.0	0.0	0.0	0.0	22.0	255.0	238.0	227.0	238.0	239.0	237.0	241.0	241.0	237.0	236.0	238.0	239.0	239.0	239.0	239.0	239.0	237.0	255.0	0.0	0.0	0.0	0.0	0.0	0.0	25.0	83.0	168.0	255.0	225.0	225.0	235.0	228.0	230.0	227.0	225.0	227.0	231.0	232.0	237.0	240.0	236.0	238.0	239.0	239.0	235.0	251.0	62.0	0.0	165.0	225.0	220.0	224.0	255.0	255.0	233.0	229.0	223.0	227.0	228.0	231.0	232.0	235.0	237.0	233.0	230.0	228.0	230.0	233.0	232.0	235.0	233.0	234.0	235.0	255.0	58.0	52.0	251.0	221.0	226.0	227.0	225.0	225.0	225.0	226.0	226.0	225.0	227.0	231.0	229.0	232.0	239.0	245.0	250.0	251.0	252.0	254.0	254.0	252.0	254.0	252.0	235.0	255.0	0.0	31.0	208.0	230.0	233.0	233.0	237.0	236.0	236.0	241.0	235.0	241.0	247.0	251.0	254.0	242.0	236.0	233.0	227.0	219.0	202.0	193.0	189.0	186.0	181.0	171.0	165.0	190.0	42.0	77.0	199.0	172.0	188.0	199.0	202.0	218.0	219.0	220.0	229.0	234.0	222.0	213.0	209.0	207.0	210.0	203.0	184.0	152.0	171.0	165.0	162.0	162.0	167.0	168.0	157.0	192.0	78.0	0.0	45.0	101.0	140.0	159.0	174.0	182.0	186.0	185.0	188.0	195.0	197.0	188.0	175.0	133.0	70.0	19.0	0.0	0.0	209.0	231.0	218.0	222.0	224.0	227.0	217.0	229.0	93.0	0.0	0.0	0.0	0.0	0.0	0.0	2.0	24.0	37.0	45.0	32.0	18.0	11.0	0.0	0.0	0.0	0.0	0.0	0.0	72.0	51.0	53.0	37.0	34.0	29.0	31.0	5.0	0.0	0.0	0.0	0.0	0.0	0.0	0.0	0.0	0.0	0.0	0.0	0.0	0.0	0.0	0.0	0.0	0.0	0.0	0.0	0.0	0.0	0.0	0.0	0.0	0.0	0.0	0.0	0.0	0.0	0.0	0.0	0.0	0.0	0.0	0.0	0.0	0.0	0.0	0.0	0.0	0.0	0.0	0.0	0.0	0.0	0.0	0.0	0.0	0.0	0.0	0.0	0.0	0.0	0.0	0.0	0.0	0.0	0.0	0.0	0.0	0.0	0.0	0.0	0.0	0.0	0.0	0.0	0.0	0.0	0.0	0.0	0.0	0.0	0.0	0.0	0.0	0.0	0.0	0.0	0.0	0.0	0.0	0.0	0.0	0.0	0.0	0.0	0.0	0.0	0.0	0.0	0.0	0.0	0.0	0.0	0.0	0.0	0.0	0.0	0.0	0.0	0.0	0.0	0.0	0.0	0.0	0.0	0.0	0.0	0.0	0.0	0.0	0.0	0.0	0.0	0.0	0.0	0.0	0.0	0.0	0.0	0.0	0.0	0.0	0.0	0.0	0.0	0.0	0.0	0.0	0.0	0.0	0.0	0.0	0.0	0.0	0.0	0.0	0.0	0.0	0.0
0.0	0.0	0.0	0.0	0.0	0.0	0.0	0.0	0.0	0.0	0.0	0.0	0.0	0.0	0.0	0.0	0.0	0.0	0.0	0.0	0.0	0.0	0.0	0.0	0.0	0.0	0.0	0.0	0.0	0.0	0.0	0.0	0.0	0.0	0.0	0.0	0.0	0.0	0.0	0.0	0.0	0.0	0.0	0.0	0.0	0.0	0.0	0.0	0.0	0.0	0.0	0.0	0.0	0.0	0.0	0.0	0.0	0.0	0.0	0.0	0.0	0.0	0.0	0.0	0.0	0.0	0.0	0.0	0.0	0.0	0.0	0.0	0.0	0.0	0.0	0.0	0.0	0.0	0.0	0.0	0.0	0.0	0.0	0.0	0.0	0.0	0.0	0.0	0.0	0.0	0.0	0.0	0.0	0.0	0.0	0.0	0.0	0.0	0.0	0.0	0.0	0.0	0.0	0.0	0.0	0.0	0.0	0.0	0.0	0.0	0.0	0.0	0.0	0.0	0.0	0.0	0.0	0.0	0.0	0.0	0.0	0.0	0.0	0.0	0.0	0.0	0.0	0.0	0.0	0.0	0.0	0.0	0.0	0.0	0.0	0.0	0.0	0.0	0.0	0.0	0.0	0.0	0.0	0.0	0.0	0.0	0.0	0.0	0.0	0.0	0.0	0.0	0.0	0.0	0.0	0.0	0.0	0.0	0.0	0.0	0.0	0.0	0.0	0.0	0.0	0.0	0.0	0.0	0.0	0.0	0.0	0.0	0.0	0.0	0.0	0.0	0.0	0.0	0.0	0.0	0.0	0.0	0.0	0.0	0.0	0.0	0.0	0.0	0.0	0.0	0.0	0.0	0.0	0.0	0.0	0.0	0.0	0.0	0.0	0.0	0.0	0.0	0.0	0.0	0.0	0.0	0.0	0.0	0.0	0.0	0.0	0.0	0.0	0.0	0.0	0.0	0.0	0.0	0.0	0.0	0.0	0.0	0.0	0.0	0.0	0.0	0.0	0.0	0.0	0.0	0.0	0.0	0.0	0.0	0.0	2.0	0.0	0.0	57.0	40.0	0.0	0.0	0.0	0.0	0.0	1.0	0.0	0.0	3.0	4.0	0.0	0.0	0.0	0.0	0.0	0.0	0.0	0.0	0.0	0.0	0.0	0.0	3.0	0.0	0.0	69.0	167.0	159.0	80.0	0.0	0.0	4.0	6.0	4.0	7.0	0.0	0.0	0.0	0.0	0.0	0.0	0.0	0.0	0.0	0.0	0.0	0.0	0.0	0.0	0.0	0.0	0.0	127.0	156.0	123.0	161.0	174.0	156.0	0.0	0.0	0.0	0.0	0.0	0.0	50.0	108.0	149.0	64.0	0.0	0.0	0.0	0.0	0.0	0.0	0.0	0.0	6.0	0.0	54.0	210.0	132.0	120.0	185.0	126.0	89.0	172.0	186.0	111.0	89.0	79.0	123.0	147.0	135.0	128.0	125.0	102.0	0.0	0.0	1.0	0.0	1.0	2.0	4.0	0.0	0.0	0.0	156.0	185.0	0.0	21.0	179.0	186.0	114.0	82.0	121.0	153.0	151.0	152.0	129.0	129.0	121.0	116.0	70.0	0.0	0.0	0.0	0.0	0.0	0.0	0.0	0.0	0.0	0.0	72.0	173.0	162.0	0.0	0.0	0.0	22.0	172.0	151.0	90.0	105.0	110.0	127.0	150.0	121.0	55.0	0.0	0.0	0.0	1.0	3.0	2.0	0.0	0.0	10.0	78.0	144.0	178.0	199.0	173.0	170.0	0.0	0.0	0.0	0.0	0.0	143.0	180.0	125.0	137.0	156.0	42.0	0.0	0.0	0.0	0.0	1.0	0.0	0.0	0.0	0.0	109.0	169.0	147.0	123.0	103.0	150.0	200.0	190.0	0.0	0.0	1.0	0.0	0.0	0.0	74.0	123.0	117.0	97.0	0.0	0.0	1.0	0.0	0.0	0.0	0.0	16.0	25.0	0.0	120.0	129.0	108.0	127.0	111.0	84.0	141.0	229.0	0.0	0.0	0.0	0.0	51.0	85.0	107.0	117.0	98.0	125.0	128.0	141.0	138.0	120.0	93.0	0.0	145.0	161.0	121.0	150.0	126.0	114.0	125.0	119.0	117.0	126.0	76.0	176.0	74.0	76.0	145.0	157.0	137.0	120.0	139.0	147.0	153.0	163.0	147.0	143.0	140.0	138.0	170.0	82.0	56.0	193.0	200.0	180.0	156.0	132.0	102.0	85.0	90.0	98.0	93.0	78.0	172.0	150.0	125.0	131.0	167.0	197.0	221.0	227.0	218.0	209.0	208.0	200.0	191.0	179.0	198.0	43.0	0.0	0.0	81.0	179.0	239.0	254.0	246.0	242.0	215.0	200.0	186.0	198.0	200.0	186.0	204.0	209.0	246.0	228.0	212.0	215.0	238.0	232.0	216.0	214.0	203.0	178.0	230.0	42.0	0.0	0.0	0.0	0.0	0.0	0.0	50.0	98.0	101.0	159.0	152.0	121.0	135.0	96.0	50.0	0.0	0.0	0.0	0.0	0.0	33.0	70.0	96.0	107.0	107.0	89.0	42.0	0.0	0.0	0.0	0.0	0.0	0.0	0.0	0.0	0.0	0.0	0.0	0.0	0.0	0.0	0.0	0.0	0.0	0.0	0.0	0.0	0.0	0.0	0.0	0.0	0.0	0.0	0.0	0.0	0.0	0.0	0.0	0.0	0.0	0.0	0.0	0.0	0.0	0.0	0.0	0.0	0.0	0.0	0.0	0.0	0.0	0.0	0.0	0.0	0.0	0.0	0.0	0.0	0.0	0.0	0.0	0.0	0.0	0.0	0.0	0.0	0.0	0.0	0.0	0.0	0.0	0.0	0.0	0.0	0.0	0.0	0.0	0.0	0.0	0.0	0.0	0.0	0.0	0.0	0.0	0.0	0.0	0.0	0.0	0.0	0.0	0.0	0.0	0.0	0.0	0.0	0.0	0.0	0.0	0.0	0.0	0.0	0.0	0.0	0.0	0.0	0.0	0.0	0.0	0.0	0.0	0.0	0.0	0.0	0.0	0.0	0.0	0.0	0.0	0.0	0.0	0.0	0.0	0.0	0.0	0.0	0.0	0.0	0.0	0.0	0.0	0.0	0.0	0.0	0.0	0.0	0.0	0.0	0.0	0.0	0.0	0.0	0.0	0.0	0.0	0.0	0.0	0.0	0.0	0.0	0.0	0.0	0.0	0.0	0.0	0.0	0.0	0.0	0.0	0.0	0.0	0.0	0.0	0.0	0.0	0.0	0.0	0.0	0.0	0.0	0.0	0.0	0.0	0.0	0.0	0.0	0.0	0.0	0.0	0.0	0.0	0.0	0.0	0.0	0.0	0.0	0.0	0.0	0.0	0.0	0.0	0.0	0.0	0.0	0.0	0.0	0.0	0.0	0.0	0.0	0.0	0.0	0.0
0.0	0.0	0.0	0.0	0.0	0.0	0.0	0.0	0.0	0.0	0.0	1.0	0.0	34.0	116.0	0.0	0.0	0.0	0.0	0.0	0.0	0.0	0.0	0.0	0.0	0.0	0.0	0.0	0.0	0.0	0.0	0.0	0.0	0.0	0.0	0.0	0.0	0.0	0.0	0.0	0.0	201.0	254.0	247.0	255.0	255.0	255.0	255.0	255.0	255.0	255.0	255.0	142.0	0.0	1.0	0.0	0.0	0.0	0.0	0.0	0.0	0.0	0.0	0.0	0.0	0.0	2.0	0.0	68.0	227.0	224.0	238.0	249.0	244.0	247.0	245.0	244.0	244.0	243.0	255.0	218.0	0.0	0.0	0.0	0.0	0.0	0.0	0.0	0.0	0.0	0.0	0.0	0.0	0.0	0.0	0.0	207.0	227.0	225.0	237.0	240.0	237.0	240.0	243.0	240.0	241.0	236.0	244.0	223.0	0.0	0.0	0.0	0.0	0.0	0.0	0.0	0.0	0.0	0.0	0.0	0.0	0.0	0.0	0.0	177.0	234.0	235.0	235.0	241.0	240.0	243.0	246.0	244.0	244.0	244.0	239.0	255.0	18.0	0.0	1.0	0.0	0.0	0.0	0.0	0.0	0.0	0.0	0.0	0.0	1.0	0.0	0.0	220.0	216.0	236.0	237.0	245.0	242.0	241.0	244.0	244.0	243.0	248.0	228.0	255.0	91.0	0.0	0.0	0.0	0.0	0.0	0.0	0.0	0.0	0.0	0.0	0.0	1.0	0.0	17.0	255.0	242.0	239.0	232.0	236.0	239.0	239.0	243.0	243.0	243.0	244.0	231.0	255.0	215.0	0.0	0.0	0.0	0.0	0.0	0.0	0.0	0.0	0.0	0.0	0.0	1.0	0.0	53.0	245.0	217.0	236.0	231.0	234.0	239.0	240.0	240.0	241.0	243.0	242.0	239.0	236.0	255.0	68.0	0.0	0.0	0.0	0.0	0.0	0.0	0.0	0.0	0.0	0.0	0.0	0.0	130.0	255.0	226.0	233.0	233.0	235.0	240.0	243.0	243.0	244.0	243.0	244.0	238.0	231.0	255.0	234.0	0.0	0.0	0.0	0.0	0.0	0.0	0.0	0.0	0.0	0.0	0.0	0.0	217.0	225.0	233.0	231.0	234.0	236.0	240.0	243.0	243.0	242.0	242.0	241.0	240.0	241.0	224.0	255.0	54.0	0.0	0.0	0.0	0.0	0.0	0.0	0.0	0.0	0.0	0.0	46.0	255.0	228.0	238.0	233.0	235.0	237.0	242.0	239.0	239.0	237.0	238.0	241.0	234.0	246.0	229.0	246.0	128.0	0.0	0.0	0.0	0.0	0.0	3.0	3.0	0.0	0.0	0.0	216.0	247.0	230.0	230.0	232.0	233.0	236.0	241.0	237.0	234.0	240.0	233.0	234.0	234.0	234.0	234.0	255.0	137.0	0.0	0.0	0.0	0.0	0.0	0.0	0.0	1.0	0.0	28.0	239.0	227.0	237.0	237.0	228.0	230.0	232.0	235.0	235.0	237.0	235.0	237.0	234.0	236.0	251.0	250.0	242.0	12.0	0.0	0.0	0.0	0.0	0.0	0.0	0.0	0.0	0.0	233.0	243.0	223.0	232.0	229.0	233.0	231.0	233.0	233.0	234.0	233.0	231.0	233.0	249.0	244.0	221.0	208.0	181.0	0.0	0.0	0.0	0.0	0.0	0.0	3.0	0.0	0.0	208.0	218.0	232.0	238.0	229.0	232.0	235.0	233.0	236.0	240.0	243.0	232.0	247.0	255.0	231.0	203.0	195.0	215.0	194.0	0.0	0.0	0.0	4.0	0.0	0.0	0.0	0.0	151.0	255.0	230.0	229.0	232.0	235.0	234.0	225.0	235.0	236.0	243.0	226.0	255.0	255.0	73.0	147.0	229.0	203.0	219.0	190.0	0.0	0.0	0.0	0.0	0.0	0.0	0.0	91.0	255.0	214.0	238.0	231.0	232.0	233.0	235.0	239.0	231.0	230.0	240.0	255.0	232.0	13.0	0.0	163.0	242.0	203.0	209.0	178.0	0.0	0.0	0.0	119.0	200.0	226.0	255.0	254.0	128.0	241.0	231.0	232.0	233.0	236.0	235.0	238.0	240.0	241.0	255.0	186.0	0.0	0.0	0.0	150.0	243.0	201.0	208.0	169.0	0.0	0.0	66.0	255.0	218.0	217.0	233.0	223.0	231.0	231.0	231.0	233.0	234.0	238.0	235.0	237.0	243.0	255.0	174.0	0.0	0.0	1.0	0.0	136.0	220.0	197.0	209.0	174.0	0.0	0.0	123.0	255.0	217.0	218.0	233.0	232.0	233.0	229.0	230.0	232.0	236.0	239.0	243.0	238.0	255.0	232.0	0.0	0.0	0.0	2.0	0.0	99.0	225.0	194.0	209.0	178.0	0.0	0.0	123.0	255.0	216.0	237.0	237.0	233.0	231.0	232.0	237.0	235.0	240.0	235.0	237.0	233.0	255.0	81.0	0.0	0.0	0.0	2.0	0.0	81.0	227.0	195.0	214.0	168.0	0.0	0.0	127.0	255.0	214.0	223.0	229.0	233.0	231.0	239.0	240.0	235.0	230.0	230.0	226.0	254.0	225.0	0.0	0.0	0.0	0.0	3.0	0.0	64.0	224.0	197.0	214.0	160.0	0.0	0.0	122.0	255.0	217.0	220.0	228.0	231.0	229.0	235.0	236.0	236.0	230.0	237.0	231.0	255.0	106.0	0.0	8.0	0.0	0.0	4.0	0.0	37.0	220.0	199.0	215.0	148.0	0.0	0.0	116.0	255.0	214.0	217.0	226.0	230.0	232.0	241.0	240.0	241.0	236.0	238.0	236.0	238.0	0.0	0.0	3.0	0.0	0.0	4.0	0.0	28.0	217.0	201.0	216.0	141.0	0.0	0.0	65.0	255.0	238.0	232.0	222.0	219.0	221.0	236.0	243.0	240.0	238.0	229.0	243.0	131.0	0.0	0.0	0.0	0.0	0.0	5.0	0.0	11.0	213.0	204.0	218.0	124.0	0.0	0.0	0.0	44.0	157.0	226.0	255.0	247.0	247.0	246.0	243.0	242.0	246.0	252.0	228.0	0.0	0.0	0.0	0.0	0.0	0.0	4.0	0.0	2.0	216.0	212.0	223.0	118.0	0.0	0.0	0.0	0.0	0.0	0.0	28.0	97.0	192.0	245.0	255.0	255.0	255.0	169.0	0.0	0.0	0.0	0.0	0.0	0.0	0.0	3.0	0.0	4.0	248.0	198.0	198.0	101.0	0.0	0.0	0.0	2.0	0.0	0.0	0.0	0.0	0.0	0.0	0.0	0.0	0.0	0.0	0.0	0.0	0.0	0.0	0.0	0.0	0.0	0.0	0.0	0.0	0.0	0.0	0.0	0.0	0.0
0.0	0.0	0.0	1.0	0.0	0.0	0.0	0.0	0.0	34.0	148.0	202.0	107.0	84.0	162.0	198.0	90.0	26.0	0.0	0.0	0.0	0.0	0.0	0.0	0.0	0.0	0.0	0.0	0.0	0.0	0.0	0.0	0.0	0.0	21.0	107.0	166.0	168.0	152.0	204.0	238.0	248.0	237.0	190.0	142.0	178.0	158.0	98.0	17.0	0.0	0.0	0.0	0.0	0.0	0.0	0.0	0.0	0.0	0.0	1.0	0.0	55.0	188.0	140.0	131.0	121.0	119.0	116.0	146.0	157.0	132.0	115.0	136.0	125.0	140.0	143.0	181.0	51.0	0.0	0.0	0.0	0.0	0.0	0.0	0.0	0.0	0.0	0.0	0.0	167.0	134.0	113.0	130.0	134.0	140.0	132.0	125.0	125.0	131.0	135.0	130.0	133.0	131.0	115.0	135.0	163.0	6.0	0.0	0.0	0.0	0.0	0.0	0.0	0.0	0.0	0.0	58.0	148.0	133.0	124.0	134.0	128.0	135.0	128.0	133.0	130.0	133.0	137.0	138.0	130.0	124.0	130.0	133.0	147.0	82.0	0.0	1.0	0.0	0.0	0.0	0.0	0.0	0.0	0.0	86.0	148.0	158.0	139.0	124.0	120.0	131.0	134.0	132.0	134.0	124.0	134.0	132.0	137.0	126.0	137.0	136.0	146.0	114.0	0.0	0.0	0.0	0.0	0.0	0.0	0.0	0.0	0.0	112.0	141.0	174.0	143.0	117.0	134.0	130.0	128.0	131.0	136.0	134.0	128.0	128.0	131.0	106.0	187.0	149.0	147.0	143.0	0.0	0.0	0.0	0.0	0.0	0.0	0.0	0.0	0.0	134.0	151.0	167.0	154.0	114.0	134.0	138.0	139.0	135.0	135.0	130.0	130.0	124.0	129.0	119.0	229.0	141.0	145.0	164.0	0.0	0.0	0.0	0.0	0.0	0.0	0.0	0.0	0.0	136.0	154.0	169.0	157.0	109.0	147.0	140.0	137.0	137.0	136.0	142.0	141.0	139.0	129.0	123.0	201.0	146.0	138.0	172.0	21.0	0.0	0.0	0.0	0.0	0.0	0.0	0.0	0.0	145.0	158.0	171.0	175.0	111.0	136.0	145.0	136.0	135.0	138.0	137.0	143.0	146.0	140.0	122.0	184.0	167.0	136.0	170.0	58.0	0.0	0.0	0.0	0.0	0.0	0.0	0.0	0.0	151.0	155.0	189.0	183.0	120.0	135.0	132.0	136.0	135.0	133.0	128.0	130.0	134.0	120.0	153.0	230.0	156.0	135.0	167.0	83.0	0.0	0.0	0.0	0.0	0.0	0.0	0.0	1.0	166.0	151.0	208.0	175.0	116.0	142.0	144.0	138.0	149.0	133.0	131.0	137.0	140.0	119.0	126.0	206.0	198.0	141.0	166.0	101.0	0.0	0.0	0.0	0.0	0.0	0.0	0.0	6.0	169.0	146.0	237.0	187.0	104.0	131.0	136.0	149.0	147.0	137.0	137.0	137.0	132.0	137.0	113.0	166.0	206.0	151.0	162.0	126.0	0.0	0.0	0.0	0.0	0.0	0.0	0.0	20.0	180.0	136.0	231.0	214.0	105.0	134.0	140.0	139.0	136.0	137.0	136.0	148.0	134.0	149.0	111.0	139.0	255.0	151.0	158.0	147.0	0.0	0.0	0.0	0.0	0.0	0.0	0.0	33.0	184.0	109.0	217.0	182.0	105.0	124.0	143.0	131.0	135.0	137.0	139.0	138.0	131.0	142.0	132.0	99.0	249.0	162.0	157.0	172.0	0.0	0.0	0.0	0.0	0.0	0.0	0.0	35.0	180.0	112.0	233.0	143.0	109.0	133.0	145.0	146.0	142.0	142.0	139.0	141.0	135.0	141.0	152.0	101.0	205.0	163.0	154.0	170.0	0.0	0.0	0.0	0.0	0.0	0.0	0.0	42.0	183.0	123.0	217.0	117.0	126.0	137.0	140.0	134.0	137.0	135.0	143.0	141.0	133.0	133.0	149.0	107.0	166.0	176.0	153.0	169.0	14.0	0.0	0.0	0.0	0.0	0.0	0.0	48.0	175.0	147.0	210.0	101.0	119.0	136.0	142.0	137.0	142.0	139.0	147.0	142.0	146.0	126.0	138.0	102.0	131.0	197.0	161.0	183.0	32.0	0.0	0.0	0.0	0.0	0.0	0.0	56.0	165.0	163.0	213.0	74.0	126.0	138.0	149.0	133.0	133.0	132.0	141.0	134.0	142.0	132.0	132.0	126.0	117.0	193.0	162.0	172.0	39.0	0.0	0.0	0.0	0.0	0.0	0.0	62.0	157.0	165.0	227.0	39.0	135.0	138.0	136.0	142.0	146.0	143.0	136.0	138.0	134.0	141.0	134.0	116.0	78.0	197.0	171.0	156.0	44.0	0.0	0.0	0.0	0.0	0.0	0.0	65.0	162.0	169.0	245.0	39.0	140.0	133.0	133.0	128.0	132.0	134.0	143.0	145.0	134.0	133.0	134.0	128.0	36.0	208.0	172.0	151.0	55.0	0.0	0.0	0.0	0.0	0.0	0.0	72.0	147.0	168.0	244.0	25.0	142.0	137.0	138.0	133.0	128.0	132.0	147.0	145.0	135.0	136.0	133.0	131.0	26.0	207.0	173.0	149.0	67.0	0.0	0.0	0.0	0.0	0.0	0.0	68.0	153.0	179.0	250.0	11.0	135.0	134.0	139.0	133.0	136.0	140.0	140.0	143.0	145.0	140.0	131.0	126.0	32.0	207.0	175.0	136.0	73.0	0.0	0.0	0.0	0.0	0.0	0.0	61.0	155.0	180.0	252.0	23.0	151.0	132.0	131.0	133.0	133.0	129.0	135.0	140.0	132.0	139.0	132.0	139.0	38.0	221.0	174.0	135.0	77.0	0.0	0.0	0.0	0.0	0.0	0.0	18.0	147.0	187.0	185.0	3.0	173.0	153.0	151.0	150.0	153.0	150.0	150.0	153.0	148.0	151.0	146.0	161.0	4.0	184.0	175.0	136.0	37.0	0.0	0.0	0.0	0.0	0.0	0.0	0.0	150.0	204.0	76.0	0.0	213.0	165.0	167.0	170.0	172.0	171.0	169.0	170.0	172.0	167.0	160.0	202.0	0.0	107.0	196.0	152.0	0.0	0.0	0.0	0.0	0.0	0.0	0.0	0.0	123.0	162.0	41.0	2.0	153.0	124.0	133.0	136.0	141.0	135.0	132.0	134.0	139.0	144.0	141.0	132.0	0.0	67.0	153.0	142.0	0.0	0.0	0.0	0.0	0.0	0.0	0.0	0.0	0.0	0.0	0.0	0.0	0.0	0.0	0.0	0.0	0.0	0.0	0.0	0.0	0.0	0.0	0.0	0.0	0.0	0.0	0.0	0.0	0.0	0.0	0.0	0.0
0.0	0.0	0.0	0.0	0.0	0.0	0.0	0.0	0.0	0.0	0.0	0.0	0.0	0.0	0.0	0.0	0.0	0.0	0.0	0.0	0.0	0.0	0.0	0.0	0.0	0.0	0.0	0.0	0.0	0.0	0.0	0.0	0.0	0.0	0.0	0.0	0.0	0.0	0.0	0.0	0.0	0.0	0.0	0.0	0.0	0.0	0.0	0.0	0.0	0.0	0.0	0.0	0.0	0.0	0.0	0.0	0.0	0.0	0.0	0.0	0.0	0.0	0.0	0.0	0.0	0.0	0.0	0.0	0.0	0.0	0.0	0.0	0.0	0.0	0.0	0.0	0.0	0.0	0.0	0.0	0.0	0.0	0.0	0.0	0.0	0.0	0.0	0.0	0.0	0.0	0.0	0.0	0.0	0.0	0.0	0.0	0.0	0.0	0.0	0.0	0.0	0.0	0.0	0.0	0.0	0.0	0.0	0.0	0.0	0.0	0.0	0.0	0.0	0.0	0.0	0.0	0.0	0.0	0.0	0.0	0.0	0.0	0.0	0.0	0.0	0.0	0.0	0.0	0.0	0.0	0.0	0.0	0.0	0.0	0.0	0.0	0.0	0.0	0.0	0.0	0.0	0.0	0.0	0.0	0.0	0.0	0.0	0.0	0.0	0.0	0.0	0.0	0.0	0.0	0.0	0.0	0.0	0.0	0.0	0.0	0.0	0.0	0.0	0.0	0.0	0.0	0.0	0.0	0.0	0.0	0.0	0.0	0.0	0.0	0.0	0.0	0.0	0.0	0.0	0.0	0.0	0.0	0.0	0.0	0.0	0.0	0.0	0.0	0.0	0.0	0.0	0.0	0.0	0.0	0.0	0.0	0.0	0.0	0.0	0.0	0.0	0.0	0.0	0.0	0.0	0.0	0.0	0.0	0.0	0.0	0.0	0.0	0.0	0.0	0.0	0.0	0.0	0.0	0.0	0.0	0.0	0.0	0.0	0.0	0.0	0.0	0.0	0.0	0.0	0.0	0.0	0.0	0.0	5.0	0.0	0.0	0.0	1.0	1.0	0.0	0.0	0.0	5.0	1.0	1.0	0.0	6.0	0.0	5.0	0.0	0.0	0.0	0.0	0.0	0.0	0.0	0.0	0.0	0.0	0.0	0.0	1.0	2.0	1.0	1.0	2.0	0.0	0.0	100.0	9.0	0.0	0.0	0.0	0.0	0.0	3.0	100.0	14.0	0.0	0.0	0.0	0.0	0.0	0.0	0.0	0.0	0.0	0.0	0.0	0.0	0.0	0.0	0.0	0.0	3.0	33.0	173.0	191.0	67.0	0.0	0.0	0.0	0.0	106.0	74.0	28.0	0.0	0.0	0.0	0.0	0.0	0.0	0.0	0.0	1.0	0.0	0.0	0.0	0.0	0.0	15.0	101.0	167.0	210.0	171.0	179.0	184.0	144.0	105.0	71.0	107.0	70.0	0.0	96.0	40.0	0.0	0.0	2.0	1.0	1.0	5.0	0.0	0.0	0.0	0.0	61.0	65.0	94.0	167.0	205.0	152.0	139.0	120.0	117.0	175.0	212.0	217.0	213.0	208.0	208.0	187.0	217.0	115.0	0.0	2.0	0.0	0.0	0.0	0.0	7.0	85.0	0.0	33.0	141.0	217.0	218.0	180.0	109.0	143.0	160.0	170.0	134.0	126.0	131.0	131.0	143.0	201.0	204.0	195.0	199.0	141.0	0.0	0.0	0.0	39.0	75.0	115.0	174.0	253.0	118.0	187.0	192.0	126.0	113.0	115.0	162.0	179.0	179.0	169.0	165.0	157.0	150.0	166.0	215.0	209.0	210.0	199.0	199.0	191.0	0.0	20.0	163.0	178.0	187.0	192.0	162.0	167.0	206.0	193.0	174.0	136.0	122.0	128.0	136.0	189.0	188.0	200.0	188.0	158.0	174.0	208.0	183.0	187.0	195.0	187.0	187.0	193.0	0.0	93.0	178.0	162.0	167.0	163.0	169.0	167.0	173.0	186.0	178.0	187.0	179.0	163.0	143.0	188.0	199.0	202.0	206.0	195.0	245.0	255.0	248.0	245.0	243.0	217.0	227.0	208.0	0.0	91.0	210.0	183.0	226.0	222.0	200.0	209.0	197.0	204.0	214.0	197.0	222.0	248.0	248.0	228.0	215.0	218.0	189.0	161.0	158.0	137.0	134.0	135.0	134.0	123.0	117.0	61.0	0.0	2.0	100.0	15.0	24.0	49.0	85.0	98.0	113.0	113.0	120.0	105.0	96.0	68.0	28.0	0.0	0.0	0.0	0.0	0.0	0.0	0.0	0.0	0.0	0.0	0.0	0.0	0.0	35.0	0.0	24.0	204.0	182.0	148.0	98.0	89.0	61.0	68.0	66.0	89.0	97.0	92.0	93.0	100.0	110.0	104.0	128.0	127.0	140.0	128.0	137.0	137.0	132.0	144.0	143.0	196.0	59.0	0.0	0.0	0.0	27.0	88.0	98.0	132.0	124.0	157.0	119.0	157.0	152.0	110.0	130.0	134.0	149.0	124.0	145.0	128.0	144.0	136.0	150.0	113.0	111.0	105.0	85.0	68.0	0.0	0.0	0.0	0.0	0.0	0.0	0.0	0.0	0.0	0.0	0.0	0.0	0.0	0.0	0.0	0.0	0.0	0.0	0.0	0.0	0.0	0.0	0.0	0.0	0.0	0.0	0.0	0.0	0.0	0.0	0.0	0.0	0.0	0.0	0.0	0.0	0.0	0.0	0.0	0.0	0.0	0.0	0.0	0.0	0.0	0.0	0.0	0.0	0.0	0.0	0.0	0.0	0.0	0.0	0.0	0.0	0.0	0.0	0.0	0.0	0.0	0.0	0.0	0.0	0.0	0.0	0.0	0.0	0.0	0.0	0.0	0.0	0.0	0.0	0.0	0.0	0.0	0.0	0.0	0.0	0.0	0.0	0.0	0.0	0.0	0.0	0.0	0.0	0.0	0.0	0.0	0.0	0.0	0.0	0.0	0.0	0.0	0.0	0.0	0.0	0.0	0.0	0.0	0.0	0.0	0.0	0.0	0.0	0.0	0.0	0.0	0.0	0.0	0.0	0.0	0.0	0.0	0.0	0.0	0.0	0.0	0.0	0.0	0.0	0.0	0.0	0.0	0.0	0.0	0.0	0.0	0.0	0.0	0.0	0.0	0.0	0.0	0.0	0.0	0.0	0.0	0.0	0.0	0.0	0.0	0.0	0.0	0.0	0.0	0.0	0.0	0.0	0.0	0.0	0.0	0.0	0.0	0.0	0.0	0.0	0.0	0.0	0.0	0.0	0.0	0.0	0.0	0.0	0.0	0.0	0.0	0.0	0.0	0.0	0.0	0.0	0.0	0.0	0.0	0.0	0.0	0.0	0.0	0.0	0.0	0.0	0.0	0.0	0.0	0.0	0.0	0.0	0.0	0.0	0.0	0.0	0.0
0.0	0.0	0.0	0.0	0.0	0.0	0.0	0.0	0.0	73.0	64.0	0.0	0.0	0.0	0.0	0.0	0.0	123.0	112.0	0.0	0.0	0.0	0.0	0.0	0.0	0.0	0.0	0.0	0.0	0.0	0.0	0.0	0.0	0.0	0.0	65.0	211.0	221.0	226.0	208.0	178.0	97.0	119.0	198.0	207.0	221.0	221.0	218.0	56.0	0.0	0.0	0.0	0.0	0.0	0.0	0.0	0.0	0.0	0.0	0.0	0.0	0.0	0.0	159.0	229.0	201.0	211.0	229.0	240.0	236.0	230.0	225.0	211.0	209.0	205.0	229.0	145.0	0.0	0.0	0.0	0.0	0.0	0.0	0.0	0.0	0.0	0.0	0.0	0.0	0.0	0.0	173.0	216.0	204.0	211.0	210.0	217.0	218.0	215.0	212.0	212.0	210.0	207.0	221.0	192.0	0.0	0.0	0.0	0.0	0.0	0.0	0.0	0.0	0.0	0.0	0.0	0.0	0.0	0.0	193.0	222.0	196.0	215.0	210.0	205.0	208.0	207.0	210.0	212.0	213.0	205.0	223.0	225.0	0.0	0.0	0.0	0.0	0.0	0.0	0.0	0.0	0.0	0.0	0.0	0.0	0.0	0.0	199.0	230.0	198.0	195.0	215.0	211.0	211.0	210.0	211.0	213.0	201.0	222.0	224.0	204.0	0.0	0.0	0.0	0.0	0.0	0.0	0.0	0.0	0.0	0.0	0.0	0.0	0.0	10.0	213.0	231.0	209.0	198.0	217.0	212.0	212.0	213.0	214.0	217.0	200.0	222.0	225.0	213.0	5.0	0.0	0.0	0.0	0.0	0.0	0.0	0.0	0.0	0.0	0.0	0.0	0.0	33.0	221.0	221.0	163.0	218.0	214.0	212.0	214.0	213.0	216.0	214.0	214.0	187.0	224.0	219.0	32.0	0.0	0.0	0.0	0.0	0.0	0.0	0.0	0.0	0.0	0.0	0.0	0.0	47.0	224.0	219.0	143.0	224.0	210.0	214.0	214.0	212.0	217.0	212.0	218.0	136.0	225.0	223.0	41.0	0.0	0.0	0.0	0.0	0.0	0.0	0.0	0.0	0.0	0.0	0.0	0.0	71.0	227.0	215.0	140.0	232.0	208.0	216.0	215.0	213.0	219.0	214.0	222.0	161.0	225.0	228.0	74.0	0.0	0.0	0.0	0.0	0.0	0.0	0.0	0.0	0.0	0.0	0.0	0.0	127.0	234.0	213.0	145.0	235.0	210.0	213.0	206.0	209.0	218.0	210.0	233.0	161.0	220.0	226.0	100.0	0.0	0.0	0.0	0.0	0.0	0.0	0.0	0.0	0.0	0.0	0.0	0.0	149.0	242.0	227.0	117.0	249.0	215.0	221.0	223.0	218.0	225.0	222.0	231.0	99.0	245.0	246.0	144.0	0.0	0.0	0.0	0.0	0.0	0.0	0.0	0.0	0.0	0.0	0.0	0.0	6.0	40.0	38.0	18.0	248.0	214.0	233.0	238.0	234.0	233.0	218.0	226.0	23.0	64.0	62.0	30.0	0.0	0.0	0.0	0.0	0.0	0.0	0.0	0.0	0.0	0.0	0.0	0.0	0.0	0.0	0.0	119.0	223.0	208.0	212.0	218.0	218.0	217.0	210.0	255.0	91.0	0.0	0.0	0.0	0.0	0.0	0.0	0.0	0.0	0.0	0.0	0.0	0.0	0.0	0.0	0.0	2.0	1.0	0.0	179.0	220.0	212.0	212.0	223.0	224.0	211.0	209.0	223.0	161.0	0.0	2.0	1.0	0.0	0.0	0.0	0.0	0.0	0.0	0.0	0.0	0.0	0.0	0.0	0.0	0.0	0.0	0.0	183.0	218.0	211.0	211.0	223.0	227.0	211.0	210.0	223.0	188.0	0.0	0.0	0.0	0.0	0.0	0.0	0.0	0.0	0.0	0.0	0.0	0.0	0.0	0.0	0.0	1.0	0.0	0.0	181.0	213.0	214.0	212.0	224.0	227.0	211.0	212.0	219.0	190.0	0.0	0.0	2.0	0.0	0.0	0.0	0.0	0.0	0.0	0.0	0.0	0.0	0.0	0.0	0.0	2.0	0.0	2.0	204.0	211.0	215.0	207.0	224.0	228.0	212.0	213.0	213.0	213.0	13.0	0.0	5.0	0.0	0.0	0.0	0.0	0.0	0.0	0.0	0.0	0.0	0.0	0.0	0.0	6.0	0.0	29.0	213.0	210.0	220.0	207.0	225.0	228.0	211.0	215.0	212.0	221.0	65.0	0.0	2.0	0.0	0.0	0.0	0.0	0.0	0.0	0.0	0.0	0.0	0.0	0.0	0.0	6.0	0.0	51.0	215.0	210.0	221.0	210.0	222.0	226.0	213.0	217.0	211.0	223.0	114.0	0.0	1.0	0.0	0.0	0.0	0.0	0.0	0.0	0.0	0.0	0.0	0.0	0.0	0.0	1.0	0.0	75.0	216.0	211.0	221.0	211.0	225.0	234.0	215.0	214.0	213.0	222.0	149.0	0.0	0.0	0.0	0.0	0.0	0.0	0.0	0.0	0.0	0.0	0.0	0.0	0.0	0.0	2.0	0.0	96.0	214.0	211.0	223.0	214.0	216.0	219.0	216.0	216.0	214.0	219.0	181.0	0.0	0.0	0.0	0.0	0.0	0.0	0.0	0.0	0.0	0.0	0.0	0.0	0.0	0.0	1.0	0.0	130.0	210.0	210.0	221.0	212.0	217.0	213.0	222.0	216.0	215.0	214.0	178.0	0.0	0.0	0.0	0.0	0.0	0.0	0.0	0.0	0.0	0.0	0.0	0.0	0.0	0.0	0.0	0.0	146.0	209.0	213.0	223.0	215.0	219.0	225.0	217.0	215.0	216.0	210.0	192.0	0.0	0.0	0.0	0.0	0.0	0.0	0.0	0.0	0.0	0.0	0.0	0.0	0.0	0.0	0.0	0.0	175.0	204.0	214.0	222.0	219.0	214.0	213.0	215.0	219.0	219.0	207.0	204.0	0.0	0.0	0.0	0.0	0.0	0.0	0.0	0.0	0.0	0.0	0.0	0.0	0.0	0.0	0.0	0.0	166.0	197.0	211.0	217.0	214.0	212.0	216.0	218.0	214.0	218.0	206.0	209.0	0.0	0.0	0.0	0.0	0.0	0.0	0.0	0.0	0.0	0.0	0.0	0.0	0.0	0.0	0.0	0.0	192.0	204.0	220.0	239.0	233.0	226.0	222.0	224.0	225.0	223.0	210.0	233.0	45.0	0.0	0.0	0.0	0.0	0.0	0.0	0.0	0.0	0.0	0.0	0.0	0.0	0.0	0.0	0.0	187.0	168.0	171.0	169.0	183.0	196.0	196.0	195.0	191.0	208.0	181.0	144.0	42.0	0.0	0.0	0.0	0.0	0.0	0.0	0.0
0.0	0.0	0.0	0.0	0.0	0.0	0.0	0.0	39.0	90.0	135.0	200.0	132.0	60.0	64.0	83.0	183.0	195.0	97.0	29.0	0.0	0.0	0.0	0.0	0.0	0.0	0.0	0.0	0.0	0.0	0.0	0.0	0.0	35.0	125.0	185.0	200.0	191.0	159.0	176.0	233.0	237.0	255.0	240.0	212.0	164.0	173.0	201.0	191.0	128.0	10.0	0.0	0.0	0.0	0.0	0.0	0.0	0.0	0.0	0.0	29.0	172.0	171.0	159.0	150.0	145.0	155.0	132.0	128.0	149.0	152.0	138.0	129.0	143.0	151.0	147.0	156.0	171.0	169.0	40.0	0.0	0.0	0.0	0.0	0.0	0.0	0.0	0.0	158.0	164.0	151.0	152.0	151.0	151.0	150.0	143.0	142.0	136.0	135.0	145.0	150.0	152.0	150.0	155.0	155.0	151.0	164.0	142.0	0.0	0.0	0.0	0.0	0.0	0.0	0.0	31.0	164.0	153.0	161.0	154.0	150.0	149.0	151.0	169.0	172.0	171.0	168.0	175.0	155.0	144.0	150.0	149.0	150.0	156.0	159.0	175.0	51.0	0.0	0.0	0.0	0.0	0.0	0.0	95.0	173.0	162.0	157.0	153.0	149.0	149.0	174.0	115.0	36.0	12.0	23.0	55.0	146.0	170.0	150.0	148.0	145.0	154.0	166.0	179.0	106.0	0.0	0.0	0.0	0.0	0.0	0.0	151.0	170.0	174.0	173.0	171.0	151.0	175.0	93.0	21.0	108.0	144.0	139.0	69.0	9.0	124.0	174.0	143.0	150.0	162.0	172.0	180.0	156.0	0.0	0.0	0.0	0.0	0.0	0.0	179.0	162.0	180.0	180.0	148.0	171.0	126.0	0.0	129.0	142.0	179.0	167.0	213.0	133.0	5.0	147.0	157.0	138.0	177.0	185.0	177.0	179.0	0.0	0.0	0.0	0.0	0.0	22.0	163.0	167.0	173.0	198.0	165.0	190.0	28.0	34.0	142.0	181.0	177.0	145.0	140.0	210.0	0.0	103.0	181.0	147.0	208.0	198.0	165.0	175.0	44.0	0.0	0.0	0.0	0.0	82.0	176.0	171.0	175.0	212.0	178.0	202.0	37.0	21.0	116.0	63.0	71.0	68.0	63.0	94.0	0.0	129.0	176.0	168.0	229.0	191.0	163.0	179.0	82.0	0.0	0.0	0.0	0.0	60.0	163.0	174.0	212.0	186.0	124.0	210.0	47.0	20.0	190.0	147.0	152.0	165.0	212.0	169.0	0.0	171.0	176.0	98.0	208.0	215.0	170.0	174.0	104.0	0.0	0.0	0.0	0.0	0.0	0.0	0.0	49.0	13.0	101.0	185.0	157.0	52.0	150.0	208.0	198.0	193.0	170.0	63.0	90.0	183.0	171.0	112.0	0.0	45.0	0.0	0.0	0.0	0.0	0.0	0.0	0.0	1.0	0.0	0.0	0.0	0.0	139.0	155.0	159.0	138.0	49.0	21.0	118.0	97.0	55.0	85.0	169.0	163.0	158.0	136.0	0.0	0.0	0.0	0.0	0.0	0.0	0.0	0.0	0.0	0.0	0.0	1.0	4.0	0.0	111.0	160.0	147.0	183.0	166.0	101.0	112.0	100.0	144.0	180.0	162.0	158.0	161.0	130.0	0.0	0.0	2.0	2.0	2.0	0.0	0.0	0.0	0.0	0.0	0.0	0.0	1.0	0.0	90.0	153.0	154.0	155.0	168.0	186.0	185.0	186.0	174.0	160.0	158.0	156.0	162.0	130.0	0.0	0.0	0.0	1.0	0.0	0.0	0.0	0.0	0.0	0.0	0.0	0.0	1.0	0.0	85.0	156.0	158.0	159.0	156.0	156.0	158.0	158.0	155.0	157.0	162.0	152.0	165.0	132.0	0.0	0.0	1.0	0.0	0.0	0.0	0.0	0.0	0.0	0.0	0.0	0.0	1.0	0.0	78.0	162.0	159.0	158.0	162.0	164.0	162.0	164.0	162.0	158.0	162.0	155.0	165.0	148.0	0.0	0.0	1.0	0.0	0.0	0.0	0.0	0.0	0.0	0.0	0.0	0.0	1.0	0.0	84.0	164.0	157.0	159.0	165.0	165.0	161.0	164.0	163.0	157.0	160.0	161.0	162.0	161.0	0.0	0.0	1.0	0.0	0.0	0.0	0.0	0.0	0.0	0.0	0.0	0.0	1.0	0.0	95.0	167.0	155.0	158.0	161.0	163.0	161.0	168.0	166.0	158.0	162.0	163.0	162.0	158.0	0.0	0.0	1.0	0.0	0.0	0.0	0.0	0.0	0.0	0.0	0.0	0.0	2.0	0.0	99.0	169.0	155.0	160.0	162.0	164.0	163.0	168.0	163.0	161.0	162.0	157.0	163.0	161.0	0.0	0.0	2.0	0.0	0.0	0.0	0.0	0.0	0.0	0.0	0.0	0.0	2.0	0.0	99.0	170.0	154.0	159.0	160.0	162.0	164.0	167.0	161.0	162.0	159.0	154.0	162.0	169.0	0.0	0.0	2.0	0.0	0.0	0.0	0.0	0.0	0.0	0.0	0.0	0.0	1.0	0.0	94.0	167.0	155.0	160.0	162.0	164.0	161.0	168.0	164.0	158.0	159.0	164.0	158.0	174.0	0.0	0.0	2.0	0.0	0.0	0.0	0.0	0.0	0.0	0.0	0.0	0.0	2.0	0.0	96.0	169.0	156.0	159.0	162.0	163.0	162.0	168.0	171.0	163.0	159.0	163.0	155.0	176.0	0.0	0.0	2.0	0.0	0.0	0.0	0.0	0.0	0.0	0.0	0.0	0.0	2.0	0.0	99.0	167.0	157.0	165.0	164.0	163.0	165.0	168.0	169.0	164.0	161.0	162.0	155.0	175.0	0.0	0.0	2.0	0.0	0.0	0.0	0.0	0.0	0.0	0.0	0.0	0.0	2.0	0.0	103.0	168.0	158.0	166.0	163.0	161.0	160.0	168.0	170.0	155.0	163.0	166.0	156.0	173.0	0.0	0.0	3.0	0.0	0.0	0.0	0.0	0.0	0.0	0.0	0.0	0.0	1.0	0.0	109.0	169.0	157.0	163.0	164.0	164.0	172.0	172.0	166.0	161.0	165.0	163.0	155.0	169.0	0.0	0.0	2.0	0.0	0.0	0.0	0.0	0.0	0.0	0.0	0.0	0.0	3.0	0.0	126.0	177.0	163.0	174.0	178.0	184.0	185.0	175.0	169.0	172.0	176.0	173.0	158.0	173.0	0.0	0.0	2.0	0.0	0.0	0.0	0.0	0.0	0.0	0.0	0.0	0.0	0.0	0.0	88.0	152.0	138.0	138.0	136.0	135.0	138.0	141.0	143.0	143.0	145.0	144.0	149.0	186.0	0.0	0.0	2.0	0.0	0.0	0.0	0.0
0.0	0.0	0.0	0.0	0.0	0.0	0.0	0.0	0.0	0.0	0.0	83.0	152.0	57.0	84.0	166.0	113.0	31.0	0.0	0.0	0.0	0.0	2.0	0.0	0.0	0.0	0.0	0.0	0.0	0.0	0.0	0.0	0.0	0.0	3.0	0.0	0.0	174.0	210.0	227.0	252.0	226.0	231.0	249.0	225.0	220.0	234.0	82.0	0.0	2.0	0.0	0.0	0.0	0.0	0.0	0.0	0.0	0.0	0.0	0.0	0.0	0.0	0.0	0.0	177.0	242.0	213.0	211.0	212.0	219.0	215.0	207.0	211.0	212.0	223.0	230.0	43.0	0.0	5.0	0.0	0.0	0.0	0.0	0.0	0.0	0.0	0.0	0.0	0.0	0.0	0.0	0.0	195.0	220.0	214.0	215.0	217.0	215.0	215.0	216.0	215.0	214.0	205.0	229.0	130.0	0.0	2.0	0.0	0.0	0.0	0.0	0.0	0.0	0.0	0.0	0.0	0.0	0.0	0.0	0.0	208.0	222.0	215.0	213.0	215.0	216.0	217.0	216.0	214.0	212.0	214.0	226.0	169.0	0.0	0.0	0.0	0.0	0.0	0.0	0.0	0.0	0.0	0.0	0.0	0.0	0.0	0.0	30.0	222.0	227.0	236.0	213.0	215.0	217.0	218.0	217.0	218.0	211.0	225.0	226.0	183.0	0.0	0.0	0.0	0.0	0.0	0.0	0.0	0.0	0.0	0.0	0.0	0.0	0.0	0.0	67.0	243.0	185.0	144.0	250.0	215.0	218.0	219.0	220.0	228.0	207.0	140.0	231.0	203.0	0.0	0.0	0.0	0.0	0.0	0.0	0.0	0.0	0.0	0.0	0.0	0.0	0.0	0.0	104.0	248.0	148.0	75.0	254.0	212.0	219.0	220.0	222.0	228.0	216.0	53.0	229.0	219.0	21.0	0.0	0.0	0.0	0.0	0.0	0.0	0.0	0.0	0.0	0.0	0.0	0.0	0.0	144.0	249.0	148.0	55.0	255.0	210.0	221.0	219.0	219.0	228.0	219.0	1.0	220.0	231.0	57.0	0.0	0.0	0.0	0.0	0.0	0.0	0.0	0.0	0.0	0.0	0.0	0.0	0.0	158.0	248.0	67.0	24.0	255.0	209.0	219.0	219.0	216.0	232.0	217.0	0.0	206.0	244.0	101.0	0.0	0.0	0.0	0.0	0.0	0.0	0.0	0.0	0.0	0.0	0.0	0.0	0.0	179.0	231.0	0.0	49.0	253.0	210.0	223.0	220.0	221.0	227.0	228.0	0.0	112.0	251.0	129.0	0.0	0.0	0.0	0.0	0.0	0.0	0.0	0.0	0.0	0.0	0.0	0.0	0.0	203.0	251.0	0.0	106.0	252.0	212.0	220.0	221.0	219.0	212.0	252.0	0.0	65.0	251.0	141.0	0.0	0.0	0.0	0.0	0.0	0.0	0.0	0.0	0.0	0.0	0.0	0.0	0.0	212.0	245.0	0.0	215.0	242.0	217.0	220.0	219.0	217.0	211.0	254.0	48.0	84.0	252.0	163.0	0.0	0.0	0.0	0.0	0.0	0.0	0.0	0.0	0.0	0.0	0.0	0.0	0.0	213.0	218.0	53.0	252.0	223.0	220.0	222.0	223.0	222.0	216.0	249.0	157.0	149.0	246.0	192.0	0.0	0.0	0.0	0.0	0.0	0.0	0.0	0.0	0.0	0.0	0.0	0.0	15.0	251.0	224.0	175.0	236.0	224.0	224.0	224.0	224.0	223.0	222.0	226.0	213.0	216.0	232.0	228.0	0.0	0.0	0.0	0.0	0.0	0.0	0.0	0.0	0.0	0.0	0.0	0.0	50.0	252.0	227.0	243.0	225.0	226.0	225.0	224.0	223.0	223.0	225.0	221.0	218.0	233.0	225.0	245.0	0.0	0.0	0.0	0.0	0.0	0.0	0.0	0.0	0.0	0.0	0.0	0.0	72.0	251.0	227.0	239.0	221.0	225.0	224.0	224.0	223.0	223.0	224.0	223.0	214.0	233.0	226.0	252.0	0.0	0.0	0.0	0.0	0.0	0.0	0.0	0.0	0.0	0.0	0.0	0.0	105.0	252.0	226.0	237.0	222.0	225.0	224.0	223.0	223.0	223.0	223.0	224.0	217.0	230.0	226.0	221.0	0.0	0.0	0.0	0.0	0.0	0.0	0.0	0.0	0.0	0.0	0.0	0.0	152.0	225.0	223.0	233.0	222.0	226.0	224.0	227.0	221.0	223.0	225.0	225.0	217.0	229.0	221.0	229.0	35.0	0.0	0.0	0.0	0.0	0.0	0.0	0.0	0.0	0.0	0.0	0.0	146.0	248.0	241.0	229.0	224.0	226.0	224.0	233.0	221.0	222.0	225.0	227.0	220.0	234.0	249.0	227.0	18.0	0.0	0.0	0.0	0.0	0.0	0.0	0.0	0.0	0.0	0.0	0.0	0.0	106.0	166.0	243.0	222.0	226.0	225.0	235.0	224.0	220.0	227.0	220.0	243.0	161.0	130.0	62.0	0.0	0.0	0.0	0.0	0.0	0.0	0.0	0.0	0.0	0.0	0.0	0.0	0.0	0.0	31.0	254.0	217.0	227.0	226.0	238.0	224.0	221.0	226.0	222.0	252.0	144.0	0.0	0.0	0.0	0.0	0.0	0.0	0.0	0.0	0.0	0.0	0.0	0.0	0.0	0.0	2.0	0.0	123.0	240.0	223.0	227.0	225.0	240.0	223.0	223.0	225.0	223.0	235.0	209.0	0.0	0.0	0.0	0.0	0.0	0.0	0.0	0.0	0.0	0.0	0.0	0.0	0.0	0.0	0.0	0.0	162.0	241.0	224.0	228.0	228.0	243.0	224.0	223.0	227.0	227.0	230.0	233.0	0.0	0.0	1.0	0.0	0.0	0.0	0.0	0.0	0.0	0.0	0.0	0.0	0.0	0.0	0.0	0.0	193.0	237.0	225.0	228.0	231.0	244.0	226.0	226.0	228.0	228.0	229.0	215.0	0.0	0.0	4.0	0.0	0.0	0.0	0.0	0.0	0.0	0.0	0.0	0.0	0.0	0.0	0.0	0.0	212.0	230.0	223.0	224.0	228.0	236.0	216.0	218.0	220.0	226.0	223.0	232.0	34.0	0.0	6.0	0.0	0.0	0.0	0.0	0.0	0.0	0.0	0.0	0.0	0.0	0.0	0.0	0.0	219.0	243.0	241.0	254.0	255.0	255.0	254.0	253.0	254.0	244.0	240.0	249.0	100.0	0.0	6.0	0.0	0.0	0.0	0.0	0.0	0.0	0.0	0.0	0.0	0.0	0.0	0.0	0.0	0.0	118.0	114.0	65.0	23.0	108.0	159.0	130.0	71.0	87.0	141.0	89.0	0.0	0.0	1.0	0.0	0.0	0.0	0.0	0.0
0.0	0.0	0.0	0.0	0.0	0.0	0.0	0.0	1.0	0.0	0.0	9.0	6.0	0.0	0.0	0.0	24.0	0.0	0.0	0.0	0.0	0.0	0.0	0.0	0.0	0.0	0.0	0.0	0.0	0.0	0.0	0.0	0.0	0.0	0.0	0.0	0.0	67.0	209.0	231.0	248.0	252.0	250.0	253.0	246.0	206.0	132.0	0.0	0.0	0.0	0.0	0.0	0.0	0.0	0.0	0.0	0.0	0.0	0.0	0.0	0.0	0.0	0.0	0.0	1.0	227.0	243.0	234.0	234.0	248.0	246.0	238.0	230.0	234.0	250.0	126.0	0.0	0.0	0.0	0.0	0.0	0.0	0.0	0.0	0.0	0.0	0.0	0.0	0.0	0.0	0.0	0.0	57.0	231.0	213.0	227.0	234.0	232.0	231.0	235.0	232.0	218.0	218.0	222.0	0.0	0.0	0.0	0.0	0.0	0.0	0.0	0.0	0.0	0.0	0.0	0.0	0.0	0.0	0.0	0.0	90.0	239.0	207.0	213.0	236.0	235.0	232.0	232.0	229.0	210.0	215.0	207.0	6.0	0.0	0.0	0.0	0.0	0.0	0.0	0.0	0.0	0.0	0.0	0.0	0.0	0.0	0.0	0.0	211.0	245.0	229.0	197.0	220.0	221.0	221.0	222.0	203.0	221.0	235.0	222.0	96.0	0.0	0.0	0.0	0.0	0.0	0.0	0.0	0.0	0.0	0.0	0.0	0.0	0.0	0.0	0.0	55.0	154.0	239.0	213.0	217.0	218.0	214.0	215.0	215.0	199.0	235.0	167.0	61.0	0.0	0.0	0.0	0.0	0.0	0.0	0.0	0.0	0.0	0.0	0.0	0.0	0.0	0.0	0.0	0.0	0.0	17.0	238.0	220.0	221.0	215.0	210.0	249.0	98.0	0.0	0.0	0.0	0.0	0.0	0.0	0.0	0.0	0.0	0.0	0.0	0.0	0.0	0.0	0.0	0.0	0.0	0.0	2.0	0.0	0.0	225.0	220.0	214.0	211.0	215.0	251.0	112.0	0.0	2.0	2.0	0.0	0.0	0.0	0.0	0.0	0.0	0.0	0.0	0.0	0.0	0.0	0.0	0.0	0.0	0.0	1.0	0.0	0.0	208.0	218.0	218.0	224.0	210.0	221.0	100.0	0.0	4.0	0.0	0.0	0.0	0.0	0.0	0.0	0.0	0.0	0.0	0.0	0.0	0.0	0.0	0.0	0.0	0.0	1.0	0.0	16.0	213.0	244.0	255.0	218.0	204.0	218.0	143.0	0.0	1.0	0.0	0.0	0.0	0.0	0.0	0.0	0.0	0.0	0.0	0.0	0.0	0.0	0.0	0.0	0.0	0.0	2.0	0.0	76.0	232.0	235.0	234.0	218.0	211.0	220.0	223.0	0.0	0.0	2.0	0.0	0.0	0.0	0.0	0.0	0.0	0.0	0.0	0.0	0.0	0.0	0.0	0.0	0.0	0.0	0.0	0.0	161.0	225.0	218.0	218.0	220.0	206.0	209.0	213.0	32.0	0.0	5.0	0.0	0.0	0.0	0.0	0.0	0.0	0.0	0.0	0.0	0.0	0.0	0.0	0.0	0.0	0.0	0.0	0.0	214.0	218.0	222.0	221.0	218.0	210.0	207.0	217.0	89.0	0.0	2.0	0.0	0.0	0.0	0.0	0.0	0.0	0.0	0.0	0.0	0.0	0.0	0.0	0.0	0.0	0.0	0.0	0.0	207.0	211.0	225.0	218.0	218.0	209.0	208.0	217.0	165.0	0.0	0.0	0.0	0.0	0.0	0.0	0.0	0.0	0.0	0.0	0.0	0.0	0.0	0.0	0.0	0.0	0.0	0.0	44.0	221.0	206.0	225.0	218.0	218.0	210.0	207.0	215.0	203.0	0.0	0.0	0.0	0.0	0.0	0.0	0.0	0.0	0.0	0.0	0.0	0.0	0.0	0.0	0.0	0.0	0.0	0.0	79.0	227.0	204.0	224.0	222.0	216.0	211.0	210.0	210.0	196.0	0.0	0.0	0.0	0.0	0.0	0.0	0.0	0.0	0.0	0.0	0.0	0.0	0.0	0.0	0.0	0.0	0.0	0.0	103.0	232.0	203.0	225.0	222.0	216.0	211.0	214.0	208.0	204.0	0.0	0.0	0.0	0.0	0.0	0.0	0.0	0.0	0.0	0.0	0.0	0.0	0.0	0.0	0.0	0.0	0.0	0.0	137.0	235.0	203.0	225.0	222.0	217.0	210.0	214.0	209.0	211.0	15.0	0.0	0.0	0.0	0.0	0.0	0.0	0.0	0.0	0.0	0.0	0.0	0.0	0.0	0.0	0.0	0.0	0.0	167.0	234.0	202.0	223.0	223.0	220.0	210.0	214.0	209.0	215.0	44.0	0.0	0.0	0.0	0.0	0.0	0.0	0.0	0.0	0.0	0.0	0.0	0.0	0.0	0.0	0.0	0.0	0.0	185.0	235.0	203.0	224.0	224.0	220.0	210.0	216.0	213.0	221.0	66.0	0.0	0.0	0.0	0.0	0.0	0.0	0.0	0.0	0.0	0.0	0.0	0.0	0.0	0.0	0.0	0.0	0.0	197.0	237.0	193.0	225.0	224.0	218.0	209.0	217.0	213.0	223.0	88.0	0.0	0.0	0.0	0.0	0.0	0.0	0.0	0.0	0.0	0.0	0.0	0.0	0.0	0.0	0.0	0.0	0.0	224.0	242.0	189.0	224.0	227.0	223.0	209.0	217.0	214.0	227.0	91.0	0.0	0.0	0.0	0.0	0.0	0.0	0.0	0.0	0.0	0.0	0.0	0.0	0.0	0.0	0.0	0.0	0.0	241.0	242.0	193.0	232.0	234.0	222.0	211.0	222.0	217.0	229.0	100.0	0.0	0.0	0.0	0.0	0.0	0.0	0.0	0.0	0.0	0.0	0.0	0.0	0.0	0.0	0.0	0.0	0.0	213.0	243.0	197.0	224.0	221.0	221.0	213.0	225.0	222.0	230.0	115.0	0.0	0.0	0.0	0.0	0.0	0.0	0.0	0.0	0.0	0.0	0.0	0.0	0.0	0.0	0.0	0.0	0.0	224.0	241.0	210.0	221.0	220.0	220.0	216.0	230.0	224.0	232.0	112.0	0.0	0.0	0.0	0.0	0.0	0.0	0.0	0.0	0.0	0.0	0.0	0.0	0.0	0.0	0.0	0.0	0.0	243.0	252.0	215.0	238.0	235.0	229.0	228.0	237.0	229.0	244.0	129.0	0.0	0.0	0.0	0.0	0.0	0.0	0.0	0.0	0.0	0.0	0.0	0.0	0.0	0.0	0.0	0.0	0.0	204.0	181.0	199.0	186.0	185.0	208.0	206.0	197.0	209.0	214.0	86.0	0.0	0.0	0.0	0.0	0.0	0.0	0.0	0.0
0.0	0.0	0.0	0.0	0.0	0.0	0.0	0.0	101.0	98.0	99.0	96.0	121.0	118.0	115.0	133.0	135.0	101.0	74.0	59.0	74.0	0.0	0.0	0.0	0.0	0.0	0.0	0.0	0.0	0.0	0.0	0.0	0.0	0.0	0.0	89.0	210.0	220.0	242.0	210.0	206.0	200.0	199.0	206.0	206.0	210.0	255.0	239.0	196.0	156.0	0.0	0.0	0.0	0.0	0.0	0.0	0.0	0.0	0.0	0.0	0.0	0.0	0.0	186.0	190.0	206.0	206.0	170.0	179.0	179.0	175.0	172.0	188.0	180.0	185.0	185.0	192.0	186.0	0.0	0.0	0.0	0.0	0.0	0.0	0.0	0.0	0.0	0.0	0.0	0.0	106.0	230.0	193.0	213.0	195.0	175.0	178.0	182.0	180.0	183.0	180.0	183.0	183.0	219.0	225.0	207.0	121.0	0.0	0.0	0.0	0.0	0.0	0.0	0.0	0.0	0.0	0.0	0.0	88.0	196.0	158.0	209.0	220.0	195.0	188.0	182.0	180.0	188.0	188.0	195.0	209.0	122.0	153.0	170.0	103.0	0.0	0.0	0.0	0.0	0.0	0.0	0.0	0.0	0.0	0.0	0.0	0.0	0.0	0.0	0.0	237.0	203.0	188.0	182.0	190.0	189.0	180.0	207.0	185.0	0.0	0.0	0.0	0.0	0.0	0.0	0.0	0.0	0.0	0.0	0.0	0.0	0.0	0.0	0.0	0.0	0.0	0.0	0.0	183.0	209.0	175.0	180.0	188.0	189.0	180.0	219.0	139.0	0.0	0.0	0.0	0.0	0.0	0.0	0.0	0.0	0.0	0.0	0.0	0.0	0.0	0.0	0.0	0.0	0.0	0.0	0.0	143.0	212.0	175.0	179.0	188.0	190.0	183.0	198.0	138.0	0.0	0.0	0.0	0.0	0.0	0.0	0.0	0.0	0.0	0.0	0.0	0.0	0.0	0.0	0.0	0.0	0.0	0.0	0.0	162.0	206.0	179.0	186.0	188.0	189.0	186.0	196.0	159.0	0.0	0.0	0.0	0.0	0.0	0.0	0.0	0.0	0.0	0.0	0.0	0.0	0.0	0.0	0.0	0.0	0.0	0.0	0.0	192.0	199.0	183.0	185.0	192.0	190.0	192.0	189.0	205.0	0.0	0.0	1.0	0.0	0.0	0.0	0.0	0.0	0.0	0.0	0.0	0.0	0.0	0.0	0.0	0.0	0.0	0.0	0.0	216.0	198.0	186.0	186.0	193.0	193.0	198.0	185.0	222.0	18.0	0.0	2.0	0.0	0.0	0.0	0.0	0.0	0.0	0.0	0.0	0.0	0.0	0.0	0.0	0.0	0.0	0.0	21.0	200.0	196.0	189.0	188.0	198.0	195.0	195.0	186.0	196.0	52.0	0.0	2.0	0.0	0.0	0.0	0.0	0.0	0.0	0.0	0.0	0.0	0.0	0.0	0.0	0.0	2.0	0.0	81.0	210.0	195.0	196.0	192.0	200.0	199.0	200.0	189.0	196.0	105.0	0.0	1.0	0.0	0.0	0.0	0.0	0.0	0.0	0.0	0.0	0.0	0.0	0.0	0.0	0.0	7.0	0.0	118.0	212.0	199.0	193.0	192.0	199.0	199.0	199.0	188.0	195.0	142.0	0.0	0.0	0.0	0.0	0.0	0.0	0.0	0.0	0.0	0.0	0.0	0.0	0.0	0.0	0.0	5.0	0.0	143.0	210.0	200.0	196.0	193.0	200.0	202.0	199.0	189.0	193.0	168.0	0.0	0.0	0.0	0.0	0.0	0.0	0.0	0.0	0.0	0.0	0.0	0.0	0.0	0.0	0.0	0.0	0.0	173.0	210.0	203.0	192.0	193.0	200.0	203.0	209.0	195.0	190.0	192.0	0.0	0.0	0.0	0.0	0.0	0.0	0.0	0.0	0.0	0.0	0.0	0.0	0.0	0.0	0.0	0.0	0.0	190.0	210.0	203.0	195.0	195.0	202.0	200.0	205.0	193.0	193.0	183.0	0.0	0.0	0.0	0.0	0.0	0.0	0.0	0.0	0.0	0.0	0.0	0.0	0.0	0.0	0.0	0.0	0.0	189.0	213.0	203.0	195.0	198.0	205.0	209.0	205.0	198.0	198.0	163.0	0.0	0.0	0.0	0.0	0.0	0.0	0.0	0.0	0.0	0.0	0.0	0.0	0.0	0.0	0.0	0.0	0.0	168.0	219.0	205.0	196.0	193.0	210.0	212.0	210.0	199.0	203.0	143.0	0.0	0.0	0.0	0.0	0.0	0.0	0.0	0.0	0.0	0.0	0.0	0.0	0.0	0.0	0.0	0.0	0.0	139.0	223.0	202.0	198.0	198.0	205.0	207.0	213.0	200.0	207.0	121.0	0.0	0.0	0.0	0.0	0.0	0.0	0.0	0.0	0.0	0.0	0.0	0.0	0.0	0.0	0.0	4.0	0.0	119.0	227.0	200.0	198.0	203.0	209.0	212.0	213.0	202.0	210.0	106.0	0.0	1.0	0.0	0.0	0.0	0.0	0.0	0.0	0.0	0.0	0.0	0.0	0.0	0.0	0.0	4.0	0.0	94.0	230.0	202.0	200.0	199.0	206.0	210.0	217.0	203.0	210.0	86.0	0.0	2.0	0.0	0.0	0.0	0.0	0.0	0.0	0.0	0.0	0.0	0.0	0.0	0.0	0.0	1.0	0.0	76.0	229.0	203.0	202.0	206.0	207.0	209.0	220.0	206.0	215.0	76.0	0.0	2.0	0.0	0.0	0.0	0.0	0.0	0.0	0.0	0.0	0.0	0.0	0.0	0.0	0.0	5.0	0.0	68.0	226.0	203.0	202.0	200.0	210.0	212.0	216.0	207.0	213.0	61.0	0.0	2.0	0.0	0.0	0.0	0.0	0.0	0.0	0.0	0.0	0.0	0.0	0.0	0.0	0.0	2.0	0.0	62.0	225.0	206.0	199.0	205.0	213.0	217.0	219.0	210.0	209.0	51.0	0.0	2.0	0.0	0.0	0.0	0.0	0.0	0.0	0.0	0.0	0.0	0.0	0.0	0.0	0.0	2.0	0.0	24.0	215.0	210.0	202.0	202.0	209.0	212.0	217.0	210.0	212.0	28.0	0.0	2.0	0.0	0.0	0.0	0.0	0.0	0.0	0.0	0.0	0.0	0.0	0.0	0.0	0.0	2.0	0.0	24.0	215.0	212.0	215.0	233.0	245.0	247.0	215.0	210.0	219.0	28.0	0.0	2.0	0.0	0.0	0.0	0.0	0.0	0.0	0.0	0.0	0.0	0.0	0.0	0.0	0.0	1.0	0.0	0.0	183.0	207.0	193.0	103.0	66.0	136.0	207.0	206.0	199.0	0.0	0.0	1.0	0.0	0.0	0.0	0.0	0.0	0.0
0.0	0.0	0.0	0.0	0.0	0.0	0.0	0.0	0.0	0.0	0.0	0.0	0.0	0.0	0.0	0.0	0.0	0.0	0.0	0.0	0.0	0.0	0.0	0.0	0.0	0.0	0.0	0.0	0.0	0.0	0.0	0.0	0.0	0.0	0.0	0.0	0.0	0.0	0.0	0.0	0.0	0.0	0.0	0.0	0.0	0.0	0.0	0.0	0.0	0.0	0.0	0.0	0.0	0.0	0.0	0.0	0.0	0.0	0.0	0.0	0.0	0.0	0.0	0.0	0.0	0.0	0.0	0.0	0.0	0.0	0.0	0.0	0.0	0.0	0.0	0.0	0.0	0.0	0.0	0.0	0.0	0.0	0.0	0.0	0.0	0.0	0.0	0.0	0.0	0.0	0.0	0.0	0.0	0.0	0.0	0.0	0.0	0.0	0.0	0.0	0.0	0.0	0.0	0.0	0.0	0.0	0.0	0.0	0.0	0.0	0.0	0.0	0.0	0.0	0.0	0.0	0.0	0.0	0.0	0.0	0.0	0.0	0.0	0.0	0.0	0.0	0.0	0.0	0.0	0.0	0.0	0.0	0.0	0.0	0.0	0.0	0.0	0.0	0.0	0.0	0.0	0.0	0.0	0.0	0.0	0.0	0.0	0.0	0.0	0.0	0.0	0.0	0.0	0.0	0.0	0.0	0.0	0.0	0.0	0.0	0.0	0.0	0.0	0.0	0.0	0.0	0.0	0.0	0.0	0.0	0.0	0.0	0.0	0.0	0.0	0.0	0.0	0.0	0.0	0.0	0.0	0.0	0.0	0.0	0.0	0.0	0.0	0.0	0.0	0.0	0.0	0.0	0.0	0.0	0.0	0.0	0.0	0.0	0.0	0.0	0.0	0.0	0.0	0.0	0.0	0.0	0.0	0.0	0.0	0.0	0.0	0.0	0.0	0.0	0.0	0.0	0.0	0.0	0.0	0.0	0.0	0.0	0.0	0.0	0.0	0.0	0.0	0.0	0.0	0.0	0.0	0.0	2.0	0.0	2.0	1.0	0.0	0.0	0.0	31.0	90.0	0.0	0.0	0.0	1.0	0.0	0.0	0.0	0.0	0.0	0.0	0.0	0.0	0.0	0.0	0.0	0.0	0.0	0.0	0.0	0.0	2.0	0.0	0.0	0.0	128.0	82.0	61.0	210.0	126.0	0.0	0.0	0.0	0.0	1.0	0.0	37.0	42.0	3.0	0.0	0.0	0.0	0.0	0.0	0.0	0.0	0.0	0.0	0.0	0.0	2.0	115.0	165.0	163.0	194.0	177.0	154.0	163.0	170.0	0.0	0.0	0.0	0.0	37.0	79.0	55.0	36.0	0.0	0.0	0.0	0.0	0.0	0.0	0.0	0.0	0.0	0.0	57.0	172.0	172.0	170.0	178.0	161.0	177.0	191.0	190.0	206.0	86.0	0.0	0.0	0.0	37.0	0.0	12.0	41.0	0.0	1.0	0.0	0.0	2.0	4.0	0.0	0.0	0.0	106.0	177.0	145.0	162.0	131.0	170.0	221.0	228.0	206.0	225.0	200.0	195.0	175.0	133.0	127.0	115.0	22.0	93.0	193.0	0.0	1.0	1.0	0.0	0.0	0.0	0.0	0.0	83.0	154.0	160.0	173.0	171.0	222.0	238.0	212.0	162.0	139.0	127.0	135.0	149.0	180.0	208.0	206.0	203.0	196.0	197.0	213.0	36.0	0.0	0.0	0.0	0.0	26.0	66.0	152.0	170.0	172.0	184.0	200.0	209.0	186.0	155.0	158.0	171.0	195.0	201.0	173.0	150.0	157.0	143.0	145.0	179.0	212.0	214.0	225.0	43.0	0.0	78.0	137.0	144.0	167.0	166.0	152.0	168.0	150.0	138.0	153.0	151.0	150.0	167.0	186.0	181.0	175.0	188.0	210.0	195.0	171.0	172.0	208.0	222.0	219.0	215.0	233.0	60.0	58.0	149.0	137.0	136.0	115.0	122.0	145.0	151.0	147.0	153.0	153.0	168.0	171.0	174.0	164.0	175.0	194.0	185.0	188.0	186.0	152.0	196.0	228.0	223.0	224.0	232.0	237.0	63.0	144.0	174.0	167.0	174.0	170.0	157.0	135.0	146.0	153.0	163.0	162.0	152.0	161.0	173.0	181.0	189.0	201.0	217.0	227.0	193.0	213.0	255.0	236.0	229.0	217.0	211.0	197.0	0.0	73.0	163.0	122.0	151.0	185.0	214.0	221.0	225.0	228.0	227.0	225.0	225.0	227.0	231.0	232.0	231.0	203.0	172.0	158.0	128.0	107.0	104.0	78.0	46.0	25.0	2.0	22.0	0.0	0.0	99.0	148.0	89.0	64.0	53.0	53.0	71.0	93.0	95.0	95.0	95.0	82.0	64.0	43.0	24.0	20.0	18.0	25.0	26.0	31.0	40.0	45.0	66.0	88.0	105.0	148.0	86.0	0.0	0.0	0.0	70.0	101.0	131.0	130.0	109.0	91.0	91.0	107.0	112.0	107.0	119.0	110.0	100.0	104.0	111.0	106.0	99.0	88.0	83.0	82.0	80.0	77.0	59.0	6.0	0.0	0.0	0.0	0.0	0.0	0.0	0.0	0.0	0.0	0.0	0.0	0.0	0.0	0.0	0.0	0.0	0.0	0.0	0.0	0.0	0.0	0.0	0.0	0.0	0.0	0.0	0.0	0.0	0.0	0.0	0.0	0.0	0.0	0.0	0.0	0.0	0.0	0.0	0.0	0.0	0.0	0.0	0.0	0.0	0.0	0.0	0.0	0.0	0.0	0.0	0.0	0.0	0.0	0.0	0.0	0.0	0.0	0.0	0.0	0.0	0.0	0.0	0.0	0.0	0.0	0.0	0.0	0.0	0.0	0.0	0.0	0.0	0.0	0.0	0.0	0.0	0.0	0.0	0.0	0.0	0.0	0.0	0.0	0.0	0.0	0.0	0.0	0.0	0.0	0.0	0.0	0.0	0.0	0.0	0.0	0.0	0.0	0.0	0.0	0.0	0.0	0.0	0.0	0.0	0.0	0.0	0.0	0.0	0.0	0.0	0.0	0.0	0.0	0.0	0.0	0.0	0.0	0.0	0.0	0.0	0.0	0.0	0.0	0.0	0.0	0.0	0.0	0.0	0.0	0.0	0.0	0.0	0.0	0.0	0.0	0.0	0.0	0.0	0.0	0.0	0.0	0.0	0.0	0.0	0.0	0.0	0.0	0.0	0.0	0.0	0.0	0.0	0.0	0.0	0.0	0.0	0.0	0.0	0.0	0.0	0.0	0.0	0.0	0.0	0.0	0.0	0.0	0.0	0.0	0.0	0.0	0.0	0.0	0.0	0.0	0.0	0.0	0.0	0.0	0.0	0.0	0.0	0.0	0.0	0.0	0.0	0.0	0.0	0.0	0.0	0.0	0.0	0.0	0.0	0.0	0.0	0.0
0.0	0.0	0.0	0.0	0.0	0.0	0.0	0.0	0.0	0.0	93.0	173.0	136.0	77.0	53.0	73.0	152.0	131.0	10.0	0.0	0.0	0.0	0.0	0.0	0.0	0.0	0.0	0.0	0.0	0.0	0.0	0.0	0.0	0.0	0.0	74.0	219.0	255.0	255.0	244.0	255.0	238.0	188.0	255.0	250.0	249.0	255.0	252.0	139.0	0.0	0.0	0.0	0.0	0.0	0.0	0.0	0.0	0.0	0.0	0.0	0.0	0.0	141.0	255.0	255.0	247.0	240.0	241.0	233.0	221.0	211.0	237.0	236.0	241.0	244.0	250.0	255.0	211.0	3.0	0.0	0.0	0.0	0.0	0.0	0.0	0.0	0.0	0.0	0.0	14.0	249.0	245.0	242.0	244.0	245.0	244.0	247.0	250.0	253.0	245.0	245.0	242.0	242.0	243.0	239.0	255.0	177.0	0.0	0.0	0.0	0.0	0.0	0.0	0.0	0.0	0.0	0.0	83.0	255.0	241.0	245.0	246.0	246.0	243.0	241.0	243.0	242.0	243.0	245.0	255.0	255.0	244.0	246.0	245.0	238.0	6.0	0.0	0.0	0.0	0.0	0.0	0.0	0.0	0.0	0.0	138.0	255.0	240.0	246.0	246.0	245.0	244.0	243.0	243.0	245.0	243.0	254.0	202.0	215.0	251.0	243.0	243.0	253.0	28.0	0.0	0.0	0.0	0.0	0.0	0.0	0.0	0.0	0.0	172.0	255.0	240.0	246.0	245.0	245.0	244.0	243.0	243.0	244.0	241.0	255.0	160.0	137.0	255.0	238.0	242.0	255.0	72.0	0.0	0.0	0.0	0.0	0.0	0.0	0.0	0.0	0.0	197.0	255.0	241.0	245.0	246.0	245.0	244.0	243.0	243.0	245.0	244.0	247.0	252.0	255.0	246.0	242.0	243.0	255.0	118.0	0.0	0.0	0.0	0.0	0.0	0.0	0.0	0.0	0.0	206.0	255.0	242.0	246.0	245.0	245.0	243.0	241.0	243.0	243.0	243.0	243.0	243.0	244.0	244.0	241.0	241.0	255.0	149.0	0.0	0.0	0.0	0.0	0.0	0.0	0.0	0.0	0.0	214.0	254.0	243.0	245.0	245.0	246.0	244.0	243.0	244.0	243.0	243.0	243.0	241.0	243.0	246.0	242.0	241.0	255.0	182.0	0.0	0.0	0.0	0.0	0.0	0.0	0.0	0.0	0.0	225.0	254.0	245.0	245.0	245.0	246.0	244.0	243.0	244.0	243.0	243.0	243.0	242.0	244.0	245.0	242.0	242.0	255.0	206.0	0.0	0.0	0.0	0.0	0.0	0.0	0.0	0.0	0.0	226.0	252.0	246.0	245.0	245.0	245.0	243.0	242.0	242.0	243.0	243.0	244.0	242.0	241.0	247.0	242.0	241.0	254.0	237.0	0.0	0.0	0.0	0.0	0.0	0.0	0.0	0.0	0.0	254.0	251.0	244.0	245.0	245.0	245.0	243.0	243.0	242.0	242.0	243.0	245.0	242.0	237.0	249.0	241.0	243.0	253.0	255.0	0.0	0.0	0.0	0.0	0.0	0.0	0.0	0.0	11.0	255.0	250.0	245.0	244.0	246.0	244.0	243.0	242.0	242.0	242.0	243.0	244.0	243.0	237.0	247.0	243.0	244.0	254.0	255.0	0.0	0.0	0.0	0.0	0.0	0.0	0.0	0.0	47.0	255.0	248.0	248.0	242.0	248.0	243.0	244.0	243.0	242.0	242.0	243.0	244.0	245.0	236.0	247.0	244.0	243.0	249.0	255.0	0.0	0.0	0.0	0.0	0.0	0.0	0.0	0.0	69.0	249.0	248.0	246.0	243.0	247.0	243.0	242.0	240.0	242.0	243.0	243.0	245.0	246.0	236.0	245.0	244.0	245.0	249.0	255.0	19.0	0.0	0.0	0.0	0.0	0.0	0.0	0.0	80.0	243.0	249.0	246.0	244.0	246.0	242.0	243.0	241.0	243.0	243.0	243.0	245.0	246.0	238.0	242.0	245.0	246.0	250.0	255.0	34.0	0.0	0.0	0.0	0.0	0.0	0.0	0.0	111.0	242.0	254.0	248.0	244.0	245.0	243.0	245.0	242.0	244.0	243.0	242.0	245.0	246.0	241.0	239.0	246.0	247.0	251.0	255.0	42.0	0.0	0.0	0.0	0.0	0.0	0.0	0.0	131.0	255.0	252.0	246.0	243.0	243.0	242.0	244.0	242.0	244.0	243.0	243.0	245.0	246.0	242.0	237.0	244.0	245.0	250.0	255.0	50.0	0.0	0.0	0.0	0.0	0.0	0.0	0.0	121.0	244.0	254.0	254.0	247.0	244.0	241.0	243.0	242.0	244.0	243.0	243.0	244.0	245.0	243.0	236.0	249.0	254.0	248.0	255.0	63.0	0.0	0.0	0.0	0.0	0.0	0.0	0.0	132.0	242.0	255.0	218.0	248.0	248.0	243.0	244.0	243.0	245.0	242.0	243.0	244.0	244.0	244.0	241.0	230.0	228.0	251.0	255.0	97.0	0.0	0.0	0.0	0.0	0.0	0.0	0.0	169.0	254.0	255.0	132.0	238.0	248.0	243.0	244.0	243.0	245.0	242.0	243.0	244.0	243.0	242.0	251.0	201.0	176.0	255.0	255.0	138.0	0.0	0.0	0.0	0.0	0.0	0.0	0.0	196.0	246.0	255.0	84.0	247.0	254.0	243.0	245.0	245.0	245.0	245.0	245.0	245.0	245.0	243.0	255.0	189.0	137.0	255.0	254.0	162.0	0.0	0.0	0.0	0.0	0.0	0.0	0.0	217.0	246.0	255.0	19.0	249.0	245.0	243.0	246.0	247.0	246.0	245.0	245.0	245.0	245.0	241.0	255.0	172.0	98.0	255.0	251.0	211.0	0.0	0.0	0.0	0.0	0.0	0.0	0.0	192.0	253.0	243.0	0.0	236.0	237.0	231.0	231.0	231.0	230.0	230.0	231.0	231.0	231.0	229.0	241.0	195.0	21.0	252.0	250.0	164.0	0.0	0.0	0.0	0.0	0.0	0.0	0.0	158.0	255.0	168.0	0.0	255.0	252.0	247.0	250.0	252.0	253.0	253.0	252.0	252.0	252.0	248.0	253.0	250.0	0.0	227.0	255.0	53.0	0.0	0.0	0.0	0.0	0.0	0.0	0.0	126.0	219.0	124.0	0.0	8.0	33.0	36.0	40.0	62.0	72.0	61.0	61.0	61.0	55.0	44.0	36.0	2.0	0.0	212.0	214.0	47.0	0.0	0.0	0.0	0.0	0.0	0.0	0.0	0.0	0.0	0.0	0.0	0.0	0.0	0.0	0.0	0.0	0.0	0.0	0.0	0.0	0.0	0.0	0.0	0.0	0.0	0.0	0.0	0.0	0.0	0.0	0.0
0.0	0.0	0.0	0.0	0.0	0.0	0.0	0.0	0.0	0.0	8.0	38.0	67.0	77.0	69.0	72.0	59.0	25.0	5.0	0.0	0.0	0.0	0.0	0.0	0.0	0.0	0.0	0.0	0.0	0.0	0.0	0.0	0.0	0.0	0.0	0.0	0.0	27.0	131.0	150.0	103.0	111.0	116.0	128.0	145.0	157.0	185.0	146.0	54.0	0.0	0.0	1.0	0.0	0.0	0.0	0.0	0.0	0.0	0.0	0.0	0.0	0.0	0.0	0.0	0.0	74.0	111.0	116.0	172.0	173.0	158.0	163.0	138.0	97.0	82.0	70.0	74.0	0.0	0.0	1.0	0.0	0.0	0.0	0.0	0.0	0.0	0.0	0.0	0.0	0.0	1.0	1.0	0.0	64.0	103.0	42.0	109.0	123.0	82.0	65.0	43.0	40.0	50.0	75.0	65.0	0.0	0.0	1.0	0.0	0.0	0.0	0.0	0.0	0.0	0.0	0.0	0.0	0.0	0.0	0.0	0.0	108.0	202.0	131.0	123.0	57.0	33.0	47.0	52.0	62.0	64.0	81.0	47.0	0.0	0.0	0.0	0.0	0.0	0.0	0.0	0.0	0.0	0.0	0.0	0.0	0.0	0.0	6.0	48.0	94.0	106.0	103.0	69.0	75.0	74.0	69.0	72.0	86.0	75.0	118.0	67.0	0.0	0.0	1.0	0.0	0.0	0.0	0.0	0.0	0.0	0.0	0.0	0.0	0.0	0.0	82.0	75.0	54.0	67.0	82.0	103.0	94.0	92.0	91.0	91.0	82.0	50.0	38.0	75.0	59.0	0.0	0.0	0.0	0.0	0.0	0.0	0.0	0.0	0.0	0.0	0.0	0.0	47.0	101.0	60.0	54.0	72.0	54.0	50.0	48.0	50.0	55.0	50.0	40.0	48.0	54.0	42.0	91.0	37.0	0.0	0.0	0.0	0.0	0.0	0.0	0.0	0.0	0.0	0.0	0.0	60.0	89.0	79.0	60.0	74.0	65.0	69.0	62.0	60.0	54.0	50.0	33.0	32.0	50.0	54.0	89.0	60.0	0.0	0.0	0.0	0.0	0.0	0.0	0.0	0.0	0.0	0.0	11.0	97.0	62.0	92.0	72.0	59.0	57.0	55.0	64.0	64.0	54.0	25.0	91.0	99.0	21.0	60.0	69.0	72.0	0.0	0.0	0.0	0.0	0.0	0.0	0.0	0.0	0.0	0.0	82.0	108.0	42.0	116.0	86.0	52.0	45.0	40.0	45.0	59.0	62.0	23.0	135.0	168.0	18.0	75.0	57.0	75.0	5.0	0.0	0.0	0.0	0.0	0.0	0.0	0.0	0.0	0.0	30.0	82.0	48.0	148.0	106.0	65.0	52.0	52.0	54.0	57.0	59.0	65.0	35.0	21.0	52.0	84.0	59.0	81.0	18.0	0.0	0.0	0.0	0.0	0.0	0.0	0.0	0.0	0.0	35.0	84.0	54.0	160.0	133.0	79.0	72.0	70.0	67.0	62.0	64.0	69.0	69.0	67.0	65.0	118.0	57.0	75.0	33.0	0.0	0.0	0.0	0.0	0.0	0.0	0.0	0.0	0.0	43.0	79.0	50.0	175.0	130.0	84.0	79.0	64.0	62.0	62.0	62.0	60.0	59.0	48.0	65.0	153.0	59.0	79.0	40.0	0.0	0.0	0.0	0.0	0.0	0.0	0.0	0.0	0.0	54.0	75.0	69.0	130.0	123.0	97.0	74.0	70.0	59.0	60.0	62.0	60.0	59.0	59.0	59.0	86.0	81.0	70.0	50.0	0.0	0.0	0.0	0.0	0.0	0.0	0.0	0.0	0.0	62.0	72.0	89.0	60.0	113.0	108.0	79.0	74.0	65.0	70.0	60.0	57.0	54.0	67.0	50.0	65.0	101.0	60.0	55.0	0.0	0.0	0.0	0.0	0.0	0.0	0.0	0.0	0.0	64.0	72.0	103.0	50.0	96.0	114.0	86.0	86.0	65.0	64.0	67.0	69.0	59.0	67.0	47.0	54.0	103.0	64.0	65.0	0.0	0.0	0.0	0.0	0.0	0.0	0.0	0.0	0.0	64.0	65.0	103.0	30.0	92.0	126.0	97.0	84.0	79.0	62.0	64.0	59.0	47.0	59.0	47.0	47.0	106.0	64.0	72.0	0.0	0.0	0.0	0.0	0.0	0.0	0.0	0.0	0.0	67.0	74.0	109.0	18.0	94.0	124.0	89.0	91.0	81.0	69.0	57.0	60.0	57.0	72.0	48.0	37.0	111.0	59.0	65.0	0.0	0.0	0.0	0.0	0.0	0.0	0.0	0.0	0.0	74.0	62.0	114.0	20.0	97.0	109.0	84.0	86.0	75.0	60.0	62.0	57.0	57.0	64.0	52.0	27.0	121.0	64.0	74.0	0.0	0.0	0.0	0.0	0.0	0.0	0.0	0.0	0.0	79.0	72.0	111.0	37.0	119.0	87.0	87.0	82.0	81.0	74.0	67.0	60.0	59.0	67.0	55.0	45.0	119.0	69.0	79.0	0.0	0.0	0.0	0.0	0.0	0.0	0.0	0.0	0.0	75.0	72.0	101.0	59.0	116.0	77.0	91.0	91.0	91.0	84.0	72.0	75.0	74.0	59.0	60.0	91.0	106.0	69.0	72.0	0.0	0.0	0.0	0.0	0.0	0.0	0.0	0.0	0.0	79.0	65.0	91.0	89.0	118.0	84.0	82.0	79.0	77.0	75.0	70.0	65.0	59.0	52.0	52.0	52.0	116.0	69.0	77.0	0.0	0.0	0.0	0.0	0.0	0.0	0.0	0.0	0.0	92.0	79.0	94.0	103.0	60.0	62.0	70.0	70.0	69.0	62.0	70.0	67.0	55.0	43.0	38.0	59.0	109.0	75.0	84.0	0.0	0.0	0.0	0.0	0.0	0.0	0.0	0.0	0.0	79.0	70.0	96.0	81.0	145.0	81.0	92.0	97.0	97.0	94.0	92.0	89.0	87.0	86.0	86.0	82.0	103.0	69.0	74.0	0.0	0.0	0.0	0.0	0.0	0.0	0.0	0.0	0.0	96.0	118.0	89.0	69.0	255.0	104.0	106.0	106.0	104.0	108.0	104.0	103.0	99.0	94.0	109.0	70.0	92.0	114.0	81.0	0.0	0.0	0.0	0.0	0.0	0.0	0.0	0.0	0.0	74.0	113.0	67.0	45.0	206.0	75.0	91.0	92.0	91.0	91.0	89.0	86.0	89.0	87.0	94.0	47.0	94.0	124.0	72.0	0.0	0.0	0.0	0.0	0.0	0.0	0.0	0.0	0.0	74.0	111.0	81.0	0.0	0.0	0.0	0.0	0.0	0.0	0.0	0.0	0.0	0.0	0.0	0.0	0.0	86.0	118.0	67.0	0.0	0.0	0.0	0.0
0.0	0.0	0.0	0.0	0.0	0.0	0.0	0.0	0.0	0.0	75.0	135.0	110.0	70.0	59.0	81.0	136.0	154.0	90.0	0.0	0.0	0.0	1.0	0.0	0.0	0.0	0.0	0.0	0.0	0.0	0.0	0.0	1.0	0.0	0.0	9.0	128.0	212.0	197.0	206.0	244.0	216.0	170.0	248.0	235.0	203.0	232.0	229.0	128.0	0.0	0.0	0.0	0.0	0.0	0.0	0.0	0.0	0.0	0.0	1.0	0.0	0.0	116.0	178.0	192.0	182.0	168.0	151.0	154.0	179.0	196.0	179.0	166.0	178.0	187.0	192.0	206.0	194.0	62.0	0.0	0.0	0.0	0.0	0.0	0.0	0.0	0.0	0.0	0.0	77.0	190.0	173.0	176.0	182.0	170.0	186.0	168.0	170.0	193.0	177.0	193.0	181.0	191.0	203.0	182.0	197.0	204.0	2.0	0.0	0.0	0.0	0.0	0.0	0.0	0.0	0.0	0.0	167.0	177.0	171.0	172.0	184.0	165.0	183.0	178.0	145.0	179.0	209.0	174.0	172.0	193.0	205.0	189.0	191.0	214.0	107.0	0.0	0.0	0.0	0.0	0.0	0.0	0.0	0.0	4.0	195.0	177.0	179.0	171.0	186.0	159.0	186.0	175.0	142.0	169.0	193.0	164.0	172.0	197.0	204.0	196.0	200.0	208.0	181.0	0.0	0.0	0.0	0.0	0.0	0.0	0.0	0.0	23.0	178.0	175.0	190.0	163.0	166.0	164.0	173.0	181.0	156.0	167.0	179.0	161.0	178.0	195.0	203.0	207.0	201.0	201.0	218.0	0.0	0.0	0.0	0.0	0.0	0.0	0.0	0.0	85.0	180.0	175.0	198.0	152.0	154.0	159.0	165.0	185.0	161.0	151.0	162.0	157.0	178.0	193.0	203.0	209.0	206.0	196.0	235.0	65.0	0.0	0.0	0.0	0.0	0.0	0.0	0.0	144.0	184.0	178.0	204.0	154.0	157.0	170.0	177.0	189.0	159.0	153.0	164.0	161.0	179.0	197.0	203.0	214.0	213.0	194.0	213.0	121.0	0.0	0.0	0.0	0.0	0.0	0.0	0.0	216.0	192.0	183.0	197.0	175.0	164.0	178.0	182.0	199.0	163.0	161.0	173.0	165.0	186.0	203.0	203.0	222.0	209.0	200.0	226.0	153.0	0.0	0.0	0.0	0.0	0.0	0.0	0.0	59.0	172.0	200.0	197.0	171.0	163.0	178.0	181.0	196.0	172.0	174.0	172.0	164.0	185.0	202.0	202.0	215.0	206.0	227.0	161.0	0.0	0.0	0.0	0.0	0.0	0.0	0.0	0.0	0.0	0.0	180.0	219.0	167.0	166.0	172.0	174.0	196.0	146.0	155.0	179.0	165.0	187.0	202.0	201.0	218.0	255.0	150.0	0.0	0.0	0.0	0.0	0.0	0.0	0.0	0.0	0.0	0.0	0.0	0.0	152.0	197.0	167.0	174.0	176.0	192.0	155.0	174.0	177.0	166.0	188.0	200.0	205.0	223.0	77.0	0.0	0.0	0.0	0.0	0.0	0.0	0.0	0.0	0.0	0.0	0.0	0.0	0.0	0.0	182.0	173.0	175.0	177.0	186.0	158.0	173.0	174.0	169.0	194.0	195.0	219.0	112.0	0.0	0.0	0.0	0.0	0.0	0.0	0.0	0.0	0.0	0.0	0.0	1.0	0.0	0.0	0.0	192.0	174.0	176.0	180.0	184.0	175.0	184.0	172.0	169.0	198.0	190.0	215.0	180.0	0.0	0.0	0.0	0.0	0.0	0.0	0.0	0.0	0.0	0.0	0.0	0.0	2.0	0.0	4.0	201.0	173.0	175.0	180.0	191.0	178.0	173.0	171.0	176.0	197.0	196.0	206.0	223.0	0.0	0.0	0.0	0.0	0.0	0.0	0.0	0.0	0.0	0.0	0.0	0.0	3.0	0.0	4.0	201.0	174.0	177.0	178.0	195.0	179.0	166.0	171.0	186.0	198.0	197.0	201.0	211.0	21.0	0.0	1.0	0.0	0.0	0.0	0.0	0.0	0.0	0.0	0.0	0.0	1.0	0.0	19.0	209.0	174.0	180.0	180.0	195.0	182.0	165.0	173.0	192.0	198.0	199.0	198.0	220.0	75.0	0.0	2.0	0.0	0.0	0.0	0.0	0.0	0.0	0.0	0.0	0.0	1.0	0.0	49.0	183.0	175.0	181.0	181.0	196.0	184.0	167.0	179.0	191.0	196.0	200.0	197.0	217.0	143.0	0.0	0.0	0.0	0.0	0.0	0.0	0.0	0.0	0.0	1.0	0.0	2.0	0.0	84.0	182.0	175.0	181.0	183.0	199.0	184.0	170.0	178.0	192.0	197.0	198.0	194.0	210.0	203.0	0.0	0.0	0.0	0.0	0.0	0.0	0.0	0.0	0.0	0.0	0.0	3.0	0.0	104.0	185.0	175.0	186.0	186.0	199.0	185.0	177.0	182.0	197.0	197.0	198.0	196.0	204.0	232.0	0.0	0.0	1.0	0.0	0.0	0.0	0.0	0.0	0.0	0.0	0.0	0.0	0.0	151.0	184.0	179.0	186.0	188.0	199.0	184.0	182.0	185.0	199.0	198.0	200.0	198.0	199.0	214.0	26.0	0.0	1.0	0.0	0.0	0.0	0.0	0.0	0.0	0.0	2.0	0.0	0.0	191.0	178.0	186.0	189.0	187.0	191.0	175.0	181.0	189.0	196.0	196.0	200.0	202.0	196.0	223.0	88.0	0.0	2.0	0.0	0.0	0.0	0.0	0.0	0.0	0.0	6.0	0.0	47.0	184.0	176.0	189.0	189.0	182.0	175.0	174.0	187.0	185.0	191.0	201.0	197.0	199.0	197.0	214.0	180.0	0.0	0.0	0.0	0.0	0.0	0.0	0.0	0.0	0.0	2.0	0.0	157.0	178.0	183.0	187.0	190.0	191.0	199.0	210.0	200.0	197.0	201.0	198.0	197.0	202.0	203.0	210.0	179.0	0.0	0.0	0.0	0.0	0.0	0.0	0.0	0.0	0.0	2.0	0.0	109.0	222.0	208.0	209.0	212.0	211.0	213.0	217.0	222.0	215.0	214.0	215.0	216.0	219.0	222.0	238.0	116.0	0.0	0.0	0.0	0.0	0.0	0.0	0.0	0.0	0.0	1.0	0.0	0.0	122.0	211.0	230.0	228.0	243.0	235.0	236.0	236.0	232.0	239.0	243.0	249.0	250.0	244.0	124.0	0.0	0.0	0.0	0.0	0.0	0.0	0.0	0.0	0.0	0.0	1.0	0.0	0.0	0.0	0.0	73.0	116.0	148.0	165.0	160.0	159.0	158.0	156.0	128.0	91.0	20.0	0.0	0.0	0.0	0.0	0.0	0.0	0.0	0.0
0.0	0.0	0.0	0.0	1.0	0.0	0.0	0.0	0.0	0.0	0.0	152.0	192.0	135.0	134.0	165.0	209.0	25.0	0.0	0.0	0.0	0.0	0.0	0.0	0.0	0.0	0.0	0.0	0.0	0.0	0.0	0.0	0.0	0.0	0.0	0.0	68.0	178.0	253.0	230.0	234.0	243.0	244.0	231.0	223.0	254.0	207.0	92.0	0.0	0.0	0.0	0.0	0.0	0.0	0.0	0.0	0.0	0.0	0.0	0.0	0.0	0.0	0.0	208.0	239.0	232.0	219.0	217.0	218.0	210.0	207.0	210.0	212.0	216.0	226.0	234.0	212.0	31.0	0.0	1.0	0.0	0.0	0.0	0.0	0.0	0.0	0.0	0.0	1.0	0.0	104.0	234.0	210.0	214.0	216.0	219.0	211.0	224.0	228.0	225.0	209.0	214.0	214.0	206.0	223.0	212.0	0.0	0.0	0.0	0.0	0.0	0.0	0.0	0.0	0.0	0.0	0.0	0.0	205.0	217.0	216.0	212.0	216.0	218.0	212.0	222.0	217.0	219.0	210.0	215.0	211.0	208.0	208.0	230.0	100.0	0.0	0.0	0.0	0.0	0.0	0.0	0.0	0.0	0.0	0.0	198.0	233.0	213.0	219.0	211.0	216.0	217.0	212.0	227.0	215.0	220.0	213.0	214.0	209.0	206.0	209.0	224.0	225.0	22.0	0.0	0.0	0.0	0.0	0.0	0.0	0.0	0.0	63.0	244.0	223.0	222.0	212.0	212.0	216.0	220.0	213.0	222.0	214.0	217.0	209.0	213.0	211.0	208.0	214.0	226.0	249.0	173.0	0.0	0.0	0.0	0.0	0.0	0.0	0.0	0.0	0.0	175.0	231.0	231.0	207.0	214.0	212.0	212.0	213.0	223.0	218.0	216.0	205.0	209.0	208.0	203.0	224.0	238.0	210.0	0.0	0.0	0.0	0.0	0.0	0.0	0.0	0.0	0.0	0.0	35.0	236.0	241.0	209.0	210.0	211.0	210.0	210.0	224.0	217.0	217.0	206.0	208.0	211.0	196.0	231.0	255.0	114.0	0.0	0.0	0.0	0.0	0.0	0.0	0.0	0.0	0.0	0.0	0.0	201.0	254.0	221.0	206.0	211.0	211.0	209.0	224.0	215.0	221.0	204.0	210.0	210.0	205.0	239.0	233.0	0.0	0.0	0.0	0.0	0.0	0.0	0.0	0.0	0.0	0.0	2.0	0.0	46.0	255.0	226.0	204.0	206.0	206.0	203.0	224.0	214.0	216.0	201.0	206.0	203.0	207.0	248.0	122.0	0.0	0.0	0.0	0.0	0.0	0.0	0.0	0.0	0.0	0.0	0.0	0.0	0.0	225.0	239.0	203.0	204.0	209.0	203.0	225.0	216.0	213.0	203.0	212.0	200.0	218.0	225.0	0.0	0.0	0.0	0.0	0.0	0.0	0.0	0.0	0.0	0.0	0.0	0.0	2.0	0.0	36.0	220.0	205.0	201.0	210.0	206.0	224.0	218.0	214.0	208.0	214.0	201.0	224.0	128.0	0.0	0.0	0.0	0.0	0.0	0.0	0.0	0.0	0.0	0.0	0.0	0.0	0.0	0.0	0.0	159.0	216.0	199.0	210.0	204.0	224.0	218.0	212.0	211.0	215.0	205.0	233.0	0.0	0.0	0.0	0.0	0.0	0.0	0.0	0.0	0.0	0.0	0.0	0.0	0.0	0.0	1.0	0.0	133.0	225.0	197.0	213.0	201.0	223.0	222.0	209.0	216.0	212.0	210.0	227.0	0.0	0.0	1.0	0.0	0.0	0.0	0.0	0.0	0.0	0.0	0.0	0.0	0.0	0.0	2.0	0.0	142.0	222.0	205.0	215.0	202.0	222.0	223.0	206.0	223.0	209.0	211.0	218.0	0.0	0.0	1.0	0.0	0.0	0.0	0.0	0.0	0.0	0.0	0.0	0.0	0.0	0.0	2.0	0.0	140.0	223.0	205.0	222.0	201.0	223.0	222.0	205.0	233.0	206.0	215.0	201.0	0.0	0.0	1.0	0.0	0.0	0.0	0.0	0.0	0.0	0.0	0.0	0.0	0.0	0.0	3.0	0.0	130.0	222.0	205.0	215.0	200.0	226.0	223.0	220.0	225.0	205.0	215.0	163.0	0.0	0.0	0.0	0.0	0.0	0.0	0.0	0.0	0.0	0.0	0.0	0.0	0.0	0.0	8.0	0.0	174.0	245.0	225.0	228.0	224.0	228.0	226.0	235.0	233.0	227.0	233.0	181.0	0.0	1.0	0.0	0.0	0.0	0.0	0.0	0.0	0.0	0.0	0.0	0.0	0.0	0.0	2.0	0.0	52.0	136.0	152.0	182.0	202.0	195.0	211.0	218.0	192.0	172.0	156.0	95.0	0.0	1.0	0.0	0.0	0.0	0.0	0.0	0.0	0.0	0.0	0.0	0.0	0.0	0.0	0.0	0.0	0.0	0.0	0.0	0.0	0.0	20.0	206.0	0.0	0.0	0.0	0.0	0.0	0.0	0.0	0.0	0.0	0.0	0.0	0.0	0.0	0.0	0.0	0.0	0.0	0.0	0.0	0.0	1.0	6.0	9.0	1.0	2.0	0.0	81.0	235.0	0.0	0.0	1.0	1.0	5.0	0.0	0.0	0.0	0.0	0.0	0.0	0.0	0.0	0.0	0.0	0.0	0.0	0.0	0.0	0.0	0.0	0.0	0.0	0.0	4.0	0.0	99.0	177.0	0.0	0.0	0.0	0.0	0.0	0.0	0.0	0.0	0.0	0.0	0.0	0.0	0.0	0.0	0.0	0.0	0.0	0.0	0.0	0.0	0.0	0.0	0.0	0.0	2.0	0.0	117.0	182.0	0.0	0.0	0.0	0.0	0.0	0.0	0.0	0.0	0.0	0.0	0.0	0.0	0.0	0.0	0.0	0.0	0.0	0.0	0.0	0.0	0.0	0.0	0.0	0.0	7.0	0.0	141.0	174.0	0.0	0.0	0.0	0.0	0.0	0.0	0.0	0.0	0.0	0.0	0.0	0.0	0.0	0.0	0.0	0.0	0.0	0.0	0.0	0.0	0.0	0.0	0.0	0.0	5.0	0.0	152.0	156.0	0.0	2.0	0.0	0.0	0.0	0.0	0.0	0.0	0.0	0.0	0.0	0.0	0.0	0.0	0.0	0.0	0.0	0.0	0.0	0.0	0.0	0.0	0.0	0.0	1.0	0.0	165.0	144.0	0.0	0.0	0.0	0.0	0.0	0.0	0.0	0.0	0.0	0.0	0.0	0.0	0.0	0.0	0.0	0.0	0.0	0.0	0.0	0.0	0.0	0.0	0.0	1.0	0.0	0.0	83.0	121.0	0.0	0.0	0.0	0.0	0.0	0.0	0.0	0.0	0.0	0.0	0.0	0.0	0.0
0.0	0.0	0.0	0.0	0.0	0.0	0.0	0.0	0.0	0.0	0.0	0.0	5.0	0.0	89.0	108.0	0.0	4.0	0.0	0.0	0.0	0.0	0.0	0.0	0.0	0.0	0.0	0.0	0.0	0.0	0.0	0.0	0.0	0.0	0.0	0.0	0.0	0.0	0.0	6.0	0.0	79.0	138.0	103.0	0.0	0.0	1.0	0.0	0.0	0.0	0.0	0.0	0.0	0.0	0.0	0.0	0.0	0.0	0.0	0.0	0.0	0.0	0.0	0.0	0.0	0.0	0.0	4.0	0.0	186.0	58.0	97.0	83.0	0.0	6.0	0.0	0.0	0.0	0.0	0.0	0.0	0.0	0.0	0.0	0.0	0.0	0.0	0.0	0.0	0.0	0.0	0.0	0.0	0.0	2.0	0.0	0.0	208.0	0.0	130.0	146.0	0.0	9.0	0.0	0.0	0.0	0.0	0.0	0.0	0.0	0.0	0.0	0.0	0.0	0.0	0.0	0.0	0.0	0.0	0.0	0.0	0.0	7.0	0.0	82.0	185.0	0.0	86.0	217.0	0.0	0.0	1.0	0.0	0.0	0.0	0.0	0.0	0.0	0.0	0.0	0.0	0.0	0.0	0.0	0.0	0.0	0.0	0.0	0.0	0.0	8.0	0.0	139.0	157.0	0.0	28.0	253.0	43.0	0.0	5.0	0.0	0.0	0.0	0.0	0.0	0.0	0.0	0.0	0.0	0.0	0.0	0.0	0.0	0.0	0.0	0.0	0.0	0.0	5.0	0.0	177.0	67.0	0.0	0.0	255.0	106.0	0.0	9.0	0.0	0.0	0.0	0.0	0.0	0.0	0.0	0.0	0.0	0.0	0.0	0.0	0.0	0.0	0.0	1.0	1.0	2.0	0.0	0.0	194.0	0.0	0.0	0.0	230.0	163.0	0.0	2.0	2.0	2.0	0.0	0.0	0.0	0.0	0.0	0.0	0.0	0.0	0.0	0.0	0.0	0.0	0.0	0.0	0.0	0.0	0.0	51.0	186.0	0.0	0.0	0.0	194.0	209.0	0.0	0.0	0.0	0.0	0.0	0.0	0.0	0.0	0.0	0.0	0.0	0.0	0.0	0.0	0.0	0.0	0.0	0.0	0.0	0.0	0.0	135.0	185.0	0.0	0.0	0.0	151.0	240.0	0.0	0.0	12.0	6.0	0.0	0.0	0.0	0.0	0.0	0.0	0.0	0.0	0.0	0.0	0.0	0.0	0.0	149.0	146.0	195.0	104.0	198.0	157.0	7.0	42.0	0.0	133.0	242.0	193.0	217.0	142.0	147.0	0.0	0.0	0.0	0.0	0.0	0.0	0.0	0.0	0.0	0.0	0.0	0.0	0.0	169.0	164.0	192.0	144.0	208.0	181.0	143.0	128.0	137.0	147.0	209.0	211.0	182.0	111.0	118.0	0.0	0.0	0.0	0.0	0.0	0.0	0.0	0.0	0.0	0.0	0.0	0.0	0.0	122.0	170.0	191.0	95.0	208.0	172.0	119.0	195.0	183.0	119.0	211.0	215.0	185.0	119.0	114.0	0.0	0.0	0.0	0.0	0.0	0.0	0.0	0.0	0.0	0.0	0.0	0.0	0.0	88.0	150.0	237.0	102.0	224.0	222.0	140.0	179.0	151.0	161.0	221.0	207.0	201.0	136.0	122.0	0.0	0.0	0.0	0.0	0.0	0.0	0.0	0.0	0.0	0.0	0.0	0.0	0.0	77.0	170.0	192.0	177.0	126.0	125.0	238.0	158.0	169.0	222.0	108.0	126.0	221.0	146.0	82.0	0.0	0.0	0.0	0.0	0.0	0.0	0.0	0.0	0.0	0.0	0.0	0.0	0.0	36.0	188.0	189.0	183.0	123.0	176.0	208.0	143.0	133.0	191.0	193.0	136.0	208.0	146.0	93.0	0.0	0.0	0.0	0.0	0.0	0.0	0.0	0.0	0.0	0.0	0.0	0.0	0.0	0.0	186.0	195.0	145.0	122.0	180.0	184.0	172.0	173.0	151.0	169.0	145.0	211.0	143.0	99.0	0.0	0.0	0.0	0.0	0.0	0.0	0.0	0.0	0.0	0.0	0.0	0.0	0.0	0.0	174.0	199.0	155.0	131.0	154.0	188.0	192.0	174.0	171.0	157.0	130.0	209.0	149.0	94.0	0.0	0.0	0.0	0.0	0.0	0.0	0.0	0.0	0.0	0.0	0.0	0.0	0.0	0.0	166.0	205.0	149.0	123.0	156.0	195.0	94.0	90.0	161.0	161.0	135.0	205.0	163.0	90.0	0.0	0.0	0.0	0.0	0.0	0.0	0.0	0.0	0.0	0.0	0.0	0.0	0.0	0.0	179.0	202.0	163.0	131.0	154.0	164.0	124.0	149.0	138.0	171.0	145.0	208.0	161.0	92.0	0.0	0.0	0.0	0.0	0.0	0.0	0.0	0.0	0.0	0.0	0.0	0.0	0.0	0.0	166.0	200.0	167.0	129.0	151.0	174.0	94.0	85.0	151.0	163.0	145.0	217.0	158.0	80.0	0.0	0.0	0.0	0.0	0.0	0.0	0.0	0.0	0.0	0.0	0.0	0.0	0.0	0.0	174.0	200.0	171.0	133.0	149.0	176.0	201.0	174.0	185.0	138.0	131.0	222.0	166.0	87.0	0.0	0.0	0.0	0.0	0.0	0.0	0.0	0.0	0.0	0.0	0.0	0.0	0.0	0.0	181.0	198.0	168.0	122.0	172.0	191.0	168.0	186.0	174.0	186.0	139.0	213.0	164.0	97.0	0.0	0.0	0.0	0.0	0.0	0.0	0.0	0.0	0.0	0.0	0.0	0.0	0.0	1.0	182.0	199.0	163.0	121.0	177.0	219.0	148.0	156.0	197.0	190.0	139.0	219.0	149.0	107.0	0.0	0.0	0.0	0.0	0.0	0.0	0.0	0.0	0.0	0.0	0.0	0.0	0.0	8.0	180.0	201.0	158.0	125.0	128.0	226.0	174.0	141.0	223.0	147.0	125.0	228.0	157.0	110.0	0.0	0.0	0.0	0.0	0.0	0.0	0.0	0.0	0.0	0.0	0.0	0.0	0.0	6.0	161.0	196.0	160.0	120.0	179.0	204.0	136.0	142.0	171.0	183.0	131.0	195.0	159.0	110.0	0.0	0.0	0.0	0.0	0.0	0.0	0.0	0.0	0.0	0.0	0.0	0.0	0.0	0.0	188.0	208.0	172.0	155.0	175.0	157.0	201.0	210.0	162.0	186.0	177.0	214.0	181.0	138.0	0.0	0.0	0.0	0.0	0.0	0.0	0.0	0.0	0.0	0.0	0.0	0.0	0.0	0.0	123.0	181.0	132.0	113.0	114.0	134.0	93.0	82.0	116.0	109.0	102.0	154.0	118.0	67.0	0.0	0.0	0.0	0.0	0.0	0.0
0.0	0.0	0.0	0.0	0.0	0.0	0.0	0.0	0.0	36.0	158.0	111.0	0.0	0.0	0.0	0.0	0.0	147.0	137.0	29.0	0.0	0.0	0.0	0.0	0.0	0.0	0.0	0.0	0.0	0.0	0.0	0.0	0.0	0.0	0.0	0.0	0.0	120.0	213.0	185.0	236.0	197.0	188.0	219.0	202.0	174.0	222.0	71.0	0.0	0.0	0.0	0.0	0.0	0.0	0.0	0.0	0.0	0.0	0.0	0.0	0.0	0.0	0.0	0.0	0.0	0.0	220.0	235.0	233.0	240.0	238.0	232.0	230.0	236.0	214.0	0.0	0.0	0.0	0.0	0.0	0.0	0.0	0.0	0.0	0.0	0.0	0.0	0.0	0.0	0.0	0.0	0.0	0.0	0.0	205.0	231.0	221.0	221.0	219.0	217.0	216.0	234.0	223.0	0.0	0.0	0.0	0.0	0.0	0.0	0.0	0.0	0.0	0.0	0.0	0.0	0.0	0.0	0.0	0.0	0.0	0.0	0.0	223.0	230.0	218.0	217.0	219.0	220.0	220.0	235.0	193.0	0.0	0.0	0.0	0.0	0.0	0.0	0.0	0.0	0.0	0.0	0.0	0.0	0.0	0.0	0.0	0.0	0.0	0.0	0.0	212.0	231.0	220.0	225.0	228.0	234.0	226.0	239.0	176.0	0.0	0.0	0.0	0.0	0.0	0.0	0.0	0.0	0.0	0.0	0.0	0.0	0.0	0.0	0.0	0.0	0.0	0.0	0.0	201.0	245.0	232.0	238.0	235.0	237.0	233.0	247.0	168.0	0.0	0.0	0.0	0.0	0.0	0.0	0.0	0.0	0.0	0.0	0.0	0.0	0.0	0.0	0.0	0.0	0.0	0.0	0.0	179.0	250.0	234.0	240.0	233.0	231.0	232.0	253.0	147.0	0.0	0.0	0.0	0.0	0.0	0.0	0.0	0.0	0.0	0.0	0.0	0.0	0.0	0.0	0.0	0.0	0.0	0.0	0.0	142.0	248.0	232.0	234.0	228.0	231.0	228.0	251.0	92.0	0.0	0.0	0.0	0.0	0.0	0.0	0.0	0.0	0.0	0.0	0.0	0.0	0.0	0.0	0.0	0.0	0.0	0.0	0.0	107.0	245.0	226.0	226.0	231.0	232.0	229.0	241.0	75.0	0.0	0.0	0.0	0.0	0.0	0.0	0.0	0.0	0.0	0.0	0.0	0.0	0.0	0.0	0.0	0.0	0.0	0.0	0.0	92.0	246.0	226.0	228.0	232.0	235.0	228.0	241.0	69.0	0.0	0.0	0.0	0.0	0.0	0.0	0.0	0.0	0.0	0.0	0.0	0.0	0.0	0.0	0.0	0.0	0.0	0.0	0.0	143.0	250.0	231.0	241.0	239.0	239.0	231.0	247.0	115.0	0.0	0.0	0.0	0.0	0.0	0.0	0.0	0.0	0.0	0.0	0.0	0.0	0.0	0.0	0.0	0.0	0.0	0.0	0.0	206.0	237.0	230.0	229.0	229.0	227.0	226.0	236.0	194.0	0.0	0.0	0.0	0.0	0.0	0.0	0.0	0.0	0.0	0.0	0.0	0.0	0.0	0.0	0.0	0.0	0.0	0.0	0.0	255.0	227.0	233.0	236.0	235.0	234.0	224.0	225.0	254.0	0.0	0.0	0.0	0.0	0.0	0.0	0.0	0.0	0.0	0.0	0.0	0.0	0.0	0.0	0.0	0.0	0.0	0.0	70.0	255.0	234.0	239.0	238.0	239.0	241.0	240.0	231.0	246.0	88.0	0.0	0.0	0.0	0.0	0.0	0.0	0.0	0.0	0.0	0.0	0.0	0.0	0.0	0.0	0.0	0.0	0.0	120.0	255.0	237.0	237.0	236.0	236.0	235.0	239.0	236.0	248.0	138.0	0.0	0.0	0.0	0.0	0.0	0.0	0.0	0.0	0.0	0.0	0.0	0.0	0.0	0.0	0.0	0.0	0.0	153.0	254.0	230.0	234.0	230.0	233.0	233.0	235.0	231.0	254.0	164.0	0.0	0.0	0.0	0.0	0.0	0.0	0.0	0.0	0.0	0.0	0.0	0.0	0.0	0.0	0.0	0.0	0.0	177.0	247.0	229.0	231.0	227.0	231.0	232.0	230.0	224.0	250.0	176.0	0.0	0.0	0.0	0.0	0.0	0.0	0.0	0.0	0.0	0.0	0.0	0.0	0.0	0.0	0.0	0.0	0.0	180.0	246.0	226.0	233.0	233.0	234.0	233.0	225.0	224.0	252.0	173.0	0.0	0.0	0.0	0.0	0.0	0.0	0.0	0.0	0.0	0.0	0.0	0.0	0.0	0.0	0.0	0.0	0.0	184.0	252.0	233.0	239.0	239.0	238.0	237.0	236.0	227.0	254.0	180.0	0.0	0.0	0.0	0.0	0.0	0.0	0.0	0.0	0.0	0.0	0.0	0.0	0.0	0.0	0.0	0.0	0.0	169.0	255.0	235.0	241.0	238.0	239.0	239.0	241.0	234.0	255.0	177.0	0.0	0.0	0.0	0.0	0.0	0.0	0.0	0.0	0.0	0.0	0.0	0.0	0.0	0.0	0.0	0.0	0.0	138.0	255.0	234.0	234.0	226.0	226.0	236.0	237.0	233.0	254.0	173.0	0.0	0.0	0.0	0.0	0.0	0.0	0.0	0.0	0.0	0.0	0.0	0.0	0.0	0.0	0.0	0.0	0.0	115.0	255.0	225.0	229.0	225.0	225.0	227.0	224.0	222.0	245.0	174.0	0.0	0.0	0.0	0.0	0.0	0.0	0.0	0.0	0.0	0.0	0.0	0.0	0.0	0.0	0.0	0.0	0.0	117.0	252.0	219.0	230.0	224.0	225.0	226.0	225.0	223.0	245.0	169.0	0.0	0.0	0.0	0.0	0.0	0.0	0.0	0.0	0.0	0.0	0.0	0.0	0.0	0.0	0.0	0.0	0.0	114.0	252.0	225.0	235.0	233.0	239.0	230.0	222.0	214.0	254.0	165.0	0.0	0.0	0.0	0.0	0.0	0.0	0.0	0.0	0.0	0.0	0.0	0.0	0.0	0.0	0.0	0.0	0.0	94.0	244.0	232.0	240.0	241.0	243.0	238.0	237.0	231.0	255.0	160.0	0.0	0.0	0.0	0.0	0.0	0.0	0.0	0.0	0.0	0.0	0.0	0.0	0.0	0.0	0.0	0.0	0.0	98.0	248.0	228.0	233.0	246.0	244.0	253.0	249.0	234.0	255.0	154.0	0.0	0.0	0.0	0.0	0.0	0.0	0.0	0.0	0.0	0.0	0.0	0.0	0.0	0.0	0.0	0.0	0.0	52.0	234.0	157.0	94.0	122.0	112.0	135.0	151.0	171.0	183.0	102.0	0.0	0.0	0.0	0.0	0.0	0.0	0.0	0.0
0.0	0.0	0.0	0.0	0.0	0.0	0.0	0.0	0.0	0.0	0.0	112.0	165.0	133.0	67.0	148.0	157.0	56.0	0.0	0.0	0.0	0.0	0.0	0.0	0.0	0.0	0.0	0.0	0.0	0.0	0.0	0.0	0.0	0.0	0.0	0.0	0.0	0.0	168.0	229.0	193.0	196.0	194.0	194.0	183.0	237.0	83.0	0.0	0.0	0.0	0.0	0.0	0.0	0.0	0.0	0.0	0.0	0.0	0.0	0.0	0.0	0.0	0.0	0.0	0.0	0.0	155.0	192.0	171.0	176.0	177.0	177.0	166.0	182.0	99.0	0.0	0.0	0.0	0.0	0.0	0.0	0.0	0.0	0.0	0.0	0.0	0.0	0.0	0.0	0.0	0.0	0.0	0.0	0.0	131.0	210.0	168.0	177.0	175.0	177.0	164.0	210.0	64.0	0.0	0.0	0.0	0.0	0.0	0.0	0.0	0.0	0.0	0.0	0.0	0.0	0.0	0.0	0.0	0.0	0.0	0.0	0.0	105.0	233.0	170.0	184.0	182.0	181.0	180.0	212.0	7.0	0.0	0.0	0.0	0.0	0.0	0.0	0.0	0.0	0.0	0.0	0.0	0.0	0.0	0.0	0.0	0.0	0.0	0.0	0.0	25.0	245.0	183.0	181.0	184.0	184.0	193.0	178.0	0.0	0.0	0.0	0.0	0.0	0.0	0.0	0.0	0.0	0.0	0.0	0.0	0.0	0.0	0.0	0.0	0.0	0.0	0.0	0.0	0.0	228.0	193.0	182.0	185.0	180.0	197.0	108.0	0.0	0.0	0.0	0.0	0.0	0.0	0.0	0.0	0.0	0.0	0.0	0.0	0.0	0.0	0.0	0.0	0.0	0.0	0.0	0.0	0.0	209.0	200.0	181.0	186.0	179.0	229.0	46.0	0.0	0.0	0.0	0.0	0.0	0.0	0.0	0.0	0.0	0.0	0.0	0.0	0.0	0.0	0.0	0.0	0.0	0.0	0.0	0.0	0.0	186.0	207.0	180.0	185.0	182.0	225.0	19.0	0.0	0.0	0.0	0.0	0.0	0.0	0.0	0.0	0.0	0.0	0.0	0.0	0.0	0.0	0.0	0.0	0.0	0.0	0.0	0.0	0.0	195.0	207.0	186.0	188.0	185.0	224.0	20.0	0.0	0.0	0.0	0.0	0.0	0.0	0.0	0.0	0.0	0.0	0.0	0.0	0.0	0.0	0.0	0.0	0.0	0.0	0.0	0.0	0.0	233.0	200.0	187.0	191.0	183.0	229.0	64.0	0.0	0.0	0.0	0.0	0.0	0.0	0.0	0.0	0.0	0.0	0.0	0.0	0.0	0.0	0.0	0.0	0.0	0.0	0.0	0.0	71.0	244.0	183.0	191.0	190.0	181.0	197.0	141.0	0.0	0.0	0.0	0.0	0.0	0.0	0.0	0.0	0.0	0.0	0.0	0.0	0.0	0.0	0.0	0.0	0.0	0.0	0.0	0.0	150.0	226.0	185.0	192.0	191.0	185.0	194.0	189.0	0.0	0.0	0.0	0.0	0.0	0.0	0.0	0.0	0.0	0.0	0.0	0.0	0.0	0.0	0.0	0.0	0.0	0.0	0.0	0.0	190.0	210.0	193.0	197.0	195.0	190.0	196.0	213.0	0.0	0.0	0.0	0.0	0.0	0.0	0.0	0.0	0.0	0.0	0.0	0.0	0.0	0.0	0.0	0.0	0.0	0.0	0.0	0.0	206.0	205.0	194.0	199.0	197.0	192.0	198.0	225.0	0.0	0.0	0.0	0.0	0.0	0.0	0.0	0.0	0.0	0.0	0.0	0.0	0.0	0.0	0.0	0.0	0.0	0.0	0.0	0.0	205.0	205.0	199.0	200.0	199.0	198.0	201.0	220.0	0.0	0.0	0.0	0.0	0.0	0.0	0.0	0.0	0.0	0.0	0.0	0.0	0.0	0.0	0.0	0.0	0.0	0.0	0.0	0.0	206.0	210.0	202.0	201.0	200.0	199.0	206.0	210.0	0.0	0.0	0.0	0.0	0.0	0.0	0.0	0.0	0.0	0.0	0.0	0.0	0.0	0.0	0.0	0.0	0.0	0.0	0.0	0.0	197.0	217.0	203.0	203.0	202.0	201.0	210.0	202.0	0.0	0.0	0.0	0.0	0.0	0.0	0.0	0.0	0.0	0.0	0.0	0.0	0.0	0.0	0.0	0.0	0.0	0.0	0.0	0.0	160.0	235.0	200.0	205.0	206.0	202.0	215.0	177.0	0.0	0.0	0.0	0.0	0.0	0.0	0.0	0.0	0.0	0.0	0.0	0.0	0.0	0.0	0.0	0.0	0.0	0.0	0.0	0.0	136.0	248.0	198.0	203.0	206.0	200.0	218.0	150.0	0.0	0.0	0.0	0.0	0.0	0.0	0.0	0.0	0.0	0.0	0.0	0.0	0.0	0.0	0.0	0.0	0.0	0.0	0.0	0.0	115.0	250.0	199.0	203.0	208.0	207.0	217.0	115.0	0.0	0.0	0.0	0.0	0.0	0.0	0.0	0.0	0.0	0.0	0.0	0.0	0.0	0.0	0.0	0.0	0.0	0.0	0.0	0.0	95.0	252.0	202.0	205.0	214.0	208.0	217.0	69.0	0.0	0.0	0.0	0.0	0.0	0.0	0.0	0.0	0.0	0.0	0.0	0.0	0.0	0.0	0.0	0.0	0.0	0.0	0.0	0.0	38.0	253.0	215.0	211.0	218.0	210.0	216.0	46.0	0.0	0.0	0.0	0.0	0.0	0.0	0.0	0.0	0.0	0.0	0.0	0.0	0.0	0.0	0.0	0.0	0.0	0.0	0.0	0.0	0.0	255.0	222.0	213.0	215.0	213.0	211.0	22.0	0.0	0.0	0.0	0.0	0.0	0.0	0.0	0.0	0.0	0.0	0.0	0.0	0.0	0.0	0.0	0.0	0.0	0.0	0.0	0.0	0.0	202.0	226.0	214.0	219.0	212.0	198.0	0.0	0.0	0.0	0.0	0.0	0.0	0.0	0.0	0.0	0.0	0.0	0.0	0.0	0.0	0.0	0.0	0.0	0.0	0.0	0.0	0.0	0.0	180.0	250.0	230.0	237.0	245.0	172.0	0.0	0.0	0.0	0.0	0.0	0.0	0.0	0.0	0.0	0.0	0.0	0.0	0.0	0.0	0.0	0.0	0.0	0.0	0.0	0.0	0.0	0.0	2.0	150.0	82.0	57.0	127.0	23.0	0.0	0.0	0.0	0.0	0.0	0.0	0.0	0.0	0.0	0.0	0.0	0.0	0.0	0.0	0.0	0.0	0.0	0.0	0.0	0.0	0.0	0.0	0.0	0.0	0.0	0.0	0.0	0.0	0.0	0.0	0.0	0.0	0.0	0.0	0.0	0.0	0.0	0.0	0.0
0.0	0.0	0.0	0.0	0.0	0.0	0.0	0.0	0.0	0.0	0.0	0.0	0.0	0.0	0.0	0.0	0.0	0.0	0.0	0.0	0.0	0.0	0.0	0.0	0.0	0.0	0.0	0.0	0.0	0.0	0.0	0.0	0.0	0.0	0.0	0.0	0.0	0.0	0.0	0.0	0.0	0.0	0.0	0.0	0.0	0.0	0.0	0.0	0.0	0.0	0.0	0.0	0.0	0.0	0.0	0.0	0.0	0.0	0.0	0.0	0.0	0.0	0.0	0.0	0.0	0.0	0.0	0.0	0.0	0.0	0.0	0.0	0.0	0.0	0.0	0.0	0.0	0.0	0.0	0.0	0.0	0.0	0.0	0.0	0.0	0.0	0.0	0.0	0.0	0.0	0.0	0.0	0.0	0.0	0.0	1.0	0.0	4.0	3.0	0.0	0.0	0.0	35.0	22.0	14.0	28.0	117.0	206.0	0.0	0.0	3.0	0.0	0.0	0.0	0.0	0.0	0.0	0.0	0.0	0.0	0.0	1.0	0.0	0.0	0.0	0.0	0.0	31.0	149.0	180.0	212.0	206.0	244.0	209.0	216.0	194.0	0.0	0.0	3.0	0.0	0.0	0.0	0.0	0.0	0.0	0.0	0.0	0.0	0.0	1.0	0.0	5.0	0.0	98.0	157.0	183.0	160.0	224.0	228.0	227.0	233.0	233.0	235.0	187.0	114.0	0.0	5.0	0.0	0.0	0.0	0.0	0.0	0.0	0.0	0.0	0.0	0.0	1.0	0.0	5.0	0.0	184.0	255.0	219.0	132.0	222.0	236.0	233.0	231.0	227.0	188.0	224.0	167.0	0.0	5.0	0.0	0.0	0.0	0.0	0.0	0.0	0.0	0.0	0.0	0.0	1.0	0.0	0.0	0.0	173.0	184.0	192.0	208.0	175.0	172.0	162.0	181.0	108.0	199.0	158.0	0.0	0.0	1.0	0.0	0.0	0.0	0.0	0.0	0.0	0.0	0.0	0.0	0.0	0.0	0.0	0.0	0.0	0.0	0.0	0.0	147.0	113.0	184.0	119.0	59.0	116.0	255.0	0.0	0.0	0.0	0.0	1.0	0.0	0.0	0.0	0.0	0.0	0.0	0.0	0.0	0.0	0.0	0.0	0.0	0.0	0.0	0.0	0.0	0.0	0.0	109.0	127.0	109.0	255.0	67.0	0.0	5.0	1.0	8.0	1.0	0.0	0.0	0.0	0.0	0.0	0.0	0.0	0.0	0.0	0.0	0.0	0.0	0.0	1.0	0.0	0.0	0.0	0.0	152.0	81.0	114.0	224.0	0.0	0.0	0.0	0.0	0.0	0.0	0.0	0.0	0.0	0.0	0.0	0.0	0.0	0.0	0.0	0.0	0.0	0.0	0.0	0.0	0.0	3.0	0.0	29.0	140.0	33.0	255.0	143.0	0.0	0.0	0.0	92.0	227.0	55.0	0.0	0.0	0.0	0.0	0.0	0.0	0.0	1.0	0.0	0.0	0.0	0.0	0.0	0.0	0.0	6.0	0.0	48.0	248.0	165.0	255.0	25.0	39.0	198.0	225.0	235.0	237.0	60.0	0.0	0.0	0.0	0.0	2.0	0.0	0.0	1.0	0.0	0.0	0.0	0.0	0.0	0.0	0.0	6.0	0.0	68.0	155.0	109.0	211.0	226.0	255.0	246.0	237.0	217.0	97.0	1.0	0.0	0.0	0.0	0.0	1.0	0.0	2.0	6.0	2.0	0.0	0.0	0.0	0.0	0.0	0.0	3.0	0.0	43.0	95.0	35.0	216.0	255.0	201.0	161.0	190.0	221.0	120.0	0.0	0.0	0.0	0.0	0.0	3.0	5.0	0.0	0.0	0.0	0.0	0.0	0.0	0.0	0.0	0.0	0.0	0.0	136.0	247.0	200.0	237.0	119.0	148.0	77.0	154.0	168.0	15.0	0.0	0.0	0.0	1.0	1.0	0.0	0.0	0.0	62.0	0.0	0.0	2.0	0.0	0.0	0.0	0.0	0.0	125.0	243.0	226.0	119.0	162.0	49.0	90.0	135.0	231.0	122.0	21.0	0.0	1.0	3.0	2.0	0.0	1.0	116.0	175.0	241.0	199.0	0.0	0.0	0.0	0.0	0.0	0.0	133.0	247.0	193.0	191.0	147.0	150.0	162.0	117.0	143.0	243.0	73.0	21.0	0.0	0.0	0.0	0.0	0.0	178.0	236.0	213.0	210.0	254.0	85.0	0.0	5.0	0.0	0.0	130.0	249.0	237.0	171.0	84.0	200.0	174.0	141.0	17.0	181.0	173.0	90.0	0.0	0.0	8.0	37.0	21.0	0.0	151.0	227.0	216.0	218.0	221.0	210.0	0.0	0.0	0.0	151.0	253.0	208.0	252.0	221.0	56.0	162.0	185.0	102.0	155.0	218.0	86.0	96.0	0.0	1.0	135.0	236.0	212.0	234.0	205.0	226.0	230.0	241.0	141.0	4.0	1.0	96.0	254.0	254.0	229.0	177.0	105.0	160.0	99.0	214.0	252.0	241.0	255.0	224.0	199.0	112.0	0.0	4.0	0.0	155.0	186.0	201.0	252.0	250.0	201.0	243.0	255.0	242.0	255.0	233.0	78.0	102.0	87.0	38.0	68.0	222.0	255.0	241.0	236.0	206.0	74.0	158.0	123.0	24.0	0.0	3.0	0.0	133.0	159.0	80.0	119.0	190.0	97.0	91.0	52.0	111.0	189.0	202.0	45.0	158.0	179.0	176.0	255.0	255.0	223.0	218.0	251.0	166.0	2.0	82.0	108.0	13.0	0.0	1.0	0.0	56.0	255.0	158.0	73.0	68.0	110.0	142.0	119.0	14.0	33.0	120.0	58.0	183.0	221.0	247.0	254.0	77.0	0.0	181.0	255.0	26.0	61.0	81.0	81.0	0.0	0.0	0.0	2.0	0.0	69.0	249.0	252.0	210.0	255.0	255.0	255.0	239.0	239.0	162.0	34.0	226.0	255.0	118.0	0.0	0.0	0.0	208.0	248.0	211.0	55.0	149.0	175.0	0.0	4.0	0.0	0.0	0.0	0.0	0.0	49.0	145.0	192.0	216.0	232.0	233.0	234.0	234.0	202.0	123.0	0.0	0.0	0.0	0.0	0.0	179.0	208.0	208.0	192.0	205.0	77.0	0.0	6.0	0.0	0.0	0.0	0.0	0.0	0.0	0.0	0.0	0.0	0.0	0.0	0.0	0.0	0.0	0.0	0.0	0.0	0.0	0.0	0.0	0.0	0.0	0.0	0.0	0.0	0.0	0.0	0.0	0.0	0.0	0.0	0.0	0.0	0.0	0.0	0.0	0.0	0.0	0.0	0.0	0.0	0.0	0.0	0.0	0.0	0.0	0.0	0.0	0.0	0.0	0.0	0.0	0.0	0.0	0.0	0.0	0.0
0.0	0.0	0.0	0.0	0.0	0.0	0.0	73.0	143.0	149.0	176.0	135.0	65.0	0.0	0.0	0.0	31.0	146.0	205.0	95.0	46.0	0.0	0.0	1.0	0.0	0.0	0.0	0.0	0.0	0.0	0.0	1.0	0.0	46.0	145.0	160.0	130.0	114.0	109.0	215.0	173.0	251.0	211.0	215.0	170.0	208.0	137.0	130.0	210.0	138.0	1.0	0.0	0.0	0.0	0.0	0.0	0.0	0.0	0.0	0.0	43.0	181.0	114.0	41.0	98.0	111.0	94.0	71.0	54.0	219.0	245.0	242.0	49.0	100.0	113.0	58.0	57.0	124.0	215.0	35.0	0.0	0.0	0.0	0.0	0.0	0.0	0.0	0.0	170.0	111.0	100.0	130.0	54.0	81.0	122.0	84.0	137.0	255.0	165.0	137.0	124.0	114.0	58.0	130.0	119.0	71.0	133.0	226.0	0.0	0.0	0.0	0.0	0.0	0.0	0.0	111.0	159.0	55.0	130.0	157.0	109.0	148.0	148.0	106.0	70.0	94.0	146.0	122.0	149.0	127.0	86.0	192.0	89.0	71.0	100.0	183.0	54.0	0.0	0.0	0.0	0.0	0.0	0.0	54.0	215.0	108.0	156.0	188.0	145.0	105.0	70.0	124.0	65.0	116.0	94.0	157.0	62.0	97.0	94.0	197.0	184.0	153.0	194.0	86.0	173.0	0.0	0.0	0.0	0.0	0.0	0.0	0.0	25.0	127.0	103.0	122.0	114.0	119.0	127.0	148.0	130.0	111.0	113.0	137.0	117.0	113.0	62.0	86.0	127.0	105.0	167.0	129.0	11.0	0.0	0.0	0.0	0.0	0.0	0.0	0.0	0.0	140.0	87.0	168.0	138.0	135.0	141.0	82.0	66.0	43.0	55.0	133.0	181.0	54.0	87.0	156.0	164.0	124.0	154.0	20.0	0.0	0.0	0.0	0.0	0.0	0.0	0.0	0.0	0.0	108.0	106.0	121.0	165.0	173.0	111.0	159.0	102.0	65.0	87.0	27.0	49.0	81.0	92.0	87.0	146.0	180.0	208.0	0.0	0.0	0.0	0.0	0.0	0.0	0.0	0.0	0.0	0.0	55.0	125.0	111.0	105.0	137.0	52.0	168.0	113.0	31.0	68.0	122.0	165.0	160.0	191.0	138.0	159.0	148.0	106.0	0.0	1.0	0.0	0.0	0.0	0.0	0.0	0.0	1.0	0.0	4.0	162.0	197.0	100.0	227.0	153.0	122.0	79.0	86.0	114.0	143.0	103.0	138.0	183.0	106.0	130.0	186.0	22.0	0.0	0.0	0.0	0.0	0.0	0.0	0.0	0.0	1.0	0.0	7.0	232.0	153.0	138.0	137.0	119.0	97.0	125.0	154.0	68.0	105.0	108.0	135.0	46.0	111.0	146.0	223.0	20.0	0.0	3.0	0.0	0.0	0.0	0.0	0.0	0.0	1.0	0.0	0.0	165.0	133.0	215.0	137.0	124.0	109.0	172.0	97.0	98.0	81.0	84.0	153.0	145.0	175.0	164.0	178.0	0.0	0.0	0.0	0.0	0.0	0.0	0.0	0.0	0.0	1.0	0.0	0.0	172.0	167.0	141.0	111.0	114.0	186.0	151.0	109.0	160.0	140.0	98.0	132.0	98.0	143.0	137.0	146.0	0.0	0.0	0.0	0.0	0.0	0.0	0.0	0.0	0.0	0.0	0.0	0.0	89.0	108.0	119.0	92.0	127.0	84.0	54.0	63.0	38.0	173.0	180.0	62.0	89.0	111.0	156.0	200.0	0.0	0.0	1.0	0.0	0.0	0.0	0.0	0.0	0.0	0.0	0.0	0.0	154.0	186.0	146.0	106.0	76.0	114.0	180.0	84.0	82.0	92.0	164.0	74.0	133.0	95.0	125.0	140.0	0.0	0.0	0.0	0.0	0.0	0.0	0.0	0.0	0.0	0.0	0.0	0.0	151.0	137.0	143.0	116.0	84.0	176.0	157.0	210.0	194.0	117.0	148.0	103.0	87.0	109.0	129.0	148.0	1.0	0.0	0.0	0.0	0.0	0.0	0.0	0.0	0.0	0.0	0.0	0.0	157.0	133.0	129.0	106.0	140.0	146.0	68.0	194.0	133.0	73.0	184.0	130.0	133.0	148.0	121.0	127.0	11.0	0.0	1.0	0.0	0.0	0.0	0.0	0.0	0.0	0.0	0.0	0.0	208.0	111.0	86.0	117.0	210.0	114.0	143.0	86.0	108.0	84.0	143.0	106.0	86.0	113.0	103.0	170.0	22.0	0.0	1.0	0.0	0.0	0.0	0.0	0.0	0.0	1.0	0.0	6.0	207.0	58.0	76.0	90.0	105.0	114.0	156.0	133.0	62.0	86.0	129.0	130.0	58.0	65.0	121.0	194.0	19.0	0.0	1.0	0.0	0.0	0.0	0.0	0.0	0.0	1.0	0.0	25.0	168.0	95.0	109.0	51.0	122.0	51.0	138.0	204.0	130.0	164.0	137.0	58.0	65.0	124.0	76.0	167.0	51.0	0.0	1.0	0.0	0.0	0.0	0.0	0.0	0.0	3.0	0.0	82.0	135.0	57.0	111.0	130.0	156.0	71.0	154.0	55.0	103.0	137.0	176.0	71.0	102.0	70.0	49.0	143.0	57.0	0.0	1.0	0.0	0.0	0.0	0.0	0.0	0.0	0.0	0.0	117.0	124.0	164.0	205.0	92.0	127.0	70.0	66.0	125.0	121.0	148.0	149.0	81.0	143.0	140.0	159.0	176.0	22.0	0.0	0.0	0.0	0.0	0.0	0.0	0.0	0.0	0.0	0.0	98.0	100.0	132.0	151.0	89.0	97.0	78.0	160.0	76.0	141.0	127.0	82.0	100.0	127.0	165.0	113.0	138.0	74.0	0.0	0.0	0.0	0.0	0.0	0.0	0.0	0.0	0.0	0.0	102.0	119.0	78.0	124.0	124.0	167.0	157.0	95.0	125.0	151.0	132.0	146.0	70.0	58.0	78.0	86.0	119.0	71.0	0.0	0.0	0.0	0.0	0.0	0.0	0.0	0.0	0.0	0.0	205.0	78.0	133.0	175.0	116.0	117.0	109.0	52.0	74.0	130.0	255.0	105.0	74.0	143.0	153.0	156.0	160.0	121.0	0.0	0.0	0.0	0.0	0.0	0.0	0.0	0.0	0.0	0.0	133.0	116.0	94.0	176.0	154.0	146.0	117.0	51.0	143.0	92.0	65.0	84.0	98.0	89.0	102.0	116.0	141.0	111.0	0.0	0.0	0.0	0.0	0.0	0.0	0.0	0.0	0.0	0.0	0.0	54.0	79.0	87.0	114.0	73.0	140.0	73.0	97.0	132.0	117.0	114.0	94.0	98.0	57.0	119.0	97.0	7.0	0.0	0.0	0.0	0.0	0.0
0.0	0.0	0.0	0.0	0.0	0.0	0.0	0.0	0.0	0.0	0.0	0.0	0.0	0.0	0.0	0.0	0.0	0.0	0.0	0.0	0.0	0.0	0.0	0.0	0.0	0.0	0.0	0.0	0.0	0.0	0.0	0.0	0.0	0.0	0.0	0.0	0.0	0.0	0.0	0.0	0.0	0.0	0.0	0.0	0.0	0.0	0.0	0.0	0.0	0.0	0.0	0.0	0.0	0.0	0.0	0.0	0.0	0.0	0.0	0.0	0.0	0.0	0.0	0.0	0.0	0.0	0.0	0.0	0.0	0.0	0.0	0.0	0.0	0.0	0.0	0.0	0.0	0.0	0.0	0.0	0.0	0.0	0.0	0.0	0.0	0.0	0.0	0.0	0.0	0.0	0.0	0.0	0.0	0.0	0.0	0.0	0.0	0.0	0.0	0.0	0.0	0.0	0.0	0.0	0.0	0.0	0.0	0.0	0.0	0.0	0.0	0.0	0.0	0.0	0.0	0.0	0.0	0.0	0.0	0.0	0.0	0.0	0.0	0.0	0.0	0.0	0.0	0.0	0.0	0.0	0.0	0.0	0.0	0.0	0.0	0.0	0.0	0.0	0.0	0.0	0.0	0.0	0.0	0.0	0.0	0.0	0.0	0.0	0.0	0.0	0.0	0.0	0.0	0.0	0.0	0.0	0.0	0.0	0.0	0.0	0.0	0.0	0.0	0.0	0.0	0.0	0.0	0.0	0.0	0.0	0.0	0.0	0.0	0.0	0.0	0.0	0.0	0.0	0.0	0.0	0.0	0.0	0.0	0.0	0.0	0.0	0.0	0.0	0.0	0.0	0.0	0.0	0.0	0.0	0.0	0.0	0.0	0.0	0.0	0.0	0.0	0.0	0.0	0.0	0.0	0.0	0.0	0.0	0.0	0.0	0.0	0.0	0.0	0.0	0.0	0.0	0.0	0.0	0.0	0.0	0.0	0.0	0.0	0.0	0.0	0.0	0.0	0.0	0.0	0.0	0.0	0.0	0.0	0.0	0.0	1.0	0.0	0.0	0.0	59.0	178.0	7.0	0.0	2.0	0.0	0.0	0.0	0.0	0.0	0.0	0.0	0.0	0.0	0.0	0.0	0.0	0.0	0.0	0.0	0.0	0.0	0.0	0.0	4.0	0.0	0.0	14.0	211.0	203.0	112.0	0.0	0.0	0.0	0.0	1.0	0.0	2.0	0.0	0.0	0.0	0.0	0.0	0.0	0.0	0.0	0.0	0.0	0.0	0.0	0.0	0.0	0.0	0.0	15.0	191.0	207.0	136.0	186.0	173.0	94.0	0.0	0.0	0.0	0.0	0.0	0.0	0.0	0.0	3.0	1.0	1.0	0.0	0.0	0.0	0.0	1.0	3.0	0.0	0.0	6.0	119.0	255.0	47.0	0.0	0.0	104.0	152.0	199.0	176.0	162.0	124.0	15.0	42.0	0.0	0.0	1.0	5.0	1.0	0.0	0.0	1.0	1.0	0.0	0.0	0.0	0.0	18.0	200.0	195.0	30.0	0.0	0.0	0.0	0.0	6.0	67.0	143.0	188.0	202.0	188.0	205.0	85.0	0.0	3.0	0.0	2.0	1.0	1.0	0.0	0.0	0.0	20.0	152.0	159.0	197.0	145.0	0.0	0.0	1.0	0.0	0.0	0.0	0.0	0.0	33.0	202.0	128.0	97.0	165.0	162.0	12.0	0.0	1.0	0.0	1.0	0.0	0.0	0.0	98.0	182.0	204.0	171.0	50.0	0.0	0.0	0.0	0.0	0.0	0.0	2.0	0.0	0.0	100.0	208.0	48.0	0.0	0.0	78.0	16.0	0.0	0.0	1.0	1.0	0.0	142.0	179.0	190.0	203.0	172.0	0.0	0.0	0.0	4.0	0.0	0.0	1.0	2.0	1.0	0.0	0.0	137.0	194.0	74.0	0.0	0.0	0.0	0.0	0.0	0.0	0.0	0.0	0.0	72.0	132.0	196.0	184.0	177.0	83.0	0.0	0.0	0.0	0.0	0.0	0.0	0.0	0.0	0.0	34.0	136.0	195.0	49.0	0.0	0.0	0.0	0.0	0.0	0.0	4.0	11.0	27.0	0.0	89.0	185.0	167.0	180.0	185.0	47.0	42.0	42.0	37.0	31.0	38.0	50.0	56.0	70.0	60.0	129.0	224.0	90.0	11.0	31.0	11.0	9.0	0.0	25.0	94.0	88.0	87.0	94.0	78.0	73.0	189.0	174.0	177.0	136.0	82.0	107.0	88.0	84.0	85.0	87.0	86.0	84.0	64.0	86.0	137.0	106.0	110.0	108.0	98.0	118.0	92.0	2.0	23.0	24.0	27.0	26.0	23.0	16.0	9.0	13.0	18.0	31.0	29.0	37.0	33.0	26.0	23.0	20.0	18.0	9.0	7.0	41.0	45.0	62.0	64.0	66.0	70.0	84.0	68.0	0.0	0.0	0.0	0.0	0.0	0.0	0.0	0.0	0.0	0.0	0.0	0.0	0.0	0.0	0.0	0.0	0.0	0.0	0.0	0.0	0.0	0.0	0.0	0.0	0.0	0.0	0.0	0.0	0.0	0.0	0.0	0.0	0.0	0.0	0.0	0.0	0.0	0.0	0.0	0.0	0.0	0.0	0.0	0.0	0.0	0.0	0.0	0.0	0.0	0.0	0.0	0.0	0.0	0.0	0.0	0.0	0.0	0.0	0.0	0.0	0.0	0.0	0.0	0.0	0.0	0.0	0.0	0.0	0.0	0.0	0.0	0.0	0.0	0.0	0.0	0.0	0.0	0.0	0.0	0.0	0.0	0.0	0.0	0.0	0.0	0.0	0.0	0.0	0.0	0.0	0.0	0.0	0.0	0.0	0.0	0.0	0.0	0.0	0.0	0.0	0.0	0.0	0.0	0.0	0.0	0.0	0.0	0.0	0.0	0.0	0.0	0.0	0.0	0.0	0.0	0.0	0.0	0.0	0.0	0.0	0.0	0.0	0.0	0.0	0.0	0.0	0.0	0.0	0.0	0.0	0.0	0.0	0.0	0.0	0.0	0.0	0.0	0.0	0.0	0.0	0.0	0.0	0.0	0.0	0.0	0.0	0.0	0.0	0.0	0.0	0.0	0.0	0.0	0.0	0.0	0.0	0.0	0.0	0.0	0.0	0.0	0.0	0.0	0.0	0.0	0.0	0.0	0.0	0.0	0.0	0.0	0.0	0.0	0.0	0.0	0.0	0.0	0.0	0.0	0.0	0.0	0.0	0.0	0.0	0.0	0.0	0.0	0.0	0.0	0.0	0.0	0.0	0.0	0.0	0.0	0.0	0.0	0.0	0.0	0.0	0.0	0.0	0.0	0.0	0.0	0.0	0.0	0.0	0.0	0.0	0.0	0.0	0.0	0.0	0.0	0.0	0.0	0.0	0.0	0.0	0.0	0.0	0.0	0.0
0.0	0.0	0.0	0.0	0.0	0.0	0.0	0.0	0.0	0.0	0.0	0.0	0.0	0.0	0.0	0.0	0.0	0.0	0.0	0.0	0.0	0.0	0.0	0.0	0.0	0.0	0.0	0.0	0.0	0.0	0.0	0.0	0.0	0.0	0.0	0.0	0.0	0.0	0.0	0.0	0.0	0.0	0.0	0.0	0.0	0.0	0.0	0.0	0.0	0.0	0.0	0.0	0.0	0.0	0.0	0.0	0.0	0.0	0.0	0.0	0.0	0.0	0.0	0.0	0.0	0.0	0.0	0.0	0.0	0.0	0.0	0.0	0.0	0.0	0.0	0.0	0.0	0.0	0.0	0.0	0.0	0.0	0.0	0.0	0.0	0.0	0.0	0.0	0.0	0.0	0.0	0.0	0.0	0.0	0.0	0.0	0.0	0.0	0.0	0.0	0.0	0.0	0.0	0.0	0.0	0.0	0.0	0.0	0.0	0.0	0.0	0.0	0.0	0.0	0.0	0.0	0.0	0.0	0.0	0.0	0.0	0.0	0.0	0.0	0.0	0.0	0.0	0.0	0.0	0.0	0.0	0.0	0.0	0.0	0.0	0.0	0.0	0.0	0.0	0.0	0.0	0.0	0.0	0.0	0.0	0.0	0.0	0.0	0.0	0.0	0.0	0.0	0.0	0.0	0.0	0.0	0.0	0.0	0.0	0.0	0.0	0.0	0.0	0.0	0.0	0.0	0.0	0.0	0.0	0.0	0.0	0.0	0.0	0.0	0.0	0.0	0.0	0.0	0.0	0.0	0.0	0.0	0.0	0.0	0.0	0.0	0.0	0.0	0.0	0.0	0.0	0.0	0.0	0.0	0.0	0.0	0.0	0.0	0.0	0.0	0.0	0.0	0.0	0.0	0.0	0.0	0.0	0.0	0.0	0.0	0.0	0.0	0.0	0.0	0.0	0.0	0.0	0.0	0.0	0.0	0.0	0.0	0.0	0.0	0.0	0.0	0.0	0.0	0.0	0.0	0.0	0.0	0.0	0.0	0.0	0.0	0.0	0.0	0.0	0.0	0.0	0.0	0.0	0.0	0.0	0.0	0.0	0.0	0.0	0.0	0.0	0.0	0.0	0.0	0.0	0.0	0.0	0.0	0.0	0.0	0.0	0.0	0.0	0.0	0.0	0.0	0.0	0.0	0.0	0.0	0.0	0.0	0.0	0.0	0.0	0.0	0.0	0.0	0.0	0.0	0.0	0.0	0.0	0.0	0.0	0.0	0.0	0.0	0.0	0.0	0.0	0.0	0.0	0.0	0.0	0.0	0.0	0.0	0.0	0.0	0.0	0.0	0.0	0.0	0.0	0.0	0.0	0.0	0.0	0.0	0.0	0.0	0.0	0.0	0.0	77.0	116.0	142.0	160.0	160.0	187.0	170.0	137.0	120.0	51.0	0.0	0.0	0.0	0.0	0.0	0.0	0.0	0.0	1.0	0.0	0.0	0.0	0.0	0.0	1.0	0.0	103.0	193.0	219.0	156.0	52.0	6.0	13.0	115.0	255.0	208.0	148.0	168.0	159.0	0.0	0.0	0.0	0.0	1.0	1.0	1.0	1.0	1.0	0.0	0.0	0.0	0.0	0.0	41.0	180.0	0.0	0.0	0.0	0.0	0.0	0.0	0.0	0.0	92.0	215.0	164.0	203.0	151.0	0.0	0.0	0.0	0.0	0.0	0.0	0.0	0.0	0.0	20.0	34.0	30.0	0.0	171.0	90.0	0.0	7.0	20.0	15.0	19.0	22.0	17.0	1.0	0.0	0.0	12.0	123.0	246.0	133.0	0.0	20.0	12.0	19.0	19.0	21.0	23.0	12.0	24.0	37.0	35.0	37.0	19.0	20.0	41.0	43.0	39.0	40.0	37.0	37.0	37.0	39.0	44.0	35.0	15.0	15.0	11.0	11.0	29.0	32.0	35.0	35.0	38.0	41.0	49.0	34.0	0.0	4.0	10.0	8.0	12.0	19.0	15.0	20.0	20.0	22.0	22.0	21.0	21.0	26.0	21.0	23.0	26.0	22.0	16.0	23.0	32.0	29.0	35.0	37.0	35.0	34.0	39.0	17.0	0.0	0.0	0.0	0.0	0.0	0.0	0.0	0.0	0.0	0.0	0.0	0.0	0.0	0.0	0.0	0.0	0.0	0.0	0.0	0.0	0.0	0.0	0.0	0.0	0.0	0.0	0.0	0.0	0.0	0.0	0.0	0.0	0.0	0.0	0.0	0.0	0.0	0.0	0.0	0.0	0.0	0.0	0.0	0.0	0.0	0.0	0.0	0.0	0.0	0.0	0.0	0.0	0.0	0.0	0.0	0.0	0.0	0.0	0.0	0.0	0.0	0.0	0.0	0.0	0.0	0.0	0.0	0.0	0.0	0.0	0.0	0.0	0.0	0.0	0.0	0.0	0.0	0.0	0.0	0.0	0.0	0.0	0.0	0.0	0.0	0.0	0.0	0.0	0.0	0.0	0.0	0.0	0.0	0.0	0.0	0.0	0.0	0.0	0.0	0.0	0.0	0.0	0.0	0.0	0.0	0.0	0.0	0.0	0.0	0.0	0.0	0.0	0.0	0.0	0.0	0.0	0.0	0.0	0.0	0.0	0.0	0.0	0.0	0.0	0.0	0.0	0.0	0.0	0.0	0.0	0.0	0.0	0.0	0.0	0.0	0.0	0.0	0.0	0.0	0.0	0.0	0.0	0.0	0.0	0.0	0.0	0.0	0.0	0.0	0.0	0.0	0.0	0.0	0.0	0.0	0.0	0.0	0.0	0.0	0.0	0.0	0.0	0.0	0.0	0.0	0.0	0.0	0.0	0.0	0.0	0.0	0.0	0.0	0.0	0.0	0.0	0.0	0.0	0.0	0.0	0.0	0.0	0.0	0.0	0.0	0.0	0.0	0.0	0.0	0.0	0.0	0.0	0.0	0.0	0.0	0.0	0.0	0.0	0.0	0.0	0.0	0.0	0.0	0.0	0.0	0.0	0.0	0.0	0.0	0.0	0.0	0.0	0.0	0.0	0.0	0.0	0.0	0.0	0.0	0.0	0.0	0.0	0.0	0.0	0.0	0.0	0.0	0.0	0.0	0.0	0.0	0.0	0.0	0.0	0.0	0.0	0.0	0.0	0.0	0.0	0.0	0.0	0.0	0.0	0.0	0.0	0.0	0.0	0.0	0.0	0.0	0.0	0.0	0.0	0.0	0.0	0.0	0.0	0.0	0.0	0.0	0.0	0.0	0.0	0.0	0.0	0.0	0.0	0.0	0.0	0.0	0.0	0.0	0.0	0.0	0.0	0.0	0.0	0.0	0.0	0.0	0.0	0.0	0.0	0.0	0.0	0.0	0.0	0.0	0.0	0.0	0.0	0.0	0.0	0.0	0.0	0.0	0.0	0.0	0.0	0.0	0.0	0.0	0.0	0.0	0.0	0.0	0.0
0.0	0.0	0.0	0.0	0.0	0.0	0.0	96.0	155.0	0.0	0.0	1.0	0.0	0.0	0.0	0.0	0.0	0.0	0.0	146.0	112.0	0.0	0.0	0.0	0.0	0.0	0.0	0.0	0.0	0.0	0.0	0.0	0.0	0.0	0.0	172.0	251.0	19.0	0.0	2.0	0.0	0.0	0.0	0.0	1.0	0.0	0.0	239.0	190.0	0.0	0.0	0.0	0.0	0.0	0.0	0.0	0.0	0.0	0.0	0.0	0.0	0.0	0.0	165.0	247.0	137.0	0.0	2.0	0.0	0.0	0.0	0.0	2.0	0.0	114.0	244.0	181.0	0.0	0.0	0.0	0.0	0.0	0.0	0.0	0.0	0.0	0.0	0.0	0.0	0.0	0.0	190.0	239.0	200.0	0.0	0.0	3.0	1.0	0.0	2.0	0.0	0.0	216.0	236.0	177.0	0.0	0.0	0.0	0.0	0.0	0.0	0.0	0.0	0.0	0.0	0.0	0.0	0.0	0.0	183.0	229.0	232.0	81.0	0.0	0.0	0.0	0.0	0.0	0.0	57.0	232.0	227.0	209.0	0.0	0.0	0.0	0.0	0.0	0.0	0.0	0.0	0.0	0.0	0.0	0.0	0.0	0.0	174.0	233.0	220.0	255.0	151.0	62.0	7.0	0.0	43.0	127.0	248.0	226.0	231.0	197.0	0.0	0.0	0.0	0.0	0.0	0.0	0.0	0.0	0.0	0.0	0.0	0.0	0.0	0.0	148.0	241.0	218.0	221.0	255.0	255.0	255.0	255.0	255.0	255.0	231.0	219.0	237.0	180.0	0.0	0.0	0.0	0.0	0.0	0.0	0.0	0.0	0.0	0.0	0.0	0.0	0.0	0.0	96.0	240.0	216.0	221.0	214.0	230.0	199.0	205.0	231.0	213.0	218.0	218.0	243.0	127.0	0.0	0.0	0.0	0.0	0.0	0.0	0.0	0.0	0.0	0.0	0.0	0.0	0.0	0.0	60.0	238.0	220.0	222.0	236.0	186.0	144.0	153.0	199.0	238.0	229.0	219.0	240.0	71.0	0.0	0.0	0.0	0.0	0.0	0.0	0.0	0.0	0.0	0.0	0.0	0.0	0.0	0.0	27.0	255.0	220.0	236.0	190.0	153.0	153.0	155.0	153.0	186.0	240.0	222.0	231.0	51.0	0.0	0.0	0.0	0.0	0.0	0.0	0.0	0.0	0.0	0.0	0.0	0.0	0.0	0.0	0.0	254.0	229.0	215.0	165.0	151.0	191.0	203.0	153.0	156.0	203.0	228.0	255.0	4.0	0.0	0.0	0.0	0.0	0.0	0.0	0.0	0.0	0.0	0.0	0.0	0.0	0.0	0.0	0.0	228.0	231.0	186.0	156.0	195.0	213.0	202.0	208.0	159.0	181.0	226.0	248.0	0.0	0.0	0.0	0.0	0.0	0.0	0.0	0.0	0.0	0.0	0.0	0.0	0.0	0.0	0.0	0.0	223.0	226.0	163.0	194.0	213.0	158.0	159.0	208.0	204.0	163.0	220.0	246.0	0.0	0.0	0.0	0.0	0.0	0.0	0.0	0.0	0.0	0.0	0.0	0.0	0.0	0.0	0.0	0.0	231.0	217.0	174.0	224.0	160.0	168.0	175.0	158.0	220.0	198.0	208.0	253.0	0.0	0.0	0.0	0.0	0.0	0.0	0.0	0.0	0.0	0.0	0.0	0.0	0.0	0.0	0.0	0.0	244.0	210.0	209.0	189.0	166.0	175.0	174.0	170.0	174.0	217.0	212.0	254.0	0.0	0.0	0.0	0.0	0.0	0.0	0.0	0.0	0.0	0.0	0.0	0.0	0.0	0.0	0.0	0.0	255.0	214.0	197.0	171.0	173.0	167.0	170.0	173.0	175.0	191.0	214.0	255.0	1.0	0.0	0.0	0.0	0.0	0.0	0.0	0.0	0.0	0.0	0.0	0.0	0.0	0.0	0.0	36.0	255.0	193.0	173.0	181.0	171.0	166.0	166.0	171.0	181.0	175.0	186.0	255.0	49.0	0.0	0.0	0.0	0.0	0.0	0.0	0.0	0.0	0.0	0.0	0.0	0.0	0.0	0.0	101.0	237.0	154.0	177.0	174.0	170.0	170.0	170.0	167.0	175.0	183.0	149.0	225.0	140.0	0.0	0.0	0.0	0.0	0.0	0.0	0.0	0.0	0.0	0.0	0.0	0.0	0.0	0.0	186.0	221.0	195.0	165.0	173.0	170.0	172.0	173.0	168.0	174.0	166.0	178.0	224.0	215.0	0.0	0.0	0.0	0.0	0.0	0.0	0.0	0.0	0.0	0.0	0.0	0.0	0.0	0.0	246.0	190.0	208.0	213.0	164.0	174.0	176.0	173.0	173.0	163.0	183.0	215.0	195.0	255.0	0.0	0.0	0.0	0.0	0.0	0.0	0.0	0.0	0.0	0.0	0.0	0.0	0.0	14.0	255.0	176.0	170.0	212.0	208.0	168.0	173.0	181.0	169.0	186.0	227.0	176.0	178.0	255.0	43.0	0.0	0.0	0.0	0.0	0.0	0.0	0.0	0.0	0.0	0.0	0.0	0.0	68.0	255.0	184.0	173.0	170.0	209.0	221.0	175.0	165.0	196.0	232.0	177.0	175.0	178.0	255.0	80.0	0.0	0.0	0.0	0.0	0.0	0.0	0.0	0.0	0.0	0.0	0.0	0.0	120.0	255.0	222.0	198.0	170.0	173.0	198.0	225.0	210.0	224.0	172.0	162.0	175.0	220.0	255.0	121.0	0.0	0.0	0.0	0.0	0.0	0.0	0.0	0.0	0.0	0.0	0.0	0.0	161.0	252.0	225.0	239.0	205.0	176.0	167.0	191.0	212.0	169.0	169.0	182.0	230.0	229.0	252.0	154.0	0.0	0.0	0.0	0.0	0.0	0.0	0.0	0.0	0.0	0.0	0.0	0.0	177.0	246.0	217.0	225.0	236.0	222.0	189.0	170.0	159.0	172.0	198.0	237.0	231.0	221.0	248.0	170.0	0.0	0.0	0.0	0.0	0.0	0.0	0.0	0.0	0.0	0.0	0.0	0.0	191.0	233.0	220.0	223.0	220.0	231.0	223.0	189.0	184.0	204.0	233.0	228.0	219.0	219.0	245.0	175.0	0.0	0.0	0.0	0.0	0.0	0.0	0.0	0.0	0.0	0.0	0.0	0.0	196.0	255.0	234.0	238.0	240.0	238.0	241.0	241.0	244.0	246.0	236.0	231.0	237.0	230.0	255.0	172.0	0.0	0.0	0.0	0.0	0.0	0.0	0.0	0.0	0.0	0.0	0.0	0.0	104.0	208.0	193.0	191.0	190.0	192.0	192.0	192.0	189.0	191.0	193.0	196.0	201.0	197.0	234.0	101.0	0.0	0.0	0.0	0.0	0.0	0.0
0.0	0.0	0.0	0.0	0.0	0.0	0.0	0.0	0.0	37.0	144.0	200.0	160.0	128.0	115.0	141.0	176.0	159.0	21.0	0.0	0.0	0.0	0.0	0.0	0.0	0.0	0.0	0.0	0.0	0.0	0.0	0.0	0.0	0.0	77.0	144.0	198.0	217.0	188.0	216.0	233.0	230.0	210.0	254.0	220.0	186.0	204.0	188.0	143.0	74.0	0.0	0.0	0.0	0.0	0.0	0.0	0.0	0.0	0.0	0.0	0.0	153.0	209.0	188.0	185.0	178.0	188.0	157.0	168.0	152.0	133.0	163.0	159.0	172.0	180.0	182.0	182.0	198.0	129.0	0.0	0.0	0.0	0.0	0.0	0.0	0.0	0.0	0.0	44.0	199.0	176.0	177.0	179.0	184.0	179.0	185.0	173.0	178.0	185.0	176.0	176.0	179.0	184.0	177.0	173.0	171.0	180.0	28.0	0.0	0.0	0.0	0.0	0.0	0.0	0.0	0.0	149.0	191.0	176.0	186.0	186.0	180.0	179.0	180.0	177.0	171.0	173.0	177.0	172.0	183.0	171.0	177.0	176.0	179.0	179.0	117.0	0.0	0.0	0.0	0.0	0.0	0.0	0.0	0.0	196.0	179.0	183.0	185.0	183.0	180.0	177.0	170.0	172.0	172.0	179.0	184.0	166.0	182.0	178.0	178.0	186.0	182.0	180.0	179.0	0.0	0.0	0.0	0.0	0.0	0.0	0.0	27.0	213.0	170.0	190.0	185.0	179.0	177.0	170.0	175.0	170.0	170.0	172.0	182.0	166.0	216.0	200.0	170.0	180.0	177.0	170.0	196.0	10.0	0.0	0.0	0.0	0.0	0.0	0.0	72.0	216.0	172.0	186.0	179.0	180.0	177.0	176.0	170.0	173.0	173.0	166.0	172.0	164.0	171.0	177.0	165.0	182.0	183.0	175.0	193.0	56.0	0.0	0.0	0.0	0.0	0.0	0.0	92.0	210.0	164.0	191.0	177.0	183.0	172.0	178.0	169.0	177.0	168.0	170.0	172.0	166.0	177.0	177.0	168.0	184.0	186.0	184.0	199.0	74.0	0.0	0.0	0.0	0.0	0.0	0.0	115.0	209.0	166.0	198.0	185.0	183.0	182.0	166.0	169.0	183.0	170.0	170.0	170.0	164.0	172.0	171.0	165.0	184.0	200.0	173.0	190.0	91.0	0.0	0.0	0.0	0.0	0.0	0.0	110.0	204.0	168.0	203.0	180.0	189.0	189.0	172.0	171.0	175.0	168.0	172.0	173.0	172.0	166.0	165.0	173.0	178.0	211.0	179.0	203.0	104.0	0.0	0.0	0.0	0.0	0.0	0.0	109.0	203.0	176.0	171.0	176.0	196.0	180.0	169.0	170.0	164.0	173.0	172.0	170.0	173.0	162.0	172.0	175.0	162.0	189.0	190.0	198.0	99.0	0.0	0.0	0.0	0.0	0.0	0.0	112.0	203.0	185.0	146.0	168.0	198.0	184.0	172.0	178.0	179.0	172.0	166.0	162.0	172.0	163.0	169.0	183.0	152.0	168.0	195.0	199.0	97.0	0.0	0.0	0.0	0.0	0.0	0.0	112.0	203.0	192.0	131.0	169.0	206.0	178.0	176.0	170.0	168.0	169.0	172.0	164.0	170.0	163.0	172.0	195.0	148.0	158.0	195.0	207.0	98.0	0.0	0.0	0.0	0.0	0.0	0.0	112.0	203.0	197.0	130.0	169.0	206.0	177.0	186.0	173.0	173.0	171.0	170.0	180.0	168.0	165.0	162.0	192.0	152.0	156.0	191.0	199.0	99.0	0.0	0.0	0.0	0.0	0.0	0.0	112.0	203.0	198.0	119.0	169.0	212.0	168.0	173.0	173.0	168.0	173.0	163.0	184.0	168.0	168.0	162.0	190.0	155.0	144.0	195.0	213.0	104.0	0.0	0.0	0.0	0.0	0.0	0.0	112.0	204.0	202.0	111.0	180.0	206.0	166.0	193.0	183.0	177.0	178.0	169.0	164.0	168.0	173.0	166.0	183.0	149.0	137.0	200.0	207.0	101.0	0.0	0.0	0.0	0.0	0.0	0.0	111.0	204.0	206.0	103.0	188.0	200.0	182.0	184.0	177.0	182.0	175.0	158.0	168.0	169.0	168.0	164.0	190.0	146.0	119.0	203.0	202.0	98.0	0.0	0.0	0.0	0.0	0.0	0.0	113.0	207.0	212.0	99.0	185.0	196.0	180.0	175.0	176.0	180.0	175.0	166.0	172.0	166.0	169.0	158.0	195.0	135.0	116.0	202.0	188.0	98.0	0.0	0.0	0.0	0.0	0.0	0.0	109.0	204.0	204.0	99.0	191.0	195.0	182.0	183.0	173.0	180.0	176.0	172.0	176.0	164.0	175.0	163.0	193.0	125.0	119.0	202.0	195.0	103.0	0.0	0.0	0.0	0.0	0.0	0.0	112.0	206.0	200.0	95.0	186.0	191.0	177.0	172.0	179.0	179.0	173.0	166.0	171.0	168.0	172.0	170.0	198.0	135.0	115.0	197.0	191.0	103.0	0.0	0.0	0.0	0.0	0.0	0.0	110.0	207.0	206.0	97.0	171.0	188.0	176.0	170.0	177.0	180.0	175.0	163.0	166.0	168.0	169.0	164.0	188.0	131.0	105.0	205.0	191.0	99.0	0.0	0.0	0.0	0.0	0.0	0.0	109.0	192.0	203.0	95.0	177.0	199.0	173.0	177.0	188.0	179.0	171.0	163.0	166.0	164.0	192.0	165.0	178.0	151.0	126.0	202.0	186.0	94.0	0.0	0.0	0.0	0.0	0.0	0.0	110.0	195.0	205.0	89.0	166.0	198.0	177.0	175.0	176.0	183.0	175.0	165.0	170.0	163.0	186.0	171.0	180.0	156.0	135.0	196.0	186.0	98.0	0.0	0.0	0.0	0.0	0.0	0.0	108.0	190.0	190.0	85.0	148.0	186.0	176.0	172.0	177.0	179.0	168.0	164.0	166.0	164.0	164.0	165.0	180.0	108.0	105.0	203.0	180.0	101.0	0.0	0.0	0.0	0.0	0.0	0.0	99.0	186.0	190.0	69.0	173.0	200.0	188.0	184.0	185.0	185.0	177.0	173.0	175.0	173.0	170.0	175.0	188.0	145.0	98.0	198.0	182.0	83.0	0.0	0.0	0.0	0.0	0.0	0.0	77.0	189.0	192.0	64.0	166.0	190.0	158.0	171.0	165.0	164.0	163.0	155.0	156.0	160.0	151.0	151.0	172.0	110.0	97.0	209.0	195.0	72.0	0.0	0.0	0.0	0.0	0.0	0.0	41.0	150.0	150.0	38.0	0.0	0.0	0.0	0.0	0.0	0.0	0.0	0.0	0.0	0.0	0.0	0.0	0.0	0.0	57.0	160.0	149.0	44.0	0.0	0.0	0.0
0.0	0.0	0.0	4.0	0.0	0.0	0.0	0.0	0.0	0.0	162.0	208.0	158.0	158.0	161.0	155.0	156.0	185.0	113.0	0.0	0.0	0.0	0.0	0.0	0.0	0.0	0.0	0.0	0.0	0.0	0.0	0.0	0.0	0.0	0.0	2.0	144.0	225.0	251.0	206.0	142.0	196.0	165.0	149.0	153.0	174.0	227.0	247.0	133.0	0.0	0.0	0.0	2.0	0.0	0.0	0.0	0.0	0.0	0.0	0.0	0.0	0.0	105.0	197.0	230.0	232.0	230.0	217.0	193.0	168.0	82.0	137.0	212.0	208.0	212.0	225.0	234.0	214.0	132.0	0.0	0.0	1.0	0.0	0.0	0.0	0.0	0.0	0.0	0.0	146.0	219.0	197.0	211.0	207.0	200.0	202.0	204.0	198.0	184.0	194.0	195.0	189.0	205.0	199.0	194.0	207.0	213.0	120.0	0.0	0.0	0.0	0.0	0.0	0.0	0.0	0.0	6.0	218.0	204.0	209.0	192.0	190.0	196.0	197.0	196.0	201.0	205.0	199.0	194.0	192.0	194.0	186.0	197.0	193.0	185.0	184.0	4.0	0.0	0.0	0.0	0.0	0.0	0.0	0.0	121.0	227.0	209.0	219.0	198.0	204.0	200.0	203.0	203.0	200.0	195.0	195.0	195.0	192.0	193.0	201.0	195.0	180.0	194.0	201.0	106.0	0.0	0.0	0.0	0.0	0.0	0.0	0.0	231.0	216.0	210.0	225.0	188.0	194.0	200.0	205.0	205.0	200.0	194.0	194.0	194.0	196.0	189.0	192.0	177.0	179.0	193.0	193.0	206.0	0.0	0.0	0.0	0.0	0.0	0.0	76.0	211.0	207.0	215.0	234.0	197.0	198.0	202.0	205.0	202.0	194.0	192.0	194.0	194.0	194.0	188.0	189.0	167.0	189.0	202.0	188.0	203.0	51.0	0.0	0.0	0.0	0.0	0.0	175.0	225.0	208.0	220.0	230.0	201.0	199.0	203.0	205.0	197.0	194.0	194.0	194.0	195.0	190.0	188.0	188.0	158.0	203.0	212.0	197.0	222.0	135.0	0.0	0.0	0.0	0.0	0.0	0.0	114.0	212.0	245.0	238.0	214.0	202.0	208.0	205.0	195.0	188.0	189.0	189.0	192.0	192.0	194.0	184.0	153.0	228.0	235.0	179.0	69.0	0.0	0.0	0.0	0.0	0.0	0.0	0.0	0.0	0.0	176.0	229.0	214.0	210.0	194.0	188.0	184.0	178.0	178.0	180.0	181.0	181.0	173.0	168.0	164.0	233.0	136.0	0.0	0.0	0.0	0.0	0.0	0.0	0.0	0.0	0.0	0.0	0.0	0.0	36.0	226.0	206.0	196.0	186.0	193.0	188.0	186.0	188.0	190.0	196.0	196.0	190.0	207.0	0.0	0.0	0.0	0.0	0.0	0.0	0.0	0.0	0.0	0.0	0.0	0.0	4.0	0.0	4.0	255.0	210.0	218.0	192.0	194.0	192.0	187.0	190.0	199.0	193.0	206.0	200.0	218.0	0.0	0.0	2.0	0.0	0.0	0.0	0.0	0.0	0.0	0.0	0.0	0.0	0.0	0.0	0.0	203.0	215.0	211.0	193.0	195.0	193.0	187.0	187.0	199.0	187.0	198.0	198.0	206.0	0.0	0.0	2.0	0.0	0.0	0.0	0.0	0.0	0.0	0.0	0.0	0.0	1.0	0.0	0.0	192.0	224.0	205.0	196.0	194.0	192.0	189.0	183.0	199.0	193.0	195.0	204.0	199.0	0.0	0.0	2.0	0.0	0.0	0.0	0.0	0.0	0.0	0.0	0.0	0.0	0.0	0.0	0.0	188.0	228.0	199.0	197.0	193.0	190.0	190.0	183.0	196.0	200.0	179.0	209.0	195.0	0.0	0.0	1.0	0.0	0.0	0.0	0.0	0.0	0.0	0.0	0.0	0.0	1.0	0.0	0.0	193.0	220.0	190.0	198.0	194.0	194.0	192.0	185.0	189.0	209.0	168.0	214.0	177.0	0.0	0.0	0.0	0.0	0.0	0.0	0.0	0.0	0.0	0.0	0.0	0.0	3.0	0.0	0.0	211.0	209.0	196.0	199.0	195.0	194.0	192.0	186.0	187.0	214.0	170.0	211.0	198.0	0.0	0.0	0.0	0.0	0.0	0.0	0.0	0.0	0.0	0.0	0.0	0.0	3.0	0.0	23.0	227.0	201.0	199.0	199.0	195.0	194.0	192.0	185.0	186.0	214.0	187.0	192.0	197.0	0.0	0.0	1.0	0.0	0.0	0.0	0.0	0.0	0.0	0.0	0.0	0.0	3.0	0.0	67.0	228.0	195.0	202.0	200.0	197.0	197.0	196.0	188.0	185.0	202.0	208.0	179.0	216.0	2.0	0.0	4.0	0.0	0.0	0.0	0.0	0.0	0.0	0.0	0.0	0.0	2.0	0.0	117.0	225.0	198.0	203.0	199.0	198.0	200.0	199.0	190.0	185.0	195.0	219.0	176.0	213.0	60.0	0.0	4.0	0.0	0.0	0.0	0.0	0.0	0.0	0.0	0.0	0.0	0.0	0.0	156.0	218.0	199.0	201.0	199.0	198.0	200.0	200.0	190.0	186.0	192.0	216.0	189.0	195.0	96.0	0.0	3.0	0.0	0.0	0.0	0.0	0.0	0.0	0.0	0.0	0.0	0.0	0.0	182.0	216.0	201.0	201.0	197.0	198.0	201.0	201.0	190.0	187.0	189.0	209.0	201.0	193.0	115.0	0.0	1.0	0.0	0.0	0.0	0.0	0.0	0.0	0.0	0.0	0.0	0.0	0.0	197.0	213.0	200.0	198.0	200.0	198.0	198.0	207.0	192.0	184.0	193.0	189.0	206.0	200.0	124.0	0.0	0.0	0.0	0.0	0.0	0.0	0.0	0.0	0.0	0.0	1.0	0.0	0.0	181.0	212.0	198.0	197.0	202.0	204.0	203.0	205.0	198.0	183.0	196.0	212.0	208.0	212.0	149.0	0.0	0.0	0.0	0.0	0.0	0.0	0.0	0.0	0.0	0.0	2.0	0.0	0.0	193.0	207.0	199.0	197.0	202.0	210.0	216.0	212.0	206.0	184.0	181.0	213.0	211.0	214.0	157.0	0.0	0.0	0.0	0.0	0.0	0.0	0.0	0.0	0.0	0.0	3.0	0.0	0.0	216.0	214.0	207.0	212.0	209.0	211.0	214.0	210.0	204.0	194.0	183.0	206.0	212.0	220.0	226.0	0.0	0.0	1.0	0.0	0.0	0.0	0.0	0.0	0.0	0.0	2.0	0.0	0.0	118.0	137.0	152.0	176.0	190.0	204.0	207.0	215.0	209.0	197.0	184.0	169.0	152.0	139.0	90.0	0.0	0.0	1.0	0.0	0.0	0.0
0.0	0.0	0.0	0.0	0.0	0.0	0.0	30.0	17.0	0.0	0.0	0.0	0.0	0.0	1.0	0.0	8.0	76.0	74.0	0.0	0.0	0.0	0.0	0.0	0.0	0.0	0.0	0.0	0.0	0.0	0.0	0.0	0.0	0.0	49.0	159.0	115.0	110.0	2.0	0.0	1.0	0.0	0.0	0.0	0.0	0.0	80.0	157.0	42.0	0.0	0.0	0.0	0.0	0.0	0.0	0.0	0.0	0.0	0.0	0.0	0.0	0.0	142.0	20.0	103.0	14.0	0.0	0.0	0.0	0.0	0.0	0.0	0.0	0.0	70.0	72.0	43.0	19.0	0.0	0.0	0.0	0.0	0.0	0.0	0.0	0.0	0.0	0.0	0.0	0.0	8.0	0.0	108.0	25.0	0.0	0.0	0.0	0.0	0.0	0.0	1.0	0.0	107.0	54.0	12.0	60.0	0.0	0.0	0.0	0.0	0.0	0.0	0.0	0.0	0.0	0.0	0.0	0.0	78.0	0.0	21.0	35.0	0.0	0.0	0.0	0.0	0.0	0.0	0.0	0.0	74.0	23.0	15.0	0.0	0.0	0.0	0.0	0.0	0.0	0.0	0.0	0.0	0.0	0.0	0.0	0.0	48.0	0.0	84.0	198.0	0.0	0.0	0.0	0.0	0.0	0.0	0.0	146.0	198.0	0.0	0.0	0.0	0.0	0.0	0.0	0.0	0.0	0.0	0.0	0.0	0.0	0.0	0.0	0.0	0.0	0.0	177.0	161.0	172.0	32.0	0.0	0.0	0.0	17.0	187.0	208.0	179.0	0.0	0.0	1.0	0.0	0.0	0.0	0.0	0.0	0.0	0.0	0.0	0.0	0.0	0.0	0.0	0.0	8.0	170.0	144.0	180.0	212.0	0.0	5.0	24.0	213.0	193.0	180.0	200.0	44.0	0.0	3.0	0.0	0.0	0.0	0.0	0.0	0.0	0.0	0.0	0.0	0.0	0.0	0.0	0.0	47.0	183.0	181.0	180.0	197.0	188.0	213.0	199.0	190.0	183.0	180.0	197.0	105.0	0.0	2.0	0.0	0.0	0.0	0.0	0.0	0.0	0.0	0.0	0.0	0.0	0.0	0.0	0.0	65.0	202.0	183.0	178.0	180.0	186.0	183.0	180.0	184.0	184.0	180.0	198.0	130.0	0.0	0.0	0.0	0.0	0.0	0.0	0.0	0.0	0.0	0.0	0.0	0.0	0.0	0.0	0.0	73.0	211.0	184.0	179.0	182.0	179.0	181.0	192.0	184.0	184.0	184.0	197.0	159.0	0.0	0.0	0.0	0.0	0.0	0.0	0.0	0.0	0.0	0.0	0.0	0.0	0.0	0.0	0.0	27.0	146.0	197.0	159.0	157.0	199.0	200.0	191.0	179.0	186.0	159.0	190.0	169.0	0.0	0.0	0.0	0.0	0.0	0.0	0.0	0.0	0.0	0.0	0.0	0.0	0.0	0.0	0.0	27.0	209.0	188.0	177.0	188.0	197.0	239.0	210.0	152.0	181.0	146.0	182.0	180.0	0.0	0.0	0.0	0.0	0.0	0.0	0.0	0.0	0.0	0.0	0.0	0.0	0.0	0.0	0.0	24.0	235.0	181.0	182.0	187.0	192.0	165.0	228.0	188.0	141.0	154.0	183.0	214.0	0.0	0.0	0.0	0.0	0.0	0.0	0.0	0.0	0.0	0.0	0.0	0.0	0.0	0.0	0.0	39.0	209.0	166.0	192.0	186.0	204.0	111.0	140.0	177.0	197.0	171.0	192.0	184.0	0.0	0.0	0.0	0.0	0.0	0.0	0.0	0.0	0.0	0.0	0.0	0.0	0.0	0.0	0.0	82.0	195.0	161.0	186.0	177.0	234.0	82.0	34.0	145.0	214.0	137.0	157.0	192.0	0.0	0.0	0.0	0.0	0.0	0.0	0.0	0.0	0.0	0.0	0.0	0.0	0.0	0.0	0.0	122.0	202.0	172.0	181.0	200.0	236.0	175.0	191.0	215.0	164.0	84.0	187.0	189.0	0.0	0.0	0.0	0.0	0.0	0.0	0.0	0.0	0.0	0.0	0.0	0.0	0.0	0.0	0.0	161.0	203.0	189.0	194.0	233.0	235.0	223.0	229.0	228.0	172.0	0.0	134.0	208.0	25.0	0.0	0.0	0.0	0.0	0.0	0.0	0.0	0.0	0.0	0.0	0.0	0.0	0.0	0.0	161.0	197.0	173.0	205.0	229.0	215.0	189.0	188.0	206.0	239.0	44.0	103.0	215.0	76.0	0.0	0.0	0.0	0.0	0.0	0.0	0.0	0.0	0.0	0.0	0.0	0.0	0.0	0.0	209.0	75.0	2.0	215.0	200.0	204.0	203.0	217.0	220.0	175.0	210.0	194.0	204.0	157.0	0.0	0.0	0.0	0.0	0.0	0.0	0.0	0.0	0.0	0.0	0.0	0.0	0.0	0.0	254.0	86.0	0.0	192.0	209.0	211.0	221.0	216.0	221.0	221.0	192.0	186.0	204.0	149.0	0.0	0.0	0.0	0.0	0.0	0.0	0.0	0.0	0.0	0.0	0.0	0.0	0.0	0.0	242.0	21.0	147.0	219.0	202.0	214.0	225.0	202.0	218.0	230.0	231.0	194.0	198.0	145.0	0.0	0.0	0.0	0.0	0.0	0.0	0.0	0.0	0.0	0.0	0.0	0.0	0.0	7.0	243.0	58.0	192.0	206.0	206.0	222.0	230.0	205.0	228.0	225.0	224.0	194.0	208.0	56.0	0.0	0.0	0.0	0.0	0.0	0.0	0.0	0.0	0.0	0.0	0.0	0.0	0.0	51.0	240.0	189.0	203.0	201.0	206.0	219.0	244.0	219.0	212.0	211.0	189.0	190.0	222.0	137.0	8.0	0.0	0.0	0.0	0.0	0.0	0.0	0.0	0.0	0.0	0.0	0.0	0.0	72.0	244.0	136.0	190.0	206.0	201.0	231.0	255.0	241.0	198.0	186.0	178.0	223.0	78.0	100.0	34.0	0.0	0.0	0.0	0.0	0.0	0.0	0.0	0.0	0.0	0.0	0.0	0.0	65.0	210.0	157.0	198.0	201.0	158.0	116.0	89.0	180.0	206.0	208.0	207.0	174.0	137.0	127.0	53.0	0.0	0.0	0.0	0.0	0.0	0.0	0.0	0.0	0.0	0.0	0.0	0.0	104.0	255.0	181.0	147.0	218.0	219.0	199.0	187.0	179.0	201.0	194.0	113.0	188.0	207.0	223.0	153.0	0.0	0.0	0.0	0.0	0.0	0.0	0.0	0.0	0.0	0.0	0.0	0.0	39.0	83.0	1.0	101.0	150.0	170.0	190.0	214.0	176.0	194.0	115.0	17.0	75.0	136.0	95.0	11.0	0.0	0.0	0.0	0.0	0.0	0.0
0.0	0.0	0.0	0.0	0.0	0.0	0.0	0.0	0.0	0.0	0.0	0.0	149.0	151.0	97.0	165.0	72.0	0.0	0.0	0.0	1.0	0.0	0.0	0.0	0.0	0.0	0.0	0.0	0.0	0.0	0.0	0.0	0.0	0.0	0.0	0.0	3.0	0.0	0.0	0.0	255.0	190.0	157.0	190.0	200.0	0.0	0.0	0.0	3.0	0.0	0.0	0.0	0.0	0.0	0.0	0.0	0.0	0.0	0.0	0.0	0.0	0.0	1.0	0.0	0.0	0.0	42.0	144.0	186.0	210.0	130.0	149.0	184.0	175.0	25.0	0.0	0.0	3.0	1.0	0.0	0.0	0.0	0.0	0.0	0.0	0.0	0.0	1.0	1.0	1.0	0.0	0.0	46.0	136.0	171.0	155.0	132.0	181.0	97.0	167.0	188.0	163.0	182.0	147.0	35.0	0.0	0.0	0.0	0.0	0.0	0.0	0.0	0.0	0.0	0.0	0.0	7.0	0.0	7.0	138.0	153.0	138.0	124.0	138.0	124.0	237.0	206.0	171.0	173.0	128.0	134.0	149.0	153.0	126.0	7.0	0.0	1.0	0.0	0.0	0.0	0.0	0.0	0.0	1.0	0.0	0.0	140.0	181.0	118.0	128.0	132.0	130.0	114.0	149.0	235.0	101.0	128.0	118.0	134.0	136.0	134.0	161.0	147.0	0.0	1.0	0.0	0.0	0.0	0.0	0.0	0.0	3.0	0.0	15.0	132.0	157.0	124.0	136.0	126.0	128.0	128.0	109.0	216.0	95.0	118.0	118.0	136.0	153.0	138.0	145.0	161.0	0.0	0.0	1.0	0.0	0.0	0.0	0.0	0.0	1.0	0.0	38.0	147.0	155.0	118.0	134.0	124.0	128.0	126.0	130.0	165.0	99.0	118.0	122.0	130.0	140.0	136.0	147.0	173.0	60.0	0.0	3.0	0.0	0.0	0.0	0.0	0.0	0.0	0.0	91.0	149.0	177.0	107.0	134.0	140.0	132.0	128.0	140.0	190.0	105.0	134.0	134.0	132.0	132.0	130.0	157.0	169.0	110.0	0.0	0.0	0.0	0.0	0.0	0.0	0.0	0.0	0.0	128.0	134.0	194.0	112.0	136.0	147.0	120.0	142.0	142.0	186.0	99.0	136.0	132.0	145.0	138.0	136.0	182.0	147.0	157.0	0.0	0.0	0.0	0.0	0.0	0.0	0.0	0.0	27.0	144.0	116.0	190.0	122.0	122.0	140.0	97.0	145.0	128.0	182.0	91.0	136.0	120.0	145.0	126.0	130.0	190.0	132.0	186.0	0.0	0.0	0.0	0.0	0.0	0.0	0.0	0.0	44.0	151.0	118.0	181.0	128.0	134.0	120.0	107.0	147.0	126.0	184.0	91.0	138.0	114.0	151.0	136.0	124.0	151.0	134.0	159.0	33.0	0.0	0.0	0.0	0.0	0.0	0.0	0.0	77.0	153.0	107.0	171.0	128.0	130.0	122.0	112.0	144.0	122.0	184.0	89.0	138.0	116.0	136.0	153.0	122.0	147.0	112.0	165.0	54.0	0.0	0.0	0.0	0.0	0.0	0.0	0.0	110.0	136.0	116.0	188.0	132.0	112.0	122.0	105.0	145.0	120.0	186.0	89.0	136.0	120.0	136.0	153.0	130.0	169.0	114.0	163.0	95.0	0.0	0.0	0.0	0.0	0.0	0.0	0.0	116.0	130.0	144.0	206.0	128.0	118.0	122.0	99.0	145.0	120.0	188.0	89.0	136.0	122.0	134.0	171.0	145.0	198.0	120.0	159.0	147.0	0.0	0.0	0.0	0.0	0.0	0.0	0.0	126.0	126.0	153.0	194.0	101.0	138.0	110.0	105.0	138.0	124.0	188.0	93.0	138.0	122.0	132.0	167.0	163.0	177.0	120.0	155.0	175.0	0.0	0.0	0.0	0.0	0.0	0.0	5.0	136.0	112.0	171.0	196.0	85.0	163.0	87.0	116.0	136.0	130.0	182.0	93.0	142.0	120.0	130.0	169.0	169.0	157.0	122.0	149.0	188.0	0.0	0.0	0.0	0.0	0.0	0.0	21.0	144.0	101.0	184.0	182.0	101.0	147.0	95.0	134.0	124.0	134.0	175.0	93.0	144.0	128.0	128.0	177.0	182.0	177.0	124.0	145.0	200.0	1.0	0.0	0.0	0.0	0.0	0.0	31.0	142.0	97.0	200.0	169.0	107.0	114.0	112.0	134.0	114.0	136.0	175.0	93.0	145.0	128.0	130.0	163.0	194.0	186.0	130.0	140.0	204.0	19.0	0.0	0.0	0.0	0.0	0.0	46.0	138.0	101.0	212.0	163.0	116.0	112.0	126.0	116.0	114.0	138.0	182.0	97.0	142.0	142.0	114.0	151.0	186.0	210.0	138.0	130.0	214.0	38.0	0.0	0.0	0.0	0.0	0.0	75.0	130.0	109.0	225.0	155.0	107.0	105.0	145.0	118.0	116.0	144.0	179.0	107.0	147.0	155.0	120.0	155.0	182.0	227.0	147.0	128.0	216.0	64.0	0.0	0.0	0.0	0.0	0.0	101.0	120.0	118.0	237.0	179.0	75.0	101.0	128.0	107.0	120.0	145.0	173.0	112.0	145.0	153.0	109.0	128.0	163.0	198.0	157.0	122.0	218.0	89.0	0.0	0.0	0.0	0.0	0.0	118.0	116.0	149.0	231.0	186.0	126.0	134.0	140.0	132.0	128.0	142.0	177.0	118.0	167.0	179.0	140.0	161.0	200.0	179.0	155.0	132.0	204.0	116.0	0.0	0.0	0.0	0.0	0.0	118.0	112.0	165.0	188.0	173.0	192.0	181.0	188.0	192.0	142.0	124.0	173.0	136.0	190.0	208.0	206.0	216.0	247.0	198.0	120.0	153.0	202.0	153.0	0.0	0.0	0.0	0.0	0.0	97.0	116.0	169.0	124.0	13.0	142.0	149.0	173.0	181.0	144.0	149.0	208.0	145.0	194.0	200.0	182.0	184.0	208.0	79.0	72.0	157.0	175.0	165.0	0.0	0.0	0.0	0.0	0.0	75.0	175.0	194.0	70.0	0.0	0.0	0.0	0.0	0.0	1.0	48.0	130.0	0.0	5.0	0.0	0.0	0.0	0.0	0.0	23.0	218.0	212.0	188.0	0.0	0.0	0.0	0.0	0.0	107.0	221.0	225.0	17.0	0.0	5.0	0.0	0.0	0.0	0.0	0.0	0.0	0.0	0.0	0.0	0.0	0.0	0.0	0.0	0.0	212.0	245.0	216.0	0.0	0.0	0.0	0.0	0.0	27.0	140.0	153.0	0.0	0.0	1.0	1.0	0.0	0.0	0.0	1.0	3.0	1.0	1.0	1.0	1.0	0.0	0.0	0.0	0.0	165.0	214.0	112.0	0.0	0.0
0.0	0.0	0.0	0.0	0.0	0.0	0.0	0.0	0.0	0.0	105.0	170.0	170.0	170.0	158.0	146.0	143.0	86.0	0.0	0.0	0.0	0.0	0.0	0.0	0.0	0.0	0.0	0.0	0.0	0.0	0.0	0.0	0.0	0.0	0.0	0.0	0.0	11.0	185.0	181.0	193.0	206.0	178.0	181.0	186.0	188.0	0.0	0.0	0.0	0.0	0.0	0.0	0.0	0.0	0.0	0.0	0.0	0.0	0.0	0.0	0.0	0.0	0.0	0.0	0.0	33.0	195.0	153.0	160.0	173.0	160.0	160.0	155.0	196.0	45.0	0.0	0.0	0.0	0.0	0.0	0.0	0.0	0.0	0.0	0.0	0.0	0.0	0.0	0.0	0.0	0.0	0.0	0.0	81.0	188.0	158.0	181.0	196.0	178.0	180.0	160.0	188.0	85.0	0.0	0.0	0.0	0.0	0.0	0.0	0.0	0.0	0.0	0.0	0.0	0.0	0.0	0.0	0.0	0.0	0.0	0.0	116.0	183.0	168.0	180.0	213.0	186.0	176.0	180.0	190.0	105.0	0.0	0.0	0.0	0.0	0.0	0.0	0.0	0.0	0.0	0.0	0.0	0.0	0.0	0.0	0.0	0.0	0.0	0.0	120.0	171.0	155.0	165.0	191.0	173.0	165.0	165.0	193.0	110.0	0.0	0.0	0.0	0.0	0.0	0.0	0.0	0.0	0.0	0.0	0.0	0.0	0.0	0.0	0.0	0.0	0.0	0.0	106.0	181.0	155.0	156.0	243.0	238.0	156.0	156.0	181.0	110.0	0.0	0.0	0.0	0.0	0.0	0.0	0.0	0.0	0.0	0.0	0.0	0.0	0.0	0.0	0.0	0.0	0.0	0.0	76.0	193.0	146.0	176.0	141.0	163.0	198.0	155.0	195.0	83.0	0.0	0.0	0.0	0.0	0.0	0.0	0.0	0.0	0.0	0.0	0.0	0.0	0.0	0.0	0.0	0.0	0.0	0.0	46.0	201.0	145.0	208.0	78.0	101.0	210.0	156.0	201.0	40.0	0.0	0.0	0.0	0.0	0.0	0.0	0.0	0.0	0.0	0.0	0.0	0.0	0.0	0.0	0.0	0.0	0.0	0.0	38.0	208.0	160.0	221.0	76.0	110.0	225.0	166.0	206.0	35.0	0.0	0.0	0.0	0.0	0.0	0.0	0.0	0.0	0.0	0.0	0.0	0.0	0.0	0.0	0.0	0.0	0.0	0.0	33.0	211.0	158.0	226.0	51.0	86.0	231.0	165.0	200.0	25.0	0.0	0.0	0.0	0.0	0.0	0.0	0.0	0.0	0.0	0.0	0.0	0.0	0.0	0.0	0.0	0.0	0.0	0.0	20.0	210.0	158.0	235.0	41.0	68.0	235.0	163.0	196.0	11.0	0.0	0.0	0.0	0.0	0.0	0.0	0.0	0.0	0.0	0.0	0.0	0.0	0.0	0.0	0.0	0.0	0.0	0.0	0.0	211.0	173.0	228.0	26.0	46.0	245.0	171.0	191.0	0.0	0.0	0.0	0.0	0.0	0.0	0.0	0.0	0.0	0.0	0.0	0.0	0.0	0.0	0.0	0.0	0.0	0.0	0.0	0.0	205.0	173.0	231.0	8.0	33.0	250.0	170.0	176.0	0.0	0.0	0.0	0.0	0.0	0.0	0.0	0.0	0.0	0.0	0.0	0.0	0.0	0.0	0.0	0.0	0.0	0.0	0.0	0.0	198.0	171.0	226.0	0.0	8.0	251.0	173.0	165.0	0.0	0.0	0.0	0.0	0.0	0.0	0.0	0.0	0.0	0.0	0.0	0.0	0.0	0.0	0.0	0.0	0.0	0.0	0.0	0.0	191.0	173.0	228.0	0.0	0.0	255.0	180.0	161.0	0.0	0.0	0.0	0.0	0.0	0.0	0.0	0.0	0.0	0.0	0.0	0.0	0.0	0.0	0.0	0.0	0.0	0.0	0.0	0.0	173.0	175.0	238.0	0.0	0.0	255.0	188.0	168.0	0.0	0.0	0.0	0.0	0.0	0.0	0.0	0.0	0.0	0.0	0.0	0.0	0.0	0.0	0.0	0.0	0.0	0.0	0.0	0.0	168.0	176.0	235.0	0.0	0.0	250.0	191.0	171.0	0.0	0.0	0.0	0.0	0.0	0.0	0.0	0.0	0.0	0.0	0.0	0.0	0.0	0.0	0.0	0.0	0.0	0.0	0.0	0.0	165.0	180.0	226.0	0.0	0.0	246.0	190.0	171.0	0.0	0.0	0.0	0.0	0.0	0.0	0.0	0.0	0.0	0.0	0.0	0.0	0.0	0.0	0.0	0.0	0.0	0.0	0.0	0.0	165.0	186.0	220.0	0.0	0.0	238.0	183.0	166.0	0.0	0.0	0.0	0.0	0.0	0.0	0.0	0.0	0.0	0.0	0.0	0.0	0.0	0.0	0.0	0.0	0.0	0.0	0.0	0.0	151.0	195.0	218.0	0.0	0.0	233.0	195.0	171.0	0.0	0.0	0.0	0.0	0.0	0.0	0.0	0.0	0.0	0.0	0.0	0.0	0.0	0.0	0.0	0.0	0.0	0.0	0.0	0.0	148.0	193.0	211.0	0.0	0.0	228.0	200.0	178.0	0.0	0.0	0.0	0.0	0.0	0.0	0.0	0.0	0.0	0.0	0.0	0.0	0.0	0.0	0.0	0.0	0.0	0.0	0.0	0.0	145.0	196.0	205.0	0.0	0.0	221.0	206.0	186.0	0.0	0.0	0.0	0.0	0.0	0.0	0.0	0.0	0.0	0.0	0.0	0.0	0.0	0.0	0.0	0.0	0.0	0.0	0.0	0.0	146.0	201.0	206.0	0.0	0.0	215.0	211.0	191.0	0.0	0.0	0.0	0.0	0.0	0.0	0.0	0.0	0.0	0.0	0.0	0.0	0.0	0.0	0.0	0.0	0.0	0.0	0.0	0.0	140.0	200.0	208.0	0.0	0.0	208.0	218.0	203.0	0.0	0.0	0.0	0.0	0.0	0.0	0.0	0.0	0.0	0.0	0.0	0.0	0.0	0.0	0.0	0.0	0.0	0.0	0.0	0.0	145.0	206.0	200.0	0.0	0.0	211.0	226.0	188.0	0.0	0.0	0.0	0.0	0.0	0.0	0.0	0.0	0.0	0.0	0.0	0.0	0.0	0.0	0.0	0.0	0.0	0.0	0.0	0.0	148.0	213.0	211.0	0.0	0.0	206.0	235.0	181.0	0.0	0.0	0.0	0.0	0.0	0.0	0.0	0.0	0.0	0.0	0.0	0.0	0.0	0.0	0.0	0.0	0.0	0.0	0.0	0.0	130.0	196.0	180.0	0.0	0.0	176.0	218.0	156.0	0.0	0.0	0.0	0.0	0.0	0.0	0.0	0.0	0.0	0.0
0.0	0.0	0.0	0.0	0.0	0.0	0.0	0.0	0.0	0.0	0.0	113.0	120.0	107.0	98.0	105.0	115.0	147.0	187.0	166.0	0.0	0.0	0.0	0.0	0.0	0.0	0.0	0.0	0.0	0.0	0.0	0.0	0.0	0.0	0.0	0.0	39.0	146.0	243.0	236.0	247.0	255.0	254.0	255.0	248.0	255.0	214.0	238.0	255.0	182.0	70.0	0.0	0.0	0.0	0.0	0.0	0.0	0.0	0.0	0.0	0.0	0.0	0.0	114.0	224.0	236.0	236.0	214.0	204.0	230.0	206.0	232.0	227.0	199.0	236.0	217.0	225.0	232.0	235.0	92.0	0.0	0.0	0.0	0.0	0.0	0.0	0.0	0.0	3.0	0.0	0.0	220.0	224.0	214.0	206.0	254.0	239.0	197.0	251.0	159.0	225.0	224.0	219.0	227.0	233.0	211.0	229.0	254.0	0.0	0.0	0.0	0.0	0.0	0.0	0.0	0.0	8.0	0.0	106.0	222.0	205.0	207.0	253.0	203.0	83.0	197.0	203.0	51.0	255.0	117.0	126.0	231.0	210.0	219.0	217.0	221.0	46.0	0.0	0.0	0.0	0.0	0.0	0.0	1.0	0.0	0.0	186.0	236.0	221.0	225.0	207.0	198.0	130.0	213.0	176.0	68.0	229.0	172.0	73.0	221.0	231.0	214.0	222.0	230.0	138.0	0.0	0.0	0.0	0.0	0.0	0.0	3.0	0.0	0.0	92.0	208.0	241.0	217.0	231.0	234.0	69.0	161.0	142.0	150.0	174.0	119.0	211.0	238.0	220.0	219.0	239.0	211.0	168.0	0.0	0.0	0.0	0.0	0.0	0.0	2.0	2.0	0.0	0.0	0.0	98.0	230.0	220.0	222.0	197.0	209.0	255.0	228.0	228.0	235.0	204.0	212.0	219.0	250.0	179.0	41.0	0.0	0.0	0.0	0.0	0.0	0.0	0.0	0.0	0.0	1.0	0.0	0.0	0.0	11.0	255.0	222.0	211.0	251.0	192.0	218.0	230.0	201.0	224.0	223.0	247.0	34.0	0.0	0.0	0.0	0.0	0.0	0.0	0.0	0.0	0.0	0.0	0.0	0.0	0.0	3.0	0.0	0.0	247.0	218.0	224.0	190.0	241.0	205.0	220.0	220.0	220.0	211.0	253.0	0.0	0.0	6.0	0.0	0.0	0.0	0.0	0.0	0.0	0.0	0.0	0.0	0.0	1.0	4.0	0.0	0.0	248.0	229.0	209.0	234.0	218.0	238.0	207.0	222.0	201.0	227.0	238.0	0.0	0.0	3.0	0.0	0.0	0.0	0.0	0.0	0.0	0.0	0.0	0.0	0.0	1.0	3.0	0.0	0.0	218.0	218.0	223.0	222.0	228.0	237.0	223.0	217.0	224.0	213.0	241.0	44.0	0.0	2.0	0.0	0.0	0.0	0.0	0.0	0.0	0.0	0.0	0.0	0.0	0.0	4.0	0.0	35.0	241.0	211.0	230.0	200.0	223.0	224.0	217.0	212.0	211.0	206.0	228.0	127.0	0.0	3.0	0.0	0.0	0.0	0.0	0.0	0.0	0.0	0.0	0.0	0.0	0.0	3.0	0.0	71.0	241.0	220.0	221.0	233.0	208.0	233.0	204.0	224.0	224.0	212.0	233.0	158.0	0.0	0.0	0.0	0.0	0.0	0.0	0.0	0.0	0.0	0.0	0.0	0.0	0.0	2.0	0.0	125.0	232.0	208.0	238.0	208.0	233.0	222.0	227.0	207.0	210.0	209.0	223.0	183.0	0.0	0.0	0.0	0.0	0.0	0.0	0.0	0.0	0.0	0.0	0.0	0.0	0.0	2.0	0.0	172.0	238.0	223.0	221.0	245.0	210.0	236.0	212.0	225.0	222.0	215.0	228.0	229.0	0.0	0.0	0.0	0.0	0.0	0.0	0.0	0.0	0.0	2.0	4.0	4.0	3.0	0.0	0.0	206.0	221.0	214.0	233.0	196.0	237.0	200.0	234.0	207.0	219.0	206.0	217.0	212.0	7.0	0.0	2.0	0.0	0.0	0.0	0.0	0.0	0.0	0.0	0.0	0.0	0.0	0.0	0.0	255.0	230.0	219.0	223.0	241.0	196.0	250.0	203.0	225.0	220.0	216.0	216.0	232.0	54.0	0.0	3.0	0.0	0.0	0.0	0.0	0.0	0.0	0.0	6.0	0.0	0.0	0.0	21.0	255.0	189.0	232.0	230.0	188.0	254.0	195.0	231.0	219.0	203.0	232.0	210.0	232.0	116.0	0.0	1.0	0.0	0.0	0.0	0.0	0.0	0.0	128.0	242.0	227.0	255.0	254.0	251.0	237.0	234.0	233.0	234.0	226.0	196.0	249.0	213.0	219.0	235.0	197.0	224.0	230.0	193.0	0.0	0.0	0.0	0.0	0.0	0.0	0.0	0.0	169.0	242.0	224.0	231.0	231.0	234.0	232.0	226.0	233.0	228.0	231.0	242.0	188.0	239.0	229.0	192.0	245.0	197.0	225.0	233.0	0.0	0.0	0.0	0.0	0.0	0.0	0.0	0.0	197.0	230.0	225.0	231.0	224.0	224.0	228.0	229.0	229.0	230.0	222.0	194.0	255.0	202.0	213.0	252.0	196.0	228.0	217.0	223.0	9.0	0.0	0.0	0.0	0.0	0.0	0.0	0.0	180.0	249.0	226.0	231.0	228.0	225.0	227.0	227.0	230.0	228.0	227.0	235.0	201.0	224.0	231.0	198.0	225.0	223.0	202.0	232.0	36.0	0.0	0.0	0.0	0.0	0.0	0.0	0.0	0.0	206.0	254.0	229.0	235.0	237.0	236.0	231.0	239.0	248.0	229.0	234.0	244.0	237.0	222.0	254.0	224.0	230.0	246.0	247.0	120.0	0.0	0.0	0.0	0.0	0.0	0.0	0.0	0.0	0.0	241.0	246.0	227.0	232.0	225.0	242.0	225.0	142.0	182.0	177.0	162.0	162.0	153.0	124.0	127.0	125.0	60.0	94.0	26.0	0.0	0.0	0.0	0.0	0.0	0.0	0.0	2.0	0.0	24.0	254.0	248.0	240.0	248.0	236.0	0.0	0.0	0.0	0.0	0.0	0.0	0.0	0.0	0.0	0.0	0.0	0.0	0.0	1.0	0.0	0.0	0.0	0.0	0.0	0.0	0.0	0.0	0.0	91.0	186.0	203.0	234.0	66.0	0.0	0.0	0.0	0.0	0.0	0.0	0.0	1.0	1.0	2.0	7.0	8.0	2.0	0.0	0.0	0.0	0.0	0.0	0.0	0.0	0.0	0.0	0.0	0.0	0.0	0.0	0.0	0.0	0.0	0.0	0.0	0.0	0.0	0.0	0.0	0.0	0.0	0.0	0.0	0.0	0.0	0.0	0.0	0.0	0.0
0.0	0.0	0.0	0.0	0.0	0.0	0.0	0.0	0.0	0.0	187.0	190.0	184.0	184.0	138.0	182.0	194.0	155.0	150.0	42.0	0.0	0.0	0.0	0.0	0.0	0.0	0.0	0.0	0.0	0.0	0.0	0.0	0.0	0.0	0.0	0.0	0.0	23.0	241.0	185.0	189.0	204.0	205.0	204.0	191.0	145.0	157.0	66.0	0.0	0.0	0.0	0.0	0.0	0.0	0.0	0.0	0.0	0.0	0.0	0.0	0.0	0.0	0.0	0.0	0.0	78.0	189.0	190.0	198.0	226.0	200.0	198.0	201.0	184.0	181.0	84.0	0.0	0.0	0.0	0.0	0.0	0.0	0.0	0.0	0.0	0.0	0.0	0.0	0.0	0.0	0.0	0.0	0.0	129.0	214.0	200.0	184.0	213.0	162.0	134.0	191.0	186.0	197.0	130.0	0.0	0.0	0.0	0.0	0.0	0.0	0.0	0.0	0.0	0.0	0.0	0.0	0.0	0.0	0.0	0.0	0.0	165.0	204.0	180.0	181.0	202.0	192.0	183.0	198.0	183.0	173.0	132.0	0.0	0.0	0.0	0.0	0.0	0.0	0.0	0.0	0.0	0.0	0.0	0.0	0.0	0.0	0.0	0.0	0.0	203.0	197.0	181.0	190.0	201.0	203.0	219.0	203.0	191.0	178.0	138.0	0.0	0.0	0.0	0.0	0.0	0.0	0.0	0.0	0.0	0.0	0.0	0.0	0.0	0.0	0.0	0.0	0.0	216.0	191.0	192.0	204.0	206.0	186.0	195.0	200.0	186.0	184.0	149.0	0.0	0.0	0.0	0.0	0.0	0.0	0.0	0.0	0.0	0.0	0.0	0.0	0.0	0.0	0.0	0.0	33.0	228.0	187.0	197.0	202.0	197.0	210.0	201.0	211.0	192.0	177.0	144.0	0.0	0.0	0.0	0.0	0.0	0.0	0.0	0.0	0.0	0.0	0.0	0.0	0.0	0.0	0.0	0.0	67.0	233.0	185.0	185.0	186.0	212.0	232.0	214.0	209.0	188.0	178.0	136.0	0.0	0.0	0.0	0.0	0.0	0.0	0.0	0.0	0.0	0.0	0.0	0.0	0.0	0.0	0.0	0.0	103.0	219.0	175.0	189.0	190.0	238.0	85.0	222.0	209.0	189.0	189.0	128.0	0.0	0.0	0.0	0.0	0.0	0.0	0.0	0.0	0.0	0.0	0.0	0.0	0.0	0.0	0.0	0.0	130.0	204.0	177.0	177.0	197.0	205.0	0.0	255.0	206.0	183.0	196.0	102.0	0.0	0.0	0.0	0.0	0.0	0.0	0.0	0.0	0.0	0.0	0.0	0.0	0.0	0.0	0.0	0.0	144.0	196.0	176.0	171.0	230.0	76.0	0.0	255.0	204.0	190.0	197.0	86.0	0.0	0.0	0.0	0.0	0.0	0.0	0.0	0.0	0.0	0.0	0.0	0.0	0.0	0.0	0.0	0.0	157.0	196.0	169.0	184.0	210.0	0.0	0.0	240.0	204.0	185.0	204.0	75.0	0.0	0.0	0.0	0.0	0.0	0.0	0.0	0.0	0.0	0.0	0.0	0.0	0.0	0.0	0.0	0.0	162.0	188.0	174.0	185.0	188.0	0.0	0.0	222.0	205.0	178.0	210.0	75.0	0.0	0.0	0.0	0.0	0.0	0.0	0.0	0.0	0.0	0.0	0.0	0.0	0.0	0.0	0.0	0.0	162.0	189.0	167.0	187.0	151.0	0.0	0.0	190.0	207.0	177.0	206.0	54.0	0.0	0.0	0.0	0.0	0.0	0.0	0.0	0.0	0.0	0.0	0.0	0.0	0.0	0.0	0.0	0.0	160.0	194.0	171.0	189.0	119.0	0.0	0.0	158.0	210.0	177.0	199.0	31.0	0.0	0.0	0.0	0.0	0.0	0.0	0.0	0.0	0.0	0.0	0.0	0.0	0.0	0.0	0.0	0.0	157.0	203.0	177.0	191.0	119.0	0.0	0.0	125.0	210.0	177.0	191.0	17.0	0.0	0.0	0.0	0.0	0.0	0.0	0.0	0.0	0.0	0.0	0.0	0.0	0.0	0.0	0.0	0.0	138.0	220.0	176.0	194.0	123.0	0.0	0.0	111.0	208.0	184.0	193.0	13.0	0.0	0.0	0.0	0.0	0.0	0.0	0.0	0.0	0.0	0.0	0.0	0.0	0.0	0.0	0.0	0.0	78.0	233.0	180.0	193.0	134.0	0.0	0.0	107.0	209.0	186.0	226.0	10.0	0.0	0.0	0.0	0.0	0.0	0.0	0.0	0.0	0.0	0.0	0.0	0.0	0.0	0.0	0.0	0.0	7.0	221.0	191.0	203.0	159.0	0.0	0.0	99.0	222.0	188.0	219.0	29.0	0.0	0.0	0.0	0.0	0.0	0.0	0.0	0.0	0.0	0.0	0.0	0.0	0.0	0.0	0.0	0.0	0.0	201.0	192.0	201.0	219.0	0.0	0.0	80.0	221.0	203.0	198.0	15.0	0.0	0.0	0.0	0.0	0.0	0.0	0.0	0.0	0.0	0.0	0.0	0.0	0.0	0.0	0.0	0.0	0.0	148.0	210.0	184.0	197.0	47.0	0.0	68.0	225.0	200.0	195.0	18.0	0.0	0.0	0.0	0.0	0.0	0.0	0.0	0.0	0.0	0.0	0.0	0.0	0.0	0.0	0.0	0.0	0.0	65.0	216.0	188.0	201.0	114.0	0.0	50.0	220.0	200.0	189.0	15.0	0.0	0.0	0.0	0.0	0.0	0.0	0.0	0.0	0.0	0.0	0.0	0.0	0.0	0.0	0.0	0.0	0.0	0.0	202.0	194.0	195.0	178.0	0.0	25.0	216.0	197.0	187.0	12.0	0.0	0.0	0.0	0.0	0.0	0.0	0.0	0.0	0.0	0.0	0.0	0.0	0.0	0.0	0.0	0.0	0.0	0.0	183.0	207.0	196.0	222.0	0.0	0.0	211.0	200.0	186.0	12.0	0.0	0.0	0.0	0.0	0.0	0.0	0.0	0.0	0.0	0.0	0.0	0.0	0.0	0.0	0.0	0.0	2.0	0.0	97.0	214.0	192.0	235.0	25.0	0.0	199.0	200.0	179.0	4.0	0.0	0.0	0.0	0.0	0.0	0.0	0.0	0.0	0.0	0.0	0.0	0.0	0.0	0.0	0.0	0.0	4.0	0.0	16.0	206.0	193.0	215.0	124.0	0.0	252.0	201.0	181.0	14.0	0.0	0.0	0.0	0.0	0.0	0.0	0.0	0.0	0.0	0.0	0.0	0.0	0.0	0.0	0.0	0.0	1.0	0.0	0.0	149.0	204.0	134.0	6.0	0.0	165.0	190.0	124.0	0.0	0.0	0.0	0.0	0.0	0.0	0.0	0.0	0.0
0.0	0.0	0.0	0.0	0.0	0.0	0.0	0.0	1.0	0.0	0.0	98.0	169.0	147.0	133.0	98.0	0.0	0.0	1.0	2.0	1.0	0.0	0.0	0.0	0.0	0.0	0.0	0.0	0.0	0.0	0.0	0.0	0.0	0.0	0.0	0.0	0.0	0.0	0.0	161.0	226.0	224.0	216.0	163.0	10.0	0.0	0.0	0.0	0.0	0.0	0.0	0.0	0.0	0.0	0.0	0.0	0.0	0.0	0.0	0.0	0.0	0.0	0.0	0.0	25.0	91.0	163.0	78.0	164.0	255.0	172.0	59.0	189.0	145.0	52.0	21.0	0.0	0.0	0.0	0.0	0.0	0.0	0.0	0.0	0.0	0.0	0.0	0.0	0.0	0.0	56.0	156.0	132.0	136.0	149.0	117.0	154.0	134.0	186.0	77.0	86.0	172.0	131.0	135.0	138.0	12.0	0.0	0.0	0.0	0.0	0.0	0.0	0.0	0.0	0.0	0.0	0.0	39.0	158.0	103.0	59.0	85.0	101.0	92.0	129.0	125.0	135.0	130.0	74.0	118.0	77.0	76.0	117.0	166.0	13.0	0.0	0.0	0.0	0.0	0.0	0.0	0.0	0.0	0.0	0.0	168.0	136.0	140.0	123.0	134.0	173.0	128.0	112.0	154.0	149.0	118.0	121.0	175.0	143.0	123.0	138.0	152.0	133.0	0.0	0.0	0.0	0.0	0.0	0.0	0.0	0.0	0.0	44.0	150.0	140.0	135.0	96.0	104.0	132.0	93.0	88.0	115.0	126.0	91.0	78.0	133.0	108.0	78.0	120.0	108.0	162.0	24.0	0.0	0.0	0.0	0.0	0.0	0.0	0.0	0.0	91.0	101.0	96.0	121.0	56.0	66.0	114.0	77.0	68.0	110.0	114.0	74.0	71.0	108.0	89.0	65.0	138.0	85.0	108.0	114.0	0.0	0.0	0.0	0.0	0.0	0.0	0.0	4.0	149.0	83.0	98.0	169.0	124.0	109.0	162.0	124.0	117.0	131.0	157.0	125.0	119.0	164.0	148.0	108.0	216.0	110.0	139.0	195.0	0.0	0.0	0.0	0.0	0.0	0.0	0.0	83.0	170.0	138.0	156.0	166.0	149.0	96.0	155.0	115.0	109.0	124.0	153.0	113.0	98.0	136.0	122.0	140.0	236.0	138.0	129.0	146.0	70.0	0.0	0.0	0.0	0.0	0.0	0.0	16.0	56.0	118.0	181.0	187.0	121.0	78.0	135.0	93.0	85.0	111.0	135.0	91.0	87.0	113.0	106.0	131.0	216.0	128.0	70.0	53.0	1.0	0.0	0.0	0.0	0.0	0.0	0.0	0.0	0.0	0.0	61.0	47.0	115.0	77.0	130.0	89.0	75.0	102.0	126.0	92.0	77.0	110.0	101.0	108.0	76.0	8.0	0.0	0.0	0.0	0.0	0.0	0.0	0.0	0.0	0.0	2.0	1.0	0.0	0.0	1.0	184.0	138.0	169.0	151.0	134.0	142.0	166.0	147.0	132.0	172.0	155.0	147.0	0.0	0.0	0.0	1.0	0.0	0.0	0.0	0.0	0.0	0.0	0.0	0.0	0.0	4.0	0.0	30.0	130.0	92.0	125.0	116.0	92.0	113.0	155.0	105.0	88.0	132.0	122.0	131.0	0.0	0.0	1.0	0.0	0.0	0.0	0.0	0.0	0.0	0.0	0.0	0.0	0.0	0.0	0.0	8.0	111.0	82.0	112.0	106.0	80.0	109.0	140.0	88.0	79.0	112.0	103.0	115.0	0.0	0.0	1.0	0.0	0.0	0.0	0.0	0.0	0.0	0.0	0.0	0.0	0.0	0.0	0.0	9.0	124.0	87.0	114.0	103.0	88.0	107.0	126.0	99.0	86.0	114.0	107.0	131.0	0.0	0.0	1.0	0.0	0.0	0.0	0.0	0.0	0.0	0.0	0.0	0.0	0.0	3.0	0.0	24.0	167.0	126.0	170.0	158.0	138.0	151.0	171.0	148.0	129.0	169.0	137.0	156.0	0.0	0.0	1.0	0.0	0.0	0.0	0.0	0.0	0.0	0.0	0.0	0.0	0.0	1.0	0.0	26.0	133.0	83.0	132.0	117.0	88.0	121.0	152.0	102.0	85.0	118.0	107.0	121.0	0.0	0.0	1.0	0.0	0.0	0.0	0.0	0.0	0.0	0.0	0.0	0.0	0.0	1.0	0.0	26.0	123.0	69.0	119.0	108.0	71.0	102.0	133.0	86.0	77.0	106.0	89.0	104.0	1.0	0.0	2.0	0.0	0.0	0.0	0.0	0.0	0.0	0.0	0.0	0.0	0.0	1.0	0.0	37.0	148.0	80.0	144.0	122.0	98.0	118.0	137.0	115.0	96.0	143.0	131.0	146.0	6.0	0.0	2.0	0.0	0.0	0.0	0.0	0.0	0.0	0.0	0.0	0.0	0.0	1.0	0.0	44.0	166.0	111.0	175.0	145.0	135.0	161.0	182.0	146.0	119.0	160.0	133.0	142.0	9.0	0.0	2.0	0.0	0.0	0.0	0.0	0.0	0.0	0.0	0.0	0.0	0.0	1.0	0.0	42.0	139.0	73.0	135.0	99.0	90.0	109.0	146.0	108.0	86.0	129.0	103.0	112.0	21.0	0.0	3.0	0.0	0.0	0.0	0.0	0.0	0.0	0.0	0.0	0.0	0.0	1.0	0.0	43.0	118.0	58.0	115.0	91.0	75.0	99.0	123.0	88.0	67.0	110.0	90.0	101.0	25.0	0.0	3.0	0.0	0.0	0.0	0.0	0.0	0.0	0.0	0.0	0.0	0.0	2.0	0.0	64.0	155.0	103.0	167.0	128.0	122.0	160.0	171.0	137.0	111.0	160.0	142.0	141.0	28.0	0.0	3.0	0.0	0.0	0.0	0.0	0.0	0.0	0.0	0.0	0.0	0.0	5.0	0.0	59.0	140.0	97.0	168.0	130.0	122.0	150.0	161.0	116.0	99.0	130.0	126.0	113.0	21.0	0.0	3.0	0.0	0.0	0.0	0.0	0.0	0.0	0.0	0.0	0.0	0.0	3.0	0.0	32.0	125.0	75.0	133.0	91.0	77.0	123.0	135.0	100.0	73.0	96.0	122.0	101.0	1.0	0.0	1.0	0.0	0.0	0.0	0.0	0.0	0.0	0.0	0.0	0.0	0.0	0.0	0.0	0.0	70.0	99.0	149.0	99.0	90.0	144.0	150.0	110.0	90.0	131.0	138.0	7.0	0.0	1.0	1.0	1.0	0.0	0.0	0.0	0.0	0.0	0.0	0.0	0.0	0.0	0.0	0.0	0.0	0.0	20.0	89.0	88.0	84.0	97.0	124.0	93.0	74.0	44.0	4.0	0.0	0.0	0.0	0.0	1.0	0.0	0.0	0.0	0.0
0.0	0.0	0.0	0.0	0.0	0.0	0.0	0.0	0.0	0.0	0.0	0.0	5.0	171.0	97.0	139.0	48.0	0.0	0.0	0.0	0.0	0.0	0.0	0.0	0.0	0.0	0.0	0.0	0.0	0.0	0.0	0.0	0.0	0.0	0.0	1.0	0.0	0.0	46.0	120.0	247.0	255.0	255.0	255.0	255.0	110.0	0.0	0.0	0.0	0.0	0.0	0.0	0.0	0.0	0.0	0.0	0.0	0.0	0.0	0.0	0.0	0.0	0.0	8.0	0.0	138.0	255.0	246.0	225.0	183.0	240.0	211.0	215.0	252.0	240.0	178.0	0.0	0.0	0.0	0.0	0.0	0.0	0.0	0.0	0.0	0.0	0.0	0.0	0.0	0.0	0.0	2.0	0.0	64.0	241.0	220.0	230.0	197.0	228.0	207.0	225.0	225.0	249.0	174.0	0.0	0.0	0.0	0.0	0.0	0.0	0.0	0.0	0.0	0.0	0.0	0.0	0.0	0.0	0.0	1.0	0.0	34.0	240.0	227.0	232.0	243.0	242.0	240.0	234.0	227.0	248.0	77.0	0.0	0.0	0.0	0.0	0.0	0.0	0.0	0.0	0.0	0.0	0.0	0.0	0.0	0.0	0.0	4.0	0.0	67.0	243.0	224.0	227.0	228.0	231.0	227.0	230.0	226.0	247.0	72.0	0.0	0.0	0.0	0.0	0.0	0.0	0.0	0.0	0.0	0.0	0.0	0.0	0.0	0.0	0.0	3.0	0.0	64.0	243.0	224.0	227.0	229.0	228.0	228.0	228.0	227.0	242.0	39.0	0.0	0.0	0.0	0.0	0.0	0.0	0.0	0.0	0.0	0.0	0.0	0.0	0.0	0.0	0.0	2.0	0.0	0.0	246.0	235.0	223.0	226.0	228.0	227.0	226.0	231.0	223.0	0.0	0.0	0.0	0.0	0.0	0.0	0.0	0.0	0.0	0.0	0.0	0.0	0.0	0.0	0.0	0.0	0.0	0.0	0.0	160.0	241.0	226.0	229.0	229.0	230.0	227.0	243.0	210.0	0.0	0.0	0.0	0.0	0.0	0.0	0.0	0.0	0.0	0.0	0.0	0.0	0.0	0.0	0.0	0.0	0.0	1.0	0.0	133.0	239.0	226.0	230.0	228.0	225.0	227.0	244.0	143.0	0.0	1.0	0.0	0.0	0.0	0.0	0.0	0.0	0.0	0.0	0.0	0.0	0.0	0.0	0.0	0.0	0.0	3.0	0.0	117.0	237.0	226.0	236.0	232.0	239.0	233.0	238.0	78.0	0.0	2.0	0.0	0.0	0.0	0.0	0.0	0.0	0.0	0.0	0.0	0.0	0.0	0.0	0.0	0.0	0.0	3.0	0.0	74.0	255.0	163.0	224.0	228.0	204.0	175.0	255.0	31.0	0.0	1.0	0.0	0.0	0.0	0.0	0.0	0.0	0.0	0.0	0.0	0.0	0.0	0.0	0.0	0.0	0.0	0.0	0.0	142.0	241.0	135.0	206.0	218.0	170.0	139.0	255.0	49.0	0.0	0.0	0.0	0.0	0.0	0.0	0.0	0.0	0.0	0.0	0.0	0.0	0.0	0.0	0.0	0.0	0.0	0.0	0.0	251.0	233.0	225.0	227.0	227.0	227.0	218.0	244.0	157.0	0.0	0.0	0.0	0.0	0.0	0.0	0.0	0.0	0.0	0.0	0.0	0.0	0.0	0.0	0.0	0.0	2.0	0.0	61.0	243.0	228.0	233.0	231.0	229.0	233.0	229.0	236.0	253.0	0.0	0.0	0.0	0.0	0.0	0.0	0.0	0.0	0.0	0.0	0.0	0.0	0.0	0.0	0.0	0.0	0.0	0.0	181.0	244.0	227.0	229.0	226.0	228.0	226.0	227.0	227.0	237.0	23.0	0.0	0.0	0.0	0.0	0.0	0.0	0.0	0.0	0.0	0.0	0.0	0.0	0.0	0.0	0.0	0.0	0.0	255.0	234.0	226.0	228.0	228.0	228.0	228.0	228.0	226.0	247.0	94.0	0.0	0.0	0.0	0.0	0.0	0.0	0.0	0.0	0.0	0.0	0.0	0.0	0.0	0.0	0.0	0.0	41.0	243.0	226.0	230.0	228.0	227.0	228.0	228.0	227.0	227.0	244.0	185.0	0.0	0.0	0.0	0.0	0.0	0.0	0.0	0.0	0.0	0.0	0.0	0.0	0.0	0.0	0.0	0.0	134.0	248.0	226.0	230.0	228.0	229.0	229.0	228.0	228.0	225.0	236.0	238.0	0.0	0.0	0.0	0.0	0.0	0.0	0.0	0.0	0.0	0.0	0.0	0.0	0.0	0.0	0.0	0.0	197.0	244.0	229.0	230.0	229.0	231.0	230.0	228.0	227.0	230.0	231.0	255.0	0.0	0.0	0.0	0.0	0.0	0.0	0.0	0.0	0.0	0.0	0.0	0.0	0.0	0.0	0.0	0.0	239.0	238.0	228.0	229.0	229.0	231.0	229.0	228.0	227.0	230.0	231.0	255.0	0.0	0.0	0.0	0.0	0.0	0.0	0.0	0.0	0.0	0.0	0.0	0.0	0.0	0.0	0.0	0.0	255.0	236.0	231.0	229.0	229.0	230.0	230.0	228.0	229.0	230.0	230.0	255.0	23.0	0.0	0.0	0.0	0.0	0.0	0.0	0.0	0.0	0.0	0.0	0.0	0.0	0.0	0.0	0.0	255.0	234.0	232.0	230.0	228.0	228.0	232.0	230.0	230.0	229.0	229.0	255.0	62.0	0.0	0.0	0.0	0.0	0.0	0.0	0.0	0.0	0.0	0.0	0.0	0.0	0.0	0.0	24.0	255.0	232.0	232.0	231.0	229.0	230.0	233.0	231.0	230.0	229.0	225.0	255.0	98.0	0.0	0.0	0.0	0.0	0.0	0.0	0.0	0.0	0.0	0.0	0.0	0.0	0.0	0.0	58.0	248.0	233.0	234.0	232.0	231.0	231.0	233.0	233.0	231.0	232.0	231.0	255.0	118.0	0.0	0.0	0.0	0.0	0.0	0.0	0.0	0.0	0.0	0.0	0.0	0.0	0.0	0.0	100.0	250.0	234.0	231.0	229.0	223.0	223.0	226.0	226.0	225.0	229.0	232.0	242.0	130.0	0.0	0.0	0.0	0.0	0.0	0.0	0.0	0.0	0.0	0.0	0.0	0.0	0.0	0.0	227.0	251.0	240.0	255.0	255.0	255.0	255.0	255.0	255.0	255.0	255.0	255.0	255.0	203.0	0.0	0.0	0.0	0.0	0.0	0.0	0.0	0.0	0.0	0.0	0.0	0.0	0.0	0.0	12.0	10.0	0.0	43.0	89.0	104.0	90.0	107.0	148.0	162.0	87.0	44.0	91.0	0.0	0.0	0.0	0.0	0.0	0.0	0.0	0.0
0.0	0.0	0.0	0.0	0.0	0.0	0.0	0.0	0.0	0.0	97.0	119.0	110.0	114.0	127.0	127.0	124.0	129.0	170.0	9.0	0.0	0.0	0.0	0.0	0.0	0.0	0.0	0.0	0.0	0.0	0.0	0.0	0.0	0.0	0.0	0.0	0.0	0.0	228.0	213.0	204.0	205.0	233.0	215.0	216.0	211.0	253.0	122.0	0.0	0.0	0.0	0.0	0.0	0.0	0.0	0.0	0.0	0.0	0.0	0.0	0.0	0.0	0.0	0.0	0.0	48.0	213.0	173.0	174.0	181.0	200.0	173.0	179.0	185.0	209.0	179.0	0.0	0.0	0.0	0.0	0.0	0.0	0.0	0.0	0.0	0.0	0.0	0.0	0.0	0.0	0.0	0.0	0.0	97.0	210.0	175.0	179.0	193.0	194.0	184.0	191.0	188.0	204.0	205.0	0.0	0.0	0.0	0.0	0.0	0.0	0.0	0.0	0.0	0.0	0.0	0.0	0.0	0.0	0.0	0.0	0.0	120.0	201.0	176.0	191.0	182.0	205.0	197.0	186.0	183.0	204.0	209.0	0.0	0.0	0.0	0.0	0.0	0.0	0.0	0.0	0.0	0.0	0.0	0.0	0.0	0.0	0.0	0.0	0.0	143.0	194.0	182.0	171.0	185.0	212.0	189.0	171.0	186.0	209.0	193.0	0.0	0.0	0.0	0.0	0.0	0.0	0.0	0.0	0.0	0.0	0.0	0.0	0.0	0.0	0.0	0.0	0.0	154.0	192.0	176.0	172.0	212.0	233.0	186.0	187.0	184.0	215.0	180.0	0.0	0.0	0.0	0.0	0.0	0.0	0.0	0.0	0.0	0.0	0.0	0.0	0.0	0.0	0.0	0.0	0.0	158.0	193.0	173.0	184.0	245.0	186.0	198.0	177.0	181.0	225.0	155.0	0.0	0.0	0.0	0.0	0.0	0.0	0.0	0.0	0.0	0.0	0.0	0.0	0.0	0.0	0.0	0.0	0.0	160.0	190.0	170.0	220.0	236.0	55.0	212.0	179.0	185.0	237.0	125.0	0.0	0.0	0.0	0.0	0.0	0.0	0.0	0.0	0.0	0.0	0.0	0.0	0.0	0.0	0.0	0.0	0.0	156.0	192.0	180.0	234.0	209.0	0.0	228.0	180.0	185.0	244.0	98.0	0.0	0.0	0.0	0.0	0.0	0.0	0.0	0.0	0.0	0.0	0.0	0.0	0.0	0.0	0.0	0.0	0.0	142.0	195.0	181.0	238.0	187.0	0.0	225.0	186.0	189.0	250.0	62.0	0.0	0.0	0.0	0.0	0.0	0.0	0.0	0.0	0.0	0.0	0.0	0.0	0.0	0.0	0.0	0.0	0.0	125.0	202.0	184.0	253.0	137.0	0.0	216.0	192.0	192.0	250.0	19.0	0.0	0.0	0.0	0.0	0.0	0.0	0.0	0.0	0.0	0.0	0.0	0.0	0.0	0.0	0.0	0.0	0.0	112.0	206.0	184.0	255.0	72.0	0.0	202.0	193.0	191.0	248.0	5.0	0.0	0.0	0.0	0.0	0.0	0.0	0.0	0.0	0.0	0.0	0.0	0.0	0.0	0.0	0.0	0.0	0.0	106.0	208.0	187.0	254.0	6.0	0.0	178.0	195.0	195.0	238.0	0.0	0.0	0.0	0.0	0.0	0.0	0.0	0.0	0.0	0.0	0.0	0.0	0.0	0.0	0.0	0.0	0.0	0.0	102.0	208.0	197.0	252.0	0.0	0.0	152.0	198.0	200.0	220.0	0.0	0.0	0.0	0.0	0.0	0.0	0.0	0.0	0.0	0.0	0.0	0.0	0.0	0.0	0.0	0.0	0.0	0.0	102.0	212.0	205.0	226.0	0.0	0.0	113.0	201.0	203.0	207.0	0.0	0.0	0.0	0.0	0.0	0.0	0.0	0.0	0.0	0.0	0.0	0.0	0.0	0.0	0.0	0.0	0.0	0.0	90.0	199.0	208.0	215.0	0.0	0.0	93.0	203.0	204.0	190.0	0.0	0.0	0.0	0.0	0.0	0.0	0.0	0.0	0.0	0.0	0.0	0.0	0.0	0.0	0.0	0.0	0.0	0.0	51.0	225.0	207.0	222.0	0.0	0.0	105.0	204.0	205.0	177.0	0.0	0.0	0.0	0.0	0.0	0.0	0.0	0.0	0.0	0.0	0.0	0.0	0.0	0.0	0.0	0.0	0.0	0.0	28.0	230.0	204.0	223.0	0.0	0.0	128.0	201.0	205.0	161.0	0.0	0.0	0.0	0.0	0.0	0.0	0.0	0.0	0.0	0.0	0.0	0.0	0.0	0.0	0.0	0.0	0.0	0.0	26.0	198.0	201.0	240.0	0.0	0.0	146.0	200.0	209.0	138.0	0.0	0.0	0.0	0.0	0.0	0.0	0.0	0.0	0.0	0.0	0.0	0.0	0.0	0.0	0.0	0.0	0.0	0.0	3.0	191.0	201.0	209.0	0.0	0.0	169.0	199.0	212.0	108.0	0.0	0.0	0.0	0.0	0.0	0.0	0.0	0.0	0.0	0.0	0.0	0.0	0.0	0.0	0.0	0.0	0.0	0.0	0.0	213.0	203.0	213.0	8.0	0.0	184.0	197.0	214.0	90.0	0.0	0.0	0.0	0.0	0.0	0.0	0.0	0.0	0.0	0.0	0.0	0.0	0.0	0.0	0.0	0.0	0.0	0.0	0.0	194.0	207.0	215.0	18.0	0.0	192.0	197.0	214.0	65.0	0.0	0.0	0.0	0.0	0.0	0.0	0.0	0.0	0.0	0.0	0.0	0.0	0.0	0.0	0.0	0.0	0.0	0.0	0.0	163.0	212.0	220.0	43.0	0.0	203.0	199.0	210.0	29.0	0.0	0.0	0.0	0.0	0.0	0.0	0.0	0.0	0.0	0.0	0.0	0.0	0.0	0.0	0.0	0.0	0.0	0.0	0.0	135.0	214.0	221.0	64.0	0.0	209.0	201.0	208.0	3.0	0.0	0.0	0.0	0.0	0.0	0.0	0.0	0.0	0.0	0.0	0.0	0.0	0.0	0.0	0.0	0.0	0.0	0.0	0.0	91.0	210.0	221.0	87.0	0.0	206.0	202.0	197.0	0.0	0.0	0.0	0.0	0.0	0.0	0.0	0.0	0.0	0.0	0.0	0.0	0.0	0.0	0.0	0.0	0.0	0.0	0.0	0.0	70.0	222.0	228.0	88.0	0.0	247.0	221.0	195.0	0.0	0.0	0.0	0.0	0.0	0.0	0.0	0.0	0.0	0.0	0.0	0.0	0.0	0.0	0.0	0.0	0.0	0.0	0.0	0.0	0.0	146.0	55.0	0.0	0.0	61.0	149.0	124.0	0.0	0.0	0.0	0.0	0.0	0.0	0.0	0.0	0.0	0.0
0.0	0.0	0.0	0.0	0.0	0.0	0.0	0.0	0.0	0.0	0.0	0.0	82.0	165.0	174.0	168.0	13.0	0.0	0.0	0.0	0.0	0.0	0.0	0.0	0.0	0.0	0.0	0.0	0.0	0.0	0.0	0.0	0.0	0.0	0.0	0.0	0.0	4.0	0.0	0.0	255.0	255.0	254.0	255.0	149.0	0.0	5.0	3.0	1.0	0.0	0.0	0.0	0.0	0.0	0.0	0.0	0.0	0.0	0.0	0.0	0.0	0.0	0.0	0.0	0.0	0.0	0.0	0.0	236.0	234.0	233.0	247.0	157.0	0.0	0.0	0.0	0.0	1.0	0.0	0.0	0.0	0.0	0.0	0.0	0.0	0.0	0.0	0.0	0.0	0.0	0.0	0.0	0.0	17.0	104.0	219.0	231.0	226.0	220.0	224.0	255.0	209.0	134.0	45.0	0.0	0.0	0.0	0.0	0.0	0.0	0.0	0.0	0.0	0.0	0.0	0.0	0.0	0.0	0.0	21.0	188.0	234.0	248.0	235.0	223.0	234.0	227.0	229.0	226.0	238.0	244.0	246.0	181.0	0.0	0.0	0.0	0.0	0.0	0.0	0.0	0.0	0.0	0.0	0.0	0.0	0.0	0.0	190.0	254.0	220.0	220.0	218.0	222.0	231.0	214.0	227.0	224.0	218.0	218.0	219.0	250.0	65.0	0.0	0.0	0.0	0.0	0.0	0.0	0.0	0.0	0.0	0.0	0.0	0.0	0.0	214.0	234.0	224.0	227.0	225.0	223.0	229.0	224.0	224.0	226.0	226.0	227.0	219.0	241.0	162.0	0.0	0.0	0.0	0.0	0.0	0.0	0.0	0.0	0.0	0.0	0.0	0.0	0.0	236.0	234.0	223.0	224.0	221.0	221.0	227.0	222.0	222.0	223.0	223.0	223.0	222.0	240.0	204.0	0.0	0.0	0.0	0.0	0.0	0.0	0.0	0.0	0.0	0.0	0.0	0.0	0.0	255.0	231.0	226.0	223.0	221.0	221.0	229.0	226.0	225.0	223.0	222.0	223.0	226.0	237.0	218.0	0.0	0.0	0.0	0.0	0.0	0.0	0.0	0.0	0.0	0.0	0.0	0.0	0.0	255.0	231.0	233.0	219.0	221.0	225.0	231.0	222.0	227.0	224.0	224.0	225.0	234.0	232.0	247.0	0.0	0.0	0.0	0.0	0.0	0.0	0.0	0.0	0.0	0.0	0.0	0.0	18.0	255.0	230.0	251.0	225.0	221.0	225.0	231.0	221.0	225.0	225.0	225.0	233.0	244.0	229.0	255.0	0.0	0.0	0.0	0.0	0.0	0.0	0.0	0.0	0.0	0.0	0.0	0.0	40.0	255.0	229.0	255.0	227.0	221.0	222.0	231.0	226.0	224.0	223.0	222.0	229.0	248.0	227.0	255.0	0.0	0.0	0.0	0.0	0.0	0.0	0.0	0.0	0.0	0.0	0.0	0.0	72.0	255.0	233.0	255.0	224.0	224.0	221.0	231.0	228.0	224.0	222.0	224.0	225.0	255.0	229.0	255.0	3.0	0.0	0.0	0.0	0.0	0.0	0.0	0.0	0.0	0.0	0.0	0.0	100.0	255.0	235.0	254.0	223.0	225.0	221.0	230.0	228.0	226.0	224.0	222.0	223.0	255.0	233.0	255.0	24.0	0.0	0.0	0.0	0.0	0.0	0.0	0.0	0.0	0.0	0.0	0.0	110.0	255.0	234.0	251.0	223.0	224.0	222.0	227.0	217.0	222.0	223.0	223.0	222.0	244.0	234.0	255.0	42.0	0.0	0.0	0.0	0.0	0.0	0.0	0.0	0.0	0.0	0.0	0.0	124.0	255.0	233.0	246.0	223.0	224.0	223.0	228.0	219.0	224.0	224.0	223.0	225.0	210.0	233.0	255.0	54.0	0.0	0.0	0.0	0.0	0.0	0.0	0.0	0.0	0.0	0.0	0.0	132.0	254.0	233.0	221.0	228.0	220.0	221.0	236.0	226.0	223.0	223.0	217.0	232.0	190.0	231.0	255.0	69.0	0.0	0.0	0.0	0.0	0.0	0.0	0.0	0.0	0.0	0.0	0.0	129.0	255.0	235.0	205.0	229.0	217.0	217.0	235.0	222.0	221.0	222.0	219.0	234.0	171.0	236.0	255.0	83.0	0.0	0.0	0.0	0.0	0.0	0.0	0.0	0.0	0.0	0.0	0.0	127.0	255.0	224.0	179.0	236.0	220.0	221.0	224.0	227.0	222.0	221.0	218.0	235.0	158.0	236.0	255.0	96.0	0.0	0.0	0.0	0.0	0.0	0.0	0.0	0.0	0.0	0.0	0.0	125.0	255.0	208.0	154.0	240.0	214.0	225.0	228.0	207.0	222.0	225.0	217.0	235.0	165.0	236.0	255.0	117.0	0.0	0.0	0.0	0.0	0.0	0.0	0.0	0.0	0.0	0.0	0.0	128.0	241.0	204.0	146.0	242.0	211.0	221.0	239.0	214.0	222.0	225.0	215.0	237.0	164.0	223.0	236.0	131.0	0.0	0.0	0.0	0.0	0.0	0.0	0.0	0.0	0.0	0.0	0.0	152.0	237.0	190.0	148.0	243.0	211.0	228.0	244.0	221.0	222.0	226.0	210.0	244.0	139.0	192.0	231.0	136.0	0.0	0.0	0.0	0.0	0.0	0.0	0.0	0.0	0.0	0.0	0.0	174.0	255.0	214.0	142.0	242.0	212.0	229.0	241.0	221.0	221.0	224.0	205.0	248.0	130.0	218.0	254.0	168.0	0.0	0.0	0.0	0.0	0.0	0.0	0.0	0.0	0.0	0.0	0.0	3.0	26.0	0.0	163.0	241.0	216.0	232.0	238.0	222.0	220.0	223.0	208.0	251.0	138.0	23.0	102.0	35.0	0.0	0.0	0.0	0.0	0.0	0.0	0.0	0.0	0.0	0.0	0.0	0.0	0.0	0.0	200.0	223.0	216.0	232.0	233.0	220.0	220.0	222.0	207.0	228.0	164.0	0.0	0.0	0.0	0.0	0.0	0.0	0.0	0.0	0.0	0.0	0.0	0.0	0.0	0.0	3.0	0.0	0.0	213.0	224.0	219.0	227.0	232.0	218.0	215.0	219.0	211.0	226.0	168.0	0.0	3.0	1.0	0.0	0.0	0.0	0.0	0.0	0.0	0.0	0.0	0.0	0.0	0.0	0.0	0.0	0.0	237.0	231.0	226.0	241.0	245.0	229.0	223.0	219.0	215.0	234.0	191.0	0.0	0.0	0.0	0.0	0.0	0.0	0.0	0.0	0.0	0.0	0.0	0.0	0.0	0.0	0.0	0.0	0.0	133.0	203.0	189.0	195.0	197.0	203.0	203.0	201.0	189.0	198.0	111.0	0.0	0.0	0.0	0.0	0.0	0.0	0.0	0.0
0.0	0.0	0.0	0.0	0.0	0.0	0.0	0.0	0.0	0.0	0.0	0.0	0.0	0.0	0.0	0.0	0.0	0.0	0.0	0.0	0.0	0.0	0.0	0.0	0.0	0.0	0.0	0.0	0.0	0.0	0.0	0.0	0.0	0.0	0.0	0.0	1.0	0.0	0.0	0.0	255.0	207.0	210.0	221.0	255.0	0.0	0.0	0.0	2.0	0.0	0.0	0.0	0.0	0.0	0.0	0.0	0.0	0.0	0.0	0.0	0.0	0.0	0.0	0.0	0.0	0.0	33.0	78.0	202.0	255.0	233.0	249.0	135.0	131.0	60.0	0.0	0.0	0.0	0.0	0.0	0.0	0.0	0.0	0.0	0.0	0.0	0.0	0.0	0.0	0.0	0.0	0.0	124.0	190.0	255.0	186.0	31.0	220.0	231.0	177.0	42.0	251.0	255.0	213.0	99.0	0.0	0.0	0.0	0.0	0.0	0.0	0.0	0.0	0.0	0.0	0.0	0.0	3.0	0.0	173.0	235.0	215.0	210.0	228.0	186.0	149.0	255.0	145.0	174.0	233.0	213.0	223.0	242.0	187.0	0.0	0.0	0.0	0.0	0.0	0.0	0.0	0.0	0.0	0.0	0.0	4.0	0.0	82.0	211.0	202.0	211.0	213.0	229.0	228.0	139.0	246.0	234.0	219.0	218.0	209.0	220.0	145.0	0.0	0.0	0.0	0.0	0.0	0.0	0.0	0.0	0.0	0.0	0.0	0.0	0.0	0.0	216.0	210.0	206.0	208.0	209.0	213.0	241.0	223.0	210.0	217.0	213.0	214.0	240.0	0.0	0.0	0.0	0.0	0.0	0.0	0.0	0.0	0.0	0.0	0.0	0.0	0.0	3.0	0.0	145.0	238.0	202.0	211.0	212.0	218.0	163.0	222.0	214.0	215.0	211.0	233.0	181.0	0.0	9.0	0.0	0.0	0.0	0.0	0.0	0.0	0.0	0.0	0.0	0.0	0.0	7.0	0.0	102.0	247.0	199.0	209.0	210.0	216.0	166.0	218.0	210.0	216.0	207.0	243.0	139.0	0.0	19.0	0.0	0.0	0.0	0.0	0.0	0.0	0.0	0.0	0.0	0.0	0.0	11.0	0.0	98.0	250.0	193.0	205.0	207.0	208.0	221.0	217.0	205.0	213.0	201.0	247.0	138.0	0.0	24.0	0.0	0.0	0.0	0.0	0.0	0.0	0.0	0.0	0.0	0.0	0.0	13.0	0.0	105.0	246.0	202.0	203.0	206.0	210.0	190.0	221.0	205.0	208.0	209.0	238.0	141.0	24.0	27.0	0.0	0.0	0.0	0.0	0.0	0.0	0.0	0.0	0.0	0.0	0.0	7.0	38.0	61.0	193.0	217.0	199.0	206.0	213.0	141.0	218.0	210.0	208.0	220.0	204.0	90.0	72.0	22.0	0.0	0.0	0.0	0.0	0.0	0.0	0.0	0.0	0.0	0.0	0.0	0.0	82.0	50.0	171.0	237.0	199.0	208.0	207.0	221.0	223.0	209.0	206.0	230.0	190.0	73.0	113.0	11.0	0.0	0.0	0.0	0.0	0.0	0.0	0.0	0.0	0.0	0.0	0.0	0.0	103.0	94.0	158.0	196.0	210.0	207.0	210.0	202.0	223.0	206.0	207.0	239.0	168.0	104.0	137.0	0.0	0.0	0.0	0.0	0.0	0.0	0.0	0.0	0.0	0.0	0.0	1.0	0.0	88.0	134.0	104.0	106.0	237.0	201.0	206.0	138.0	234.0	197.0	236.0	144.0	87.0	130.0	124.0	0.0	0.0	0.0	0.0	0.0	0.0	0.0	0.0	0.0	0.0	0.0	1.0	0.0	68.0	113.0	50.0	195.0	225.0	201.0	207.0	212.0	221.0	198.0	238.0	172.0	0.0	110.0	105.0	7.0	2.0	0.0	0.0	0.0	0.0	0.0	0.0	0.0	0.0	0.0	4.0	0.0	82.0	95.0	8.0	232.0	209.0	205.0	209.0	216.0	218.0	206.0	224.0	225.0	0.0	99.0	123.0	8.0	5.0	0.0	0.0	0.0	0.0	0.0	0.0	0.0	0.0	0.0	4.0	0.0	104.0	90.0	54.0	242.0	204.0	210.0	200.0	146.0	230.0	209.0	219.0	228.0	3.0	84.0	130.0	10.0	8.0	0.0	0.0	0.0	0.0	0.0	0.0	0.0	0.0	0.0	4.0	3.0	93.0	38.0	154.0	234.0	199.0	209.0	206.0	193.0	230.0	207.0	205.0	235.0	155.0	54.0	119.0	21.0	10.0	0.0	0.0	0.0	0.0	0.0	0.0	0.0	0.0	0.0	9.0	9.0	56.0	37.0	207.0	219.0	219.0	208.0	210.0	224.0	221.0	215.0	217.0	228.0	235.0	42.0	95.0	23.0	16.0	0.0	0.0	0.0	0.0	0.0	0.0	0.0	0.0	0.0	7.0	0.0	89.0	27.0	154.0	187.0	178.0	214.0	187.0	175.0	230.0	207.0	182.0	182.0	129.0	10.0	126.0	16.0	16.0	0.0	0.0	0.0	0.0	0.0	0.0	0.0	0.0	0.0	5.0	8.0	91.0	20.0	130.0	102.0	85.0	209.0	205.0	184.0	241.0	172.0	78.0	123.0	150.0	16.0	117.0	22.0	12.0	0.0	0.0	0.0	0.0	0.0	0.0	0.0	0.0	0.0	0.0	24.0	85.0	4.0	90.0	106.0	117.0	185.0	190.0	172.0	219.0	163.0	128.0	124.0	83.0	0.0	103.0	33.0	11.0	0.0	0.0	0.0	0.0	0.0	0.0	0.0	0.0	0.0	0.0	14.0	66.0	0.0	0.0	0.0	0.0	0.0	0.0	0.0	0.0	0.0	0.0	0.0	0.0	0.0	92.0	39.0	7.0	0.0	0.0	0.0	0.0	0.0	0.0	0.0	0.0	0.0	0.0	0.0	32.0	0.0	0.0	3.0	0.0	0.0	0.0	0.0	0.0	0.0	0.0	4.0	0.0	0.0	64.0	1.0	0.0	0.0	0.0	0.0	0.0	0.0	0.0	0.0	0.0	0.0	113.0	199.0	143.0	0.0	0.0	0.0	0.0	0.0	0.0	0.0	0.0	1.0	0.0	0.0	0.0	0.0	149.0	210.0	113.0	0.0	0.0	0.0	0.0	0.0	0.0	0.0	0.0	0.0	52.0	146.0	115.0	0.0	0.0	0.0	0.0	0.0	0.0	0.0	0.0	0.0	0.0	0.0	0.0	0.0	122.0	155.0	55.0	0.0	0.0	0.0	0.0	0.0	0.0	0.0	0.0	0.0	28.0	107.0	54.0	0.0	1.0	0.0	0.0	0.0	0.0	0.0	0.0	0.0	0.0	0.0	0.0	0.0	61.0	116.0	36.0	0.0	0.0	0.0	0.0
0.0	0.0	0.0	0.0	0.0	0.0	0.0	0.0	68.0	135.0	81.0	29.0	0.0	5.0	0.0	36.0	77.0	155.0	164.0	82.0	4.0	0.0	0.0	0.0	1.0	0.0	1.0	0.0	0.0	0.0	0.0	0.0	0.0	0.0	99.0	203.0	176.0	186.0	187.0	217.0	215.0	221.0	187.0	255.0	138.0	177.0	189.0	163.0	200.0	111.0	5.0	0.0	2.0	0.0	0.0	0.0	0.0	0.0	1.0	0.0	0.0	168.0	187.0	167.0	161.0	163.0	157.0	151.0	170.0	33.0	115.0	158.0	0.0	95.0	172.0	152.0	164.0	176.0	144.0	2.0	0.0	2.0	0.0	0.0	0.0	0.0	0.0	0.0	90.0	185.0	168.0	158.0	168.0	165.0	160.0	162.0	177.0	138.0	171.0	194.0	172.0	188.0	156.0	170.0	160.0	156.0	175.0	97.0	0.0	3.0	0.0	0.0	2.0	3.0	0.0	0.0	178.0	172.0	170.0	167.0	166.0	164.0	154.0	159.0	163.0	179.0	163.0	157.0	150.0	158.0	160.0	166.0	161.0	160.0	159.0	165.0	8.0	0.0	2.0	0.0	0.0	3.0	0.0	101.0	192.0	174.0	173.0	165.0	166.0	168.0	156.0	163.0	158.0	159.0	167.0	162.0	161.0	161.0	154.0	163.0	167.0	173.0	159.0	176.0	97.0	0.0	3.0	0.0	1.0	0.0	0.0	193.0	178.0	184.0	168.0	156.0	171.0	162.0	157.0	163.0	158.0	162.0	170.0	158.0	157.0	159.0	155.0	170.0	159.0	170.0	170.0	170.0	184.0	0.0	0.0	1.0	1.0	0.0	53.0	189.0	167.0	194.0	180.0	153.0	183.0	164.0	161.0	156.0	166.0	163.0	163.0	159.0	156.0	158.0	161.0	162.0	160.0	170.0	176.0	158.0	181.0	40.0	0.0	1.0	3.0	0.0	143.0	192.0	172.0	182.0	183.0	151.0	173.0	168.0	164.0	158.0	159.0	160.0	164.0	163.0	160.0	160.0	156.0	160.0	163.0	171.0	185.0	162.0	180.0	152.0	0.0	0.0	0.0	0.0	179.0	176.0	181.0	181.0	193.0	151.0	164.0	162.0	160.0	161.0	161.0	159.0	162.0	162.0	159.0	160.0	161.0	162.0	160.0	167.0	188.0	153.0	171.0	176.0	3.0	0.0	0.0	95.0	202.0	171.0	180.0	189.0	202.0	151.0	171.0	163.0	155.0	160.0	160.0	162.0	165.0	163.0	159.0	157.0	167.0	165.0	153.0	176.0	192.0	157.0	177.0	186.0	94.0	0.0	0.0	187.0	194.0	170.0	189.0	202.0	211.0	142.0	168.0	172.0	154.0	158.0	161.0	163.0	168.0	162.0	161.0	156.0	159.0	171.0	151.0	182.0	222.0	157.0	187.0	172.0	182.0	0.0	61.0	179.0	176.0	163.0	186.0	219.0	238.0	166.0	157.0	179.0	157.0	158.0	165.0	162.0	170.0	162.0	160.0	158.0	166.0	180.0	142.0	192.0	231.0	138.0	185.0	171.0	173.0	27.0	155.0	189.0	171.0	167.0	176.0	227.0	186.0	135.0	175.0	178.0	160.0	157.0	163.0	162.0	168.0	164.0	159.0	154.0	167.0	181.0	132.0	229.0	205.0	143.0	185.0	170.0	171.0	126.0	5.0	160.0	183.0	165.0	175.0	240.0	163.0	114.0	185.0	175.0	161.0	155.0	164.0	164.0	168.0	166.0	156.0	153.0	166.0	186.0	138.0	219.0	209.0	161.0	177.0	163.0	148.0	41.0	0.0	0.0	123.0	165.0	182.0	246.0	161.0	154.0	176.0	172.0	160.0	153.0	165.0	164.0	167.0	167.0	154.0	153.0	165.0	183.0	142.0	203.0	208.0	184.0	188.0	126.0	5.0	0.0	0.0	0.0	0.0	27.0	177.0	239.0	98.0	183.0	175.0	172.0	159.0	156.0	166.0	163.0	171.0	163.0	156.0	156.0	168.0	185.0	149.0	173.0	208.0	153.0	31.0	0.0	0.0	0.0	1.0	0.0	0.0	0.0	0.0	0.0	54.0	211.0	159.0	175.0	158.0	157.0	166.0	163.0	171.0	163.0	157.0	153.0	161.0	187.0	161.0	170.0	8.0	0.0	0.0	0.0	0.0	0.0	0.0	0.0	1.0	0.0	0.0	0.0	103.0	181.0	165.0	176.0	159.0	157.0	166.0	163.0	170.0	161.0	155.0	150.0	162.0	177.0	171.0	197.0	0.0	0.0	3.0	0.0	0.0	0.0	0.0	1.0	3.0	0.0	1.0	0.0	96.0	184.0	166.0	177.0	161.0	158.0	168.0	164.0	173.0	162.0	155.0	149.0	172.0	177.0	163.0	199.0	19.0	0.0	2.0	0.0	1.0	0.0	0.0	0.0	0.0	1.0	1.0	0.0	95.0	175.0	167.0	177.0	156.0	159.0	165.0	162.0	166.0	160.0	152.0	147.0	164.0	184.0	161.0	167.0	20.0	0.0	5.0	0.0	1.0	0.0	0.0	0.0	0.0	0.0	0.0	0.0	106.0	168.0	171.0	173.0	150.0	165.0	167.0	163.0	163.0	161.0	151.0	148.0	160.0	180.0	161.0	171.0	22.0	0.0	5.0	0.0	0.0	0.0	0.0	0.0	0.0	0.0	0.0	0.0	115.0	168.0	172.0	172.0	152.0	164.0	166.0	166.0	171.0	163.0	152.0	149.0	163.0	185.0	162.0	172.0	23.0	0.0	5.0	0.0	0.0	0.0	0.0	0.0	0.0	0.0	1.0	0.0	122.0	168.0	171.0	172.0	153.0	163.0	161.0	162.0	168.0	161.0	151.0	148.0	164.0	181.0	160.0	173.0	26.0	0.0	5.0	0.0	0.0	0.0	0.0	0.0	0.0	0.0	1.0	0.0	128.0	171.0	167.0	166.0	153.0	171.0	172.0	159.0	168.0	162.0	153.0	154.0	171.0	174.0	159.0	178.0	30.0	0.0	5.0	0.0	0.0	0.0	0.0	0.0	0.0	0.0	0.0	0.0	102.0	172.0	170.0	163.0	146.0	160.0	167.0	155.0	163.0	154.0	149.0	148.0	167.0	177.0	154.0	175.0	36.0	0.0	5.0	0.0	1.0	0.0	0.0	0.0	0.0	0.0	4.0	0.0	91.0	182.0	172.0	185.0	185.0	198.0	180.0	156.0	167.0	170.0	171.0	172.0	194.0	190.0	175.0	183.0	40.0	0.0	5.0	0.0	1.0	0.0	0.0	0.0	0.0	0.0	1.0	0.0	63.0	160.0	149.0	80.0	39.0	81.0	80.0	76.0	86.0	87.0	87.0	77.0	67.0	85.0	81.0	119.0	13.0	0.0	3.0	0.0	0.0	0.0
0.0	0.0	0.0	0.0	0.0	0.0	0.0	0.0	0.0	0.0	122.0	101.0	73.0	59.0	39.0	108.0	89.0	91.0	83.0	0.0	0.0	0.0	0.0	0.0	0.0	0.0	0.0	0.0	0.0	0.0	0.0	0.0	0.0	0.0	0.0	0.0	0.0	3.0	215.0	232.0	236.0	223.0	171.0	254.0	233.0	170.0	147.0	0.0	0.0	0.0	0.0	0.0	0.0	0.0	0.0	0.0	0.0	0.0	0.0	0.0	0.0	0.0	0.0	0.0	0.0	87.0	232.0	176.0	183.0	209.0	240.0	222.0	184.0	187.0	171.0	14.0	0.0	0.0	0.0	0.0	0.0	0.0	0.0	0.0	0.0	0.0	0.0	0.0	0.0	0.0	0.0	0.0	0.0	116.0	198.0	170.0	168.0	186.0	198.0	167.0	168.0	184.0	191.0	40.0	0.0	0.0	0.0	0.0	0.0	0.0	0.0	0.0	0.0	0.0	0.0	0.0	0.0	0.0	0.0	0.0	0.0	144.0	178.0	164.0	170.0	198.0	164.0	167.0	182.0	160.0	178.0	80.0	0.0	0.0	0.0	0.0	0.0	0.0	0.0	0.0	0.0	0.0	0.0	0.0	0.0	0.0	0.0	0.0	0.0	165.0	180.0	158.0	160.0	184.0	223.0	192.0	168.0	167.0	180.0	109.0	0.0	0.0	0.0	0.0	0.0	0.0	0.0	0.0	0.0	0.0	0.0	0.0	0.0	0.0	0.0	0.0	0.0	163.0	176.0	160.0	166.0	178.0	218.0	190.0	176.0	180.0	138.0	64.0	0.0	0.0	0.0	0.0	0.0	0.0	0.0	0.0	0.0	0.0	0.0	0.0	0.0	0.0	0.0	0.0	0.0	156.0	166.0	152.0	157.0	188.0	165.0	218.0	165.0	179.0	84.0	43.0	0.0	0.0	0.0	0.0	0.0	0.0	0.0	0.0	0.0	0.0	0.0	0.0	0.0	0.0	0.0	0.0	0.0	145.0	166.0	141.0	164.0	216.0	71.0	246.0	167.0	155.0	102.0	58.0	0.0	0.0	0.0	0.0	0.0	0.0	0.0	0.0	0.0	0.0	0.0	0.0	0.0	0.0	0.0	0.0	0.0	99.0	177.0	141.0	155.0	203.0	28.0	254.0	190.0	160.0	158.0	72.0	0.0	0.0	0.0	0.0	0.0	0.0	0.0	0.0	0.0	0.0	0.0	0.0	0.0	0.0	0.0	0.0	0.0	71.0	187.0	137.0	149.0	199.0	0.0	206.0	205.0	152.0	106.0	61.0	0.0	0.0	0.0	0.0	0.0	0.0	0.0	0.0	0.0	0.0	0.0	0.0	0.0	0.0	0.0	0.0	0.0	41.0	188.0	135.0	156.0	188.0	0.0	174.0	216.0	128.0	47.0	43.0	0.0	0.0	0.0	0.0	0.0	0.0	0.0	0.0	0.0	0.0	0.0	0.0	0.0	0.0	0.0	0.0	0.0	3.0	196.0	145.0	152.0	167.0	0.0	143.0	199.0	118.0	62.0	42.0	0.0	0.0	0.0	0.0	0.0	0.0	0.0	0.0	0.0	0.0	0.0	0.0	0.0	0.0	0.0	0.0	0.0	0.0	180.0	149.0	161.0	168.0	0.0	117.0	196.0	142.0	109.0	24.0	0.0	0.0	0.0	0.0	0.0	0.0	0.0	0.0	0.0	0.0	0.0	0.0	0.0	0.0	0.0	0.0	0.0	0.0	117.0	111.0	183.0	170.0	0.0	103.0	194.0	142.0	138.0	0.0	0.0	0.0	0.0	0.0	0.0	0.0	0.0	0.0	0.0	0.0	0.0	0.0	0.0	0.0	0.0	0.0	0.0	0.0	145.0	79.0	25.0	129.0	0.0	100.0	191.0	137.0	121.0	0.0	0.0	0.0	0.0	0.0	0.0	0.0	0.0	0.0	0.0	0.0	0.0	0.0	0.0	0.0	0.0	0.0	0.0	0.0	141.0	157.0	75.0	137.0	0.0	87.0	190.0	134.0	103.0	0.0	0.0	0.0	0.0	0.0	0.0	0.0	0.0	0.0	0.0	0.0	0.0	0.0	0.0	0.0	0.0	0.0	0.0	0.0	119.0	153.0	136.0	107.0	0.0	41.0	199.0	133.0	74.0	0.0	0.0	0.0	0.0	0.0	0.0	0.0	0.0	0.0	0.0	0.0	0.0	0.0	0.0	0.0	0.0	0.0	0.0	0.0	132.0	155.0	153.0	37.0	0.0	0.0	181.0	136.0	93.0	0.0	0.0	0.0	0.0	0.0	0.0	0.0	0.0	0.0	0.0	0.0	0.0	0.0	0.0	0.0	0.0	0.0	0.0	0.0	175.0	179.0	157.0	9.0	0.0	0.0	174.0	183.0	120.0	0.0	0.0	0.0	0.0	0.0	0.0	0.0	0.0	0.0	0.0	0.0	0.0	0.0	0.0	0.0	0.0	0.0	0.0	0.0	183.0	164.0	179.0	20.0	0.0	0.0	181.0	211.0	134.0	0.0	0.0	0.0	0.0	0.0	0.0	0.0	0.0	0.0	0.0	0.0	0.0	0.0	0.0	0.0	0.0	0.0	0.0	0.0	160.0	106.0	175.0	26.0	0.0	0.0	191.0	205.0	128.0	0.0	0.0	0.0	0.0	0.0	0.0	0.0	0.0	0.0	0.0	0.0	0.0	0.0	0.0	0.0	0.0	0.0	0.0	0.0	122.0	128.0	161.0	3.0	0.0	0.0	189.0	206.0	105.0	0.0	0.0	0.0	0.0	0.0	0.0	0.0	0.0	0.0	0.0	0.0	0.0	0.0	0.0	0.0	0.0	0.0	0.0	0.0	63.0	214.0	165.0	0.0	0.0	0.0	174.0	204.0	56.0	0.0	0.0	0.0	0.0	0.0	0.0	0.0	0.0	0.0	0.0	0.0	0.0	0.0	0.0	0.0	0.0	0.0	0.0	0.0	25.0	206.0	157.0	0.0	0.0	0.0	161.0	199.0	17.0	0.0	0.0	0.0	0.0	0.0	0.0	0.0	0.0	0.0	0.0	0.0	0.0	0.0	0.0	0.0	0.0	0.0	0.0	0.0	0.0	184.0	145.0	0.0	0.0	0.0	160.0	182.0	0.0	0.0	0.0	0.0	0.0	0.0	0.0	0.0	0.0	0.0	0.0	0.0	0.0	0.0	0.0	0.0	0.0	0.0	0.0	0.0	0.0	181.0	146.0	0.0	0.0	0.0	177.0	175.0	0.0	0.0	0.0	0.0	0.0	0.0	0.0	0.0	0.0	0.0	0.0	0.0	0.0	0.0	0.0	0.0	0.0	0.0	0.0	0.0	0.0	112.0	88.0	0.0	0.0	0.0	111.0	120.0	0.0	0.0	0.0	0.0	0.0	0.0	0.0	0.0	0.0	0.0
0.0	0.0	0.0	0.0	0.0	0.0	0.0	0.0	0.0	0.0	0.0	0.0	0.0	0.0	0.0	0.0	0.0	0.0	0.0	0.0	0.0	0.0	0.0	0.0	0.0	0.0	0.0	0.0	0.0	0.0	0.0	0.0	0.0	0.0	0.0	0.0	0.0	0.0	0.0	0.0	0.0	0.0	0.0	0.0	0.0	0.0	0.0	0.0	0.0	0.0	0.0	0.0	0.0	0.0	0.0	0.0	0.0	0.0	0.0	0.0	0.0	0.0	0.0	0.0	0.0	0.0	0.0	0.0	0.0	0.0	0.0	0.0	1.0	1.0	2.0	0.0	0.0	0.0	0.0	34.0	28.0	0.0	4.0	0.0	0.0	0.0	0.0	0.0	0.0	0.0	0.0	0.0	1.0	2.0	0.0	5.0	11.0	2.0	3.0	0.0	0.0	0.0	0.0	0.0	0.0	34.0	143.0	239.0	178.0	0.0	0.0	0.0	0.0	0.0	0.0	0.0	0.0	0.0	0.0	0.0	0.0	0.0	0.0	0.0	0.0	0.0	0.0	0.0	0.0	0.0	44.0	145.0	233.0	238.0	246.0	229.0	221.0	0.0	0.0	0.0	0.0	0.0	0.0	0.0	0.0	0.0	0.0	0.0	0.0	2.0	0.0	83.0	133.0	140.0	151.0	173.0	224.0	255.0	239.0	241.0	237.0	224.0	221.0	218.0	246.0	113.0	0.0	0.0	0.0	0.0	0.0	0.0	0.0	0.0	0.0	0.0	1.0	4.0	0.0	168.0	241.0	231.0	236.0	237.0	232.0	225.0	221.0	220.0	223.0	227.0	227.0	224.0	224.0	249.0	0.0	0.0	0.0	0.0	0.0	0.0	0.0	0.0	0.0	0.0	0.0	0.0	0.0	185.0	215.0	210.0	214.0	208.0	216.0	224.0	227.0	227.0	227.0	225.0	224.0	226.0	220.0	244.0	103.0	0.0	0.0	0.0	0.0	0.0	0.0	0.0	0.0	0.0	2.0	0.0	13.0	206.0	218.0	216.0	220.0	219.0	222.0	224.0	225.0	226.0	226.0	227.0	230.0	228.0	224.0	229.0	244.0	0.0	0.0	0.0	0.0	0.0	0.0	0.0	0.0	0.0	6.0	0.0	30.0	222.0	212.0	223.0	220.0	220.0	222.0	224.0	225.0	226.0	226.0	227.0	224.0	229.0	219.0	224.0	255.0	59.0	0.0	0.0	0.0	0.0	0.0	0.0	0.0	0.0	1.0	0.0	83.0	224.0	213.0	225.0	221.0	221.0	223.0	225.0	225.0	227.0	226.0	227.0	228.0	224.0	225.0	225.0	255.0	142.0	0.0	0.0	0.0	0.0	0.0	0.0	0.0	0.0	0.0	0.0	147.0	224.0	214.0	226.0	225.0	222.0	223.0	225.0	225.0	224.0	226.0	228.0	228.0	227.0	228.0	226.0	239.0	195.0	0.0	0.0	0.0	0.0	1.0	0.0	0.0	1.0	0.0	0.0	200.0	214.0	205.0	218.0	223.0	223.0	222.0	227.0	227.0	226.0	224.0	225.0	227.0	227.0	229.0	229.0	240.0	196.0	0.0	0.0	0.0	0.0	0.0	3.0	1.0	3.0	0.0	5.0	247.0	201.0	200.0	213.0	217.0	226.0	226.0	226.0	225.0	227.0	226.0	224.0	212.0	212.0	221.0	225.0	255.0	115.0	0.0	0.0	0.0	0.0	0.0	1.0	0.0	4.0	0.0	84.0	218.0	208.0	221.0	216.0	216.0	228.0	228.0	223.0	222.0	228.0	224.0	219.0	255.0	255.0	235.0	218.0	255.0	26.0	0.0	0.0	0.0	0.0	0.0	0.0	2.0	0.0	0.0	184.0	202.0	207.0	224.0	213.0	209.0	220.0	228.0	225.0	228.0	218.0	233.0	255.0	168.0	102.0	211.0	237.0	207.0	0.0	1.0	0.0	0.0	0.0	5.0	3.0	4.0	0.0	74.0	237.0	193.0	224.0	201.0	196.0	240.0	240.0	244.0	217.0	216.0	240.0	228.0	28.0	0.0	0.0	21.0	253.0	172.0	0.0	0.0	0.0	0.0	0.0	0.0	0.0	0.0	33.0	234.0	210.0	202.0	218.0	225.0	222.0	227.0	190.0	177.0	226.0	240.0	187.0	0.0	0.0	0.0	0.0	10.0	251.0	138.0	0.0	0.0	0.0	0.0	0.0	0.0	0.0	103.0	239.0	214.0	191.0	205.0	224.0	223.0	229.0	213.0	213.0	189.0	241.0	152.0	0.0	0.0	2.0	1.0	0.0	9.0	250.0	102.0	0.0	0.0	4.0	0.0	122.0	228.0	199.0	242.0	206.0	203.0	211.0	206.0	224.0	217.0	221.0	193.0	212.0	247.0	151.0	0.0	0.0	0.0	0.0	1.0	0.0	2.0	246.0	74.0	0.0	0.0	0.0	0.0	177.0	222.0	197.0	190.0	209.0	208.0	209.0	221.0	222.0	231.0	227.0	219.0	232.0	182.0	0.0	0.0	0.0	0.0	0.0	4.0	0.0	0.0	234.0	66.0	0.0	0.0	0.0	12.0	200.0	202.0	204.0	212.0	206.0	211.0	222.0	221.0	227.0	225.0	218.0	230.0	229.0	0.0	0.0	0.0	0.0	0.0	0.0	3.0	0.0	0.0	219.0	37.0	0.0	78.0	218.0	198.0	208.0	206.0	209.0	205.0	211.0	218.0	224.0	228.0	225.0	218.0	221.0	226.0	30.0	0.0	7.0	0.0	0.0	0.0	0.0	2.0	0.0	0.0	213.0	33.0	0.0	0.0	131.0	213.0	239.0	234.0	226.0	219.0	212.0	214.0	206.0	212.0	213.0	227.0	233.0	85.0	0.0	0.0	0.0	0.0	0.0	0.0	0.0	1.0	0.0	0.0	205.0	53.0	0.0	0.0	0.0	0.0	98.0	176.0	225.0	255.0	255.0	255.0	255.0	234.0	235.0	251.0	79.0	0.0	0.0	0.0	1.0	0.0	0.0	0.0	0.0	0.0	0.0	0.0	208.0	44.0	0.0	0.0	0.0	0.0	0.0	0.0	0.0	13.0	51.0	66.0	74.0	75.0	63.0	0.0	0.0	0.0	0.0	0.0	0.0	0.0	0.0	0.0	0.0	0.0	0.0	0.0	103.0	9.0	0.0	0.0	0.0	0.0	0.0	0.0	0.0	0.0	0.0	0.0	0.0	0.0	0.0	0.0	0.0	0.0	0.0	0.0	0.0	0.0	0.0	0.0	0.0	0.0	0.0	0.0	0.0	0.0	0.0	0.0	0.0	0.0	0.0	0.0	0.0	0.0	0.0	0.0	0.0	0.0	0.0	0.0	0.0	0.0	0.0	0.0	0.0	0.0	0.0	0.0	0.0	0.0	0.0	0.0	0.0	0.0	0.0
0.0	0.0	0.0	0.0	0.0	0.0	0.0	0.0	0.0	0.0	175.0	119.0	114.0	86.0	89.0	99.0	109.0	132.0	0.0	0.0	0.0	0.0	0.0	0.0	0.0	0.0	0.0	0.0	0.0	0.0	0.0	0.0	0.0	0.0	0.0	0.0	0.0	92.0	255.0	254.0	255.0	255.0	255.0	255.0	250.0	255.0	19.0	0.0	0.0	0.0	0.0	0.0	0.0	0.0	0.0	0.0	0.0	0.0	0.0	0.0	0.0	0.0	0.0	0.0	0.0	211.0	234.0	210.0	219.0	220.0	215.0	210.0	206.0	255.0	119.0	0.0	0.0	0.0	0.0	0.0	0.0	0.0	0.0	0.0	0.0	0.0	0.0	0.0	0.0	0.0	0.0	0.0	0.0	255.0	231.0	224.0	226.0	225.0	223.0	222.0	215.0	237.0	204.0	0.0	0.0	0.0	0.0	0.0	0.0	0.0	0.0	0.0	0.0	0.0	0.0	0.0	0.0	0.0	0.0	0.0	50.0	255.0	221.0	228.0	227.0	227.0	224.0	224.0	222.0	221.0	251.0	0.0	0.0	0.0	0.0	0.0	0.0	0.0	0.0	0.0	0.0	0.0	0.0	0.0	0.0	0.0	0.0	0.0	135.0	255.0	221.0	229.0	229.0	228.0	226.0	228.0	226.0	218.0	255.0	78.0	0.0	0.0	0.0	0.0	0.0	0.0	0.0	0.0	0.0	0.0	0.0	0.0	0.0	0.0	0.0	0.0	180.0	245.0	222.0	227.0	228.0	228.0	227.0	225.0	224.0	220.0	252.0	106.0	0.0	0.0	0.0	0.0	0.0	0.0	0.0	0.0	0.0	0.0	0.0	0.0	0.0	0.0	0.0	0.0	204.0	232.0	221.0	224.0	225.0	226.0	226.0	224.0	224.0	217.0	247.0	124.0	0.0	0.0	0.0	0.0	0.0	0.0	0.0	0.0	0.0	0.0	0.0	0.0	0.0	0.0	0.0	0.0	208.0	233.0	222.0	226.0	225.0	231.0	231.0	226.0	225.0	221.0	244.0	138.0	0.0	0.0	0.0	0.0	0.0	0.0	0.0	0.0	0.0	0.0	0.0	0.0	0.0	0.0	0.0	0.0	203.0	234.0	224.0	226.0	224.0	224.0	237.0	228.0	224.0	219.0	244.0	149.0	0.0	0.0	0.0	0.0	0.0	0.0	0.0	0.0	0.0	0.0	0.0	0.0	0.0	0.0	0.0	0.0	188.0	248.0	222.0	223.0	236.0	191.0	215.0	238.0	223.0	219.0	243.0	151.0	0.0	0.0	0.0	0.0	0.0	0.0	0.0	0.0	0.0	0.0	0.0	0.0	0.0	0.0	0.0	0.0	115.0	255.0	221.0	221.0	250.0	161.0	186.0	252.0	220.0	217.0	255.0	113.0	0.0	0.0	0.0	0.0	0.0	0.0	0.0	0.0	0.0	0.0	0.0	0.0	0.0	0.0	0.0	0.0	17.0	255.0	225.0	219.0	255.0	105.0	131.0	255.0	213.0	221.0	255.0	46.0	0.0	0.0	0.0	0.0	0.0	0.0	0.0	0.0	0.0	0.0	0.0	0.0	0.0	0.0	0.0	0.0	0.0	240.0	231.0	214.0	255.0	69.0	76.0	255.0	214.0	228.0	250.0	0.0	0.0	0.0	0.0	0.0	0.0	0.0	0.0	0.0	0.0	0.0	0.0	0.0	0.0	0.0	0.0	0.0	0.0	186.0	238.0	218.0	255.0	26.0	34.0	255.0	219.0	229.0	200.0	0.0	0.0	0.0	0.0	0.0	0.0	0.0	0.0	0.0	0.0	0.0	0.0	0.0	0.0	0.0	0.0	0.0	0.0	128.0	243.0	218.0	255.0	11.0	24.0	255.0	222.0	232.0	141.0	0.0	0.0	0.0	0.0	0.0	0.0	0.0	0.0	0.0	0.0	0.0	0.0	0.0	0.0	0.0	0.0	0.0	0.0	111.0	244.0	219.0	255.0	5.0	15.0	255.0	221.0	237.0	119.0	0.0	0.0	0.0	0.0	0.0	0.0	0.0	0.0	0.0	0.0	0.0	0.0	0.0	0.0	0.0	0.0	0.0	0.0	114.0	243.0	222.0	255.0	0.0	0.0	255.0	225.0	238.0	124.0	0.0	0.0	0.0	0.0	0.0	0.0	0.0	0.0	0.0	0.0	0.0	0.0	0.0	0.0	0.0	0.0	0.0	0.0	151.0	241.0	228.0	232.0	0.0	0.0	238.0	232.0	235.0	153.0	0.0	0.0	0.0	0.0	0.0	0.0	0.0	0.0	0.0	0.0	0.0	0.0	0.0	0.0	0.0	0.0	0.0	0.0	203.0	235.0	235.0	192.0	0.0	0.0	201.0	236.0	234.0	187.0	0.0	0.0	0.0	0.0	0.0	0.0	0.0	0.0	0.0	0.0	0.0	0.0	0.0	0.0	0.0	0.0	0.0	0.0	217.0	232.0	240.0	147.0	0.0	0.0	177.0	241.0	231.0	202.0	0.0	0.0	0.0	0.0	0.0	0.0	0.0	0.0	0.0	0.0	0.0	0.0	0.0	0.0	0.0	0.0	0.0	0.0	227.0	233.0	239.0	124.0	0.0	0.0	158.0	243.0	232.0	205.0	0.0	0.0	0.0	0.0	0.0	0.0	0.0	0.0	0.0	0.0	0.0	0.0	0.0	0.0	0.0	0.0	0.0	0.0	221.0	233.0	238.0	64.0	0.0	0.0	120.0	243.0	235.0	197.0	0.0	0.0	0.0	0.0	0.0	0.0	0.0	0.0	0.0	0.0	0.0	0.0	0.0	0.0	0.0	0.0	0.0	0.0	202.0	240.0	221.0	0.0	0.0	0.0	38.0	237.0	239.0	158.0	0.0	0.0	0.0	0.0	0.0	0.0	0.0	0.0	0.0	0.0	0.0	0.0	0.0	0.0	0.0	0.0	0.0	0.0	184.0	246.0	192.0	0.0	0.0	0.0	18.0	230.0	240.0	120.0	0.0	0.0	0.0	0.0	0.0	0.0	0.0	0.0	0.0	0.0	0.0	0.0	0.0	0.0	0.0	0.0	0.0	0.0	177.0	248.0	172.0	0.0	0.0	0.0	0.0	220.0	239.0	124.0	0.0	0.0	0.0	0.0	0.0	0.0	0.0	0.0	0.0	0.0	0.0	0.0	0.0	0.0	0.0	0.0	0.0	30.0	194.0	245.0	179.0	0.0	2.0	0.0	0.0	209.0	245.0	227.0	43.0	0.0	0.0	0.0	0.0	0.0	0.0	0.0	0.0	0.0	0.0	0.0	0.0	0.0	0.0	0.0	0.0	0.0	40.0	16.0	2.0	0.0	0.0	0.0	0.0	21.0	35.0	29.0	9.0	0.0	0.0	0.0	0.0	0.0	0.0	0.0	0.0
0.0	0.0	0.0	0.0	0.0	0.0	0.0	1.0	0.0	0.0	0.0	53.0	168.0	255.0	245.0	149.0	55.0	0.0	0.0	0.0	3.0	0.0	0.0	0.0	0.0	0.0	0.0	0.0	0.0	0.0	0.0	0.0	0.0	0.0	0.0	0.0	0.0	90.0	138.0	199.0	218.0	172.0	151.0	247.0	180.0	147.0	84.0	0.0	0.0	0.0	0.0	0.0	0.0	0.0	0.0	0.0	0.0	0.0	0.0	0.0	0.0	0.0	0.0	0.0	130.0	151.0	134.0	141.0	9.0	0.0	0.0	0.0	116.0	126.0	141.0	118.0	0.0	0.0	0.0	0.0	0.0	0.0	0.0	0.0	0.0	0.0	0.0	0.0	0.0	0.0	0.0	46.0	147.0	122.0	128.0	149.0	0.0	0.0	0.0	0.0	118.0	120.0	111.0	113.0	32.0	0.0	0.0	0.0	0.0	0.0	0.0	0.0	0.0	0.0	0.0	0.0	0.0	0.0	0.0	130.0	147.0	134.0	126.0	157.0	21.0	0.0	0.0	0.0	138.0	115.0	105.0	147.0	93.0	0.0	0.0	0.0	0.0	0.0	0.0	0.0	0.0	0.0	0.0	0.0	0.0	0.0	0.0	44.0	147.0	151.0	130.0	161.0	63.0	0.0	0.0	23.0	147.0	105.0	109.0	109.0	44.0	0.0	0.0	0.0	0.0	0.0	0.0	0.0	0.0	0.0	0.0	0.0	0.0	0.0	0.0	0.0	0.0	61.0	149.0	128.0	115.0	0.0	0.0	103.0	113.0	107.0	76.0	0.0	0.0	0.0	0.0	0.0	0.0	0.0	0.0	0.0	0.0	0.0	0.0	0.0	0.0	0.0	0.0	0.0	0.0	28.0	143.0	115.0	116.0	95.0	97.0	126.0	97.0	115.0	42.0	0.0	5.0	0.0	0.0	0.0	0.0	0.0	0.0	0.0	0.0	0.0	0.0	0.0	0.0	0.0	0.0	0.0	0.0	0.0	145.0	132.0	120.0	107.0	115.0	122.0	138.0	128.0	19.0	0.0	1.0	0.0	0.0	0.0	0.0	0.0	0.0	0.0	0.0	0.0	0.0	0.0	0.0	0.0	0.0	0.0	1.0	0.0	118.0	139.0	115.0	107.0	97.0	99.0	124.0	113.0	1.0	0.0	1.0	0.0	0.0	0.0	0.0	0.0	0.0	0.0	0.0	0.0	0.0	0.0	0.0	0.0	0.0	0.0	0.0	0.0	107.0	138.0	111.0	105.0	105.0	103.0	116.0	103.0	0.0	0.0	1.0	0.0	0.0	0.0	0.0	0.0	0.0	0.0	0.0	0.0	0.0	0.0	0.0	0.0	0.0	0.0	1.0	0.0	103.0	139.0	115.0	107.0	109.0	105.0	111.0	95.0	0.0	0.0	1.0	0.0	0.0	0.0	0.0	0.0	0.0	0.0	0.0	0.0	0.0	0.0	0.0	0.0	0.0	0.0	0.0	0.0	116.0	128.0	113.0	107.0	105.0	103.0	109.0	105.0	0.0	0.0	1.0	0.0	0.0	0.0	0.0	0.0	0.0	0.0	0.0	0.0	0.0	0.0	0.0	0.0	0.0	1.0	0.0	24.0	138.0	107.0	107.0	103.0	99.0	99.0	95.0	122.0	40.0	0.0	1.0	0.0	0.0	0.0	0.0	0.0	0.0	0.0	0.0	0.0	0.0	0.0	0.0	0.0	0.0	1.0	0.0	67.0	130.0	99.0	105.0	105.0	99.0	95.0	88.0	109.0	80.0	0.0	0.0	0.0	0.0	0.0	0.0	0.0	0.0	0.0	0.0	0.0	0.0	0.0	0.0	0.0	0.0	0.0	0.0	99.0	115.0	101.0	105.0	111.0	109.0	103.0	92.0	95.0	101.0	0.0	0.0	0.0	0.0	0.0	0.0	0.0	0.0	0.0	0.0	0.0	0.0	0.0	0.0	0.0	0.0	0.0	0.0	107.0	116.0	103.0	109.0	115.0	115.0	107.0	97.0	99.0	109.0	3.0	0.0	0.0	0.0	0.0	0.0	0.0	0.0	0.0	0.0	0.0	0.0	0.0	0.0	0.0	0.0	0.0	0.0	113.0	111.0	99.0	105.0	111.0	113.0	109.0	101.0	101.0	109.0	3.0	0.0	0.0	0.0	0.0	0.0	0.0	0.0	0.0	0.0	0.0	0.0	0.0	0.0	0.0	0.0	0.0	0.0	122.0	101.0	97.0	103.0	107.0	107.0	105.0	99.0	101.0	116.0	11.0	0.0	0.0	0.0	0.0	0.0	0.0	0.0	0.0	0.0	0.0	0.0	0.0	0.0	0.0	0.0	0.0	0.0	122.0	101.0	99.0	105.0	107.0	103.0	101.0	93.0	93.0	118.0	13.0	0.0	0.0	0.0	0.0	0.0	0.0	0.0	0.0	0.0	0.0	0.0	0.0	0.0	0.0	0.0	0.0	0.0	118.0	101.0	99.0	103.0	105.0	103.0	99.0	97.0	93.0	118.0	7.0	0.0	0.0	0.0	0.0	0.0	0.0	0.0	0.0	0.0	0.0	0.0	0.0	0.0	0.0	0.0	0.0	0.0	115.0	103.0	99.0	103.0	107.0	107.0	103.0	97.0	95.0	118.0	0.0	0.0	0.0	0.0	0.0	0.0	0.0	0.0	0.0	0.0	0.0	0.0	0.0	0.0	0.0	0.0	0.0	0.0	103.0	111.0	101.0	105.0	105.0	109.0	107.0	105.0	111.0	111.0	0.0	0.0	0.0	0.0	0.0	0.0	0.0	0.0	0.0	0.0	0.0	0.0	0.0	0.0	0.0	0.0	1.0	0.0	82.0	130.0	107.0	115.0	115.0	115.0	115.0	107.0	122.0	103.0	0.0	1.0	0.0	0.0	0.0	0.0	0.0	0.0	0.0	0.0	0.0	0.0	0.0	0.0	0.0	0.0	3.0	0.0	67.0	141.0	113.0	124.0	122.0	120.0	118.0	113.0	134.0	95.0	0.0	1.0	0.0	0.0	0.0	0.0	0.0	0.0	0.0	0.0	0.0	0.0	0.0	0.0	0.0	0.0	1.0	0.0	44.0	134.0	124.0	124.0	118.0	122.0	124.0	116.0	138.0	72.0	0.0	3.0	0.0	0.0	0.0	0.0	0.0	0.0	0.0	0.0	0.0	0.0	0.0	0.0	0.0	0.0	3.0	0.0	42.0	187.0	143.0	138.0	120.0	126.0	126.0	124.0	180.0	69.0	0.0	3.0	0.0	0.0	0.0	0.0	0.0	0.0	0.0	0.0	0.0	0.0	0.0	0.0	0.0	0.0	1.0	0.0	13.0	99.0	70.0	67.0	49.0	53.0	57.0	59.0	93.0	28.0	0.0	1.0	0.0	0.0	0.0	0.0	0.0	0.0	0.0
0.0	0.0	0.0	0.0	0.0	0.0	0.0	0.0	0.0	0.0	0.0	0.0	0.0	0.0	0.0	0.0	0.0	0.0	0.0	0.0	0.0	0.0	0.0	0.0	0.0	0.0	0.0	0.0	0.0	0.0	0.0	0.0	0.0	0.0	0.0	0.0	0.0	0.0	0.0	0.0	0.0	0.0	0.0	0.0	0.0	0.0	0.0	0.0	0.0	0.0	0.0	0.0	0.0	0.0	0.0	0.0	0.0	0.0	0.0	0.0	0.0	0.0	0.0	0.0	0.0	0.0	0.0	0.0	0.0	0.0	0.0	0.0	0.0	0.0	0.0	0.0	0.0	0.0	0.0	0.0	0.0	0.0	0.0	0.0	0.0	0.0	0.0	0.0	0.0	0.0	0.0	0.0	0.0	0.0	0.0	0.0	0.0	0.0	0.0	0.0	0.0	0.0	0.0	0.0	0.0	0.0	0.0	0.0	0.0	0.0	0.0	0.0	0.0	0.0	0.0	0.0	0.0	0.0	0.0	0.0	0.0	0.0	0.0	0.0	0.0	0.0	0.0	30.0	66.0	131.0	126.0	48.0	108.0	131.0	61.0	87.0	0.0	0.0	0.0	0.0	0.0	0.0	0.0	0.0	0.0	0.0	0.0	0.0	0.0	0.0	0.0	0.0	72.0	224.0	136.0	175.0	149.0	100.0	151.0	118.0	10.0	41.0	72.0	213.0	33.0	0.0	2.0	0.0	0.0	0.0	0.0	0.0	0.0	0.0	0.0	0.0	0.0	2.0	2.0	0.0	72.0	151.0	20.0	0.0	0.0	0.0	54.0	123.0	0.0	28.0	121.0	72.0	0.0	0.0	0.0	0.0	0.0	0.0	0.0	0.0	0.0	0.0	0.0	0.0	0.0	5.0	0.0	0.0	0.0	0.0	0.0	0.0	0.0	0.0	15.0	172.0	108.0	177.0	242.0	0.0	0.0	0.0	2.0	0.0	0.0	0.0	0.0	0.0	0.0	0.0	0.0	0.0	0.0	2.0	0.0	0.0	2.0	0.0	2.0	0.0	0.0	82.0	170.0	190.0	72.0	188.0	92.0	0.0	0.0	0.0	0.0	0.0	0.0	0.0	0.0	0.0	0.0	0.0	0.0	0.0	0.0	2.0	0.0	0.0	5.0	0.0	0.0	41.0	185.0	170.0	12.0	61.0	185.0	200.0	0.0	0.0	0.0	15.0	25.0	0.0	0.0	0.0	0.0	0.0	0.0	0.0	0.0	0.0	0.0	0.0	0.0	2.0	0.0	0.0	136.0	188.0	54.0	0.0	0.0	2.0	203.0	0.0	0.0	25.0	46.0	100.0	159.0	64.0	0.0	0.0	0.0	0.0	0.0	0.0	0.0	0.0	0.0	0.0	0.0	0.0	54.0	185.0	100.0	0.0	0.0	0.0	0.0	30.0	188.0	33.0	59.0	97.0	105.0	136.0	144.0	54.0	0.0	0.0	0.0	0.0	0.0	0.0	0.0	0.0	0.0	12.0	0.0	79.0	177.0	12.0	0.0	0.0	0.0	5.0	0.0	18.0	144.0	82.0	90.0	159.0	149.0	144.0	146.0	0.0	0.0	0.0	0.0	0.0	0.0	0.0	0.0	0.0	2.0	0.0	48.0	146.0	0.0	0.0	2.0	0.0	0.0	0.0	0.0	108.0	108.0	154.0	255.0	188.0	149.0	133.0	121.0	0.0	0.0	0.0	0.0	0.0	0.0	0.0	0.0	0.0	0.0	0.0	113.0	2.0	0.0	2.0	0.0	0.0	0.0	0.0	146.0	172.0	190.0	136.0	2.0	0.0	54.0	170.0	97.0	0.0	0.0	0.0	0.0	0.0	0.0	0.0	0.0	2.0	0.0	56.0	56.0	0.0	5.0	2.0	0.0	0.0	0.0	69.0	133.0	236.0	131.0	0.0	0.0	0.0	25.0	180.0	72.0	0.0	0.0	0.0	0.0	0.0	0.0	2.0	0.0	0.0	0.0	77.0	0.0	0.0	0.0	2.0	0.0	0.0	30.0	85.0	236.0	126.0	0.0	0.0	2.0	0.0	33.0	180.0	33.0	0.0	0.0	0.0	0.0	0.0	0.0	0.0	23.0	7.0	72.0	66.0	0.0	2.0	2.0	0.0	0.0	18.0	51.0	206.0	149.0	0.0	5.0	0.0	2.0	0.0	28.0	188.0	25.0	0.0	0.0	0.0	2.0	0.0	5.0	59.0	59.0	51.0	154.0	41.0	0.0	2.0	0.0	0.0	5.0	87.0	151.0	208.0	0.0	0.0	0.0	0.0	2.0	0.0	33.0	185.0	18.0	0.0	0.0	0.0	0.0	0.0	0.0	229.0	23.0	41.0	92.0	30.0	0.0	0.0	0.0	0.0	61.0	92.0	213.0	25.0	0.0	5.0	0.0	0.0	0.0	0.0	38.0	188.0	10.0	0.0	0.0	0.0	0.0	5.0	0.0	255.0	229.0	33.0	115.0	43.0	0.0	23.0	28.0	64.0	12.0	193.0	172.0	0.0	2.0	0.0	0.0	0.0	2.0	0.0	43.0	190.0	2.0	0.0	25.0	79.0	25.0	20.0	20.0	51.0	157.0	90.0	95.0	136.0	100.0	64.0	51.0	5.0	162.0	188.0	0.0	0.0	0.0	0.0	0.0	0.0	2.0	0.0	30.0	177.0	2.0	0.0	38.0	175.0	206.0	206.0	167.0	113.0	95.0	144.0	131.0	133.0	90.0	43.0	115.0	244.0	249.0	0.0	0.0	0.0	0.0	0.0	0.0	0.0	5.0	0.0	61.0	224.0	0.0	0.0	0.0	0.0	0.0	38.0	95.0	121.0	141.0	157.0	170.0	213.0	203.0	218.0	193.0	95.0	0.0	0.0	2.0	0.0	0.0	0.0	0.0	0.0	5.0	0.0	38.0	208.0	0.0	0.0	0.0	0.0	0.0	0.0	0.0	0.0	0.0	0.0	0.0	0.0	0.0	0.0	0.0	0.0	0.0	0.0	0.0	0.0	0.0	0.0	0.0	0.0	0.0	0.0	0.0	0.0	0.0	0.0	0.0	0.0	0.0	0.0	0.0	0.0	0.0	0.0	0.0	0.0	0.0	0.0	0.0	0.0	0.0	0.0	0.0	0.0	0.0	0.0	0.0	0.0	0.0	0.0	0.0	0.0	0.0	0.0	0.0	0.0	0.0	0.0	0.0	0.0	0.0	0.0	0.0	0.0	0.0	0.0	0.0	0.0	0.0	0.0	0.0	0.0	0.0	0.0	0.0	0.0	0.0	0.0	0.0	0.0	0.0	0.0	0.0	0.0	0.0	0.0	0.0	0.0	0.0	0.0	0.0	0.0	0.0	0.0	0.0	0.0	0.0	0.0	0.0	0.0	0.0	0.0	0.0	0.0	0.0	0.0	0.0	0.0	0.0	0.0
0.0	0.0	0.0	0.0	0.0	0.0	0.0	0.0	0.0	0.0	0.0	0.0	0.0	0.0	0.0	0.0	0.0	0.0	0.0	0.0	0.0	0.0	0.0	0.0	0.0	0.0	0.0	0.0	0.0	0.0	0.0	0.0	0.0	0.0	0.0	0.0	0.0	0.0	0.0	0.0	0.0	0.0	0.0	0.0	0.0	0.0	0.0	0.0	0.0	0.0	0.0	0.0	0.0	0.0	0.0	0.0	0.0	0.0	0.0	0.0	0.0	0.0	0.0	0.0	0.0	0.0	0.0	0.0	0.0	0.0	0.0	0.0	0.0	0.0	0.0	0.0	0.0	0.0	0.0	0.0	0.0	0.0	0.0	0.0	0.0	0.0	0.0	0.0	0.0	0.0	0.0	0.0	0.0	0.0	0.0	0.0	0.0	0.0	0.0	0.0	0.0	0.0	0.0	0.0	0.0	0.0	0.0	0.0	0.0	0.0	0.0	0.0	0.0	0.0	0.0	0.0	0.0	0.0	0.0	0.0	0.0	0.0	0.0	0.0	0.0	0.0	0.0	0.0	0.0	0.0	0.0	0.0	0.0	0.0	0.0	0.0	0.0	0.0	0.0	0.0	0.0	0.0	0.0	0.0	0.0	0.0	0.0	0.0	0.0	0.0	0.0	0.0	0.0	0.0	0.0	0.0	0.0	0.0	0.0	0.0	0.0	0.0	0.0	0.0	0.0	0.0	0.0	0.0	0.0	0.0	0.0	0.0	0.0	0.0	0.0	0.0	0.0	0.0	0.0	0.0	0.0	0.0	0.0	0.0	0.0	0.0	0.0	0.0	0.0	0.0	0.0	0.0	0.0	0.0	0.0	0.0	0.0	0.0	0.0	0.0	0.0	0.0	0.0	0.0	0.0	0.0	0.0	0.0	0.0	0.0	0.0	0.0	0.0	0.0	0.0	0.0	0.0	0.0	0.0	0.0	0.0	0.0	0.0	0.0	0.0	0.0	0.0	0.0	0.0	0.0	0.0	0.0	0.0	0.0	0.0	0.0	0.0	0.0	0.0	0.0	0.0	0.0	0.0	0.0	0.0	0.0	0.0	0.0	0.0	0.0	0.0	0.0	0.0	0.0	0.0	0.0	0.0	0.0	0.0	0.0	2.0	4.0	6.0	0.0	0.0	0.0	0.0	82.0	123.0	99.0	162.0	0.0	0.0	2.0	0.0	0.0	172.0	187.0	0.0	0.0	0.0	0.0	0.0	0.0	0.0	0.0	1.0	3.0	0.0	0.0	0.0	0.0	6.0	156.0	217.0	207.0	201.0	197.0	222.0	74.0	0.0	0.0	0.0	141.0	207.0	218.0	85.0	0.0	0.0	0.0	4.0	6.0	7.0	7.0	0.0	0.0	0.0	20.0	116.0	179.0	200.0	195.0	193.0	184.0	183.0	187.0	183.0	211.0	225.0	156.0	188.0	207.0	181.0	190.0	175.0	0.0	5.0	5.0	0.0	0.0	0.0	0.0	0.0	57.0	196.0	207.0	206.0	189.0	180.0	185.0	197.0	196.0	184.0	212.0	201.0	180.0	187.0	202.0	197.0	186.0	171.0	167.0	217.0	0.0	0.0	0.0	14.0	40.0	62.0	115.0	169.0	208.0	206.0	179.0	197.0	207.0	187.0	205.0	175.0	193.0	195.0	184.0	198.0	202.0	176.0	169.0	186.0	181.0	167.0	155.0	234.0	41.0	12.0	161.0	198.0	208.0	232.0	236.0	227.0	213.0	212.0	205.0	198.0	194.0	183.0	177.0	197.0	185.0	194.0	194.0	181.0	194.0	206.0	194.0	179.0	190.0	164.0	128.0	221.0	89.0	144.0	214.0	189.0	187.0	189.0	193.0	192.0	192.0	188.0	196.0	211.0	195.0	183.0	176.0	181.0	190.0	177.0	190.0	209.0	192.0	177.0	210.0	184.0	155.0	182.0	149.0	184.0	131.0	159.0	213.0	187.0	192.0	186.0	185.0	192.0	192.0	193.0	189.0	189.0	195.0	198.0	223.0	171.0	211.0	222.0	174.0	193.0	216.0	193.0	187.0	211.0	225.0	182.0	185.0	178.0	122.0	38.0	180.0	214.0	206.0	204.0	202.0	191.0	181.0	177.0	167.0	165.0	177.0	182.0	214.0	226.0	202.0	220.0	228.0	201.0	206.0	221.0	224.0	196.0	200.0	195.0	155.0	159.0	102.0	0.0	0.0	61.0	150.0	210.0	195.0	208.0	241.0	231.0	207.0	200.0	191.0	184.0	195.0	244.0	245.0	245.0	255.0	252.0	218.0	183.0	161.0	160.0	149.0	163.0	201.0	226.0	16.0	0.0	0.0	0.0	0.0	0.0	0.0	36.0	48.0	87.0	135.0	148.0	149.0	145.0	136.0	73.0	32.0	19.0	3.0	33.0	70.0	134.0	173.0	156.0	142.0	104.0	70.0	6.0	0.0	0.0	0.0	0.0	0.0	0.0	0.0	0.0	0.0	0.0	0.0	0.0	0.0	0.0	0.0	0.0	0.0	0.0	0.0	0.0	0.0	0.0	0.0	0.0	0.0	0.0	0.0	0.0	0.0	0.0	0.0	0.0	0.0	0.0	0.0	0.0	0.0	0.0	0.0	0.0	0.0	0.0	0.0	0.0	0.0	0.0	0.0	0.0	0.0	0.0	0.0	0.0	0.0	0.0	0.0	0.0	0.0	0.0	0.0	0.0	0.0	0.0	0.0	0.0	0.0	0.0	0.0	0.0	0.0	0.0	0.0	0.0	0.0	0.0	0.0	0.0	0.0	0.0	0.0	0.0	0.0	0.0	0.0	0.0	0.0	0.0	0.0	0.0	0.0	0.0	0.0	0.0	0.0	0.0	0.0	0.0	0.0	0.0	0.0	0.0	0.0	0.0	0.0	0.0	0.0	0.0	0.0	0.0	0.0	0.0	0.0	0.0	0.0	0.0	0.0	0.0	0.0	0.0	0.0	0.0	0.0	0.0	0.0	0.0	0.0	0.0	0.0	0.0	0.0	0.0	0.0	0.0	0.0	0.0	0.0	0.0	0.0	0.0	0.0	0.0	0.0	0.0	0.0	0.0	0.0	0.0	0.0	0.0	0.0	0.0	0.0	0.0	0.0	0.0	0.0	0.0	0.0	0.0	0.0	0.0	0.0	0.0	0.0	0.0	0.0	0.0	0.0	0.0	0.0	0.0	0.0	0.0	0.0	0.0	0.0	0.0	0.0	0.0	0.0	0.0	0.0	0.0	0.0	0.0	0.0	0.0	0.0	0.0	0.0	0.0	0.0	0.0	0.0	0.0	0.0	0.0	0.0	0.0	0.0	0.0	0.0	0.0	0.0	0.0	0.0	0.0	0.0	0.0	0.0	0.0	0.0	0.0	0.0	0.0	0.0	0.0	0.0	0.0	0.0	0.0	0.0	0.0	0.0	0.0	0.0
0.0	0.0	0.0	0.0	0.0	0.0	0.0	0.0	0.0	0.0	0.0	0.0	0.0	0.0	0.0	0.0	0.0	0.0	0.0	0.0	0.0	0.0	0.0	0.0	0.0	0.0	0.0	0.0	0.0	0.0	0.0	0.0	0.0	0.0	0.0	0.0	0.0	0.0	0.0	0.0	0.0	0.0	0.0	0.0	0.0	0.0	0.0	0.0	0.0	0.0	0.0	0.0	0.0	0.0	0.0	0.0	0.0	0.0	0.0	0.0	0.0	0.0	0.0	0.0	0.0	0.0	0.0	0.0	0.0	3.0	3.0	2.0	1.0	0.0	0.0	0.0	0.0	0.0	16.0	110.0	151.0	193.0	82.0	0.0	0.0	0.0	0.0	0.0	0.0	0.0	0.0	0.0	0.0	0.0	1.0	0.0	0.0	0.0	0.0	0.0	0.0	5.0	0.0	0.0	49.0	199.0	255.0	255.0	208.0	217.0	156.0	0.0	0.0	0.0	0.0	0.0	0.0	0.0	0.0	0.0	0.0	0.0	0.0	0.0	0.0	58.0	137.0	81.0	0.0	0.0	0.0	157.0	242.0	230.0	221.0	219.0	214.0	228.0	137.0	0.0	0.0	0.0	0.0	0.0	0.0	0.0	0.0	0.0	0.0	0.0	5.0	0.0	43.0	193.0	207.0	222.0	165.0	0.0	200.0	243.0	221.0	227.0	236.0	236.0	225.0	235.0	96.0	0.0	0.0	0.0	0.0	0.0	0.0	0.0	0.0	0.0	0.0	0.0	7.0	0.0	45.0	230.0	219.0	207.0	229.0	212.0	235.0	221.0	247.0	239.0	235.0	229.0	223.0	235.0	105.0	0.0	0.0	0.0	0.0	0.0	0.0	0.0	0.0	0.0	0.0	1.0	2.0	0.0	19.0	223.0	234.0	234.0	232.0	212.0	197.0	216.0	238.0	229.0	233.0	230.0	223.0	234.0	115.0	0.0	0.0	0.0	0.0	0.0	0.0	0.0	0.0	0.0	0.0	0.0	3.0	0.0	22.0	222.0	227.0	234.0	241.0	199.0	214.0	218.0	238.0	239.0	231.0	233.0	221.0	234.0	129.0	0.0	0.0	0.0	0.0	0.0	0.0	0.0	0.0	0.0	0.0	0.0	2.0	0.0	16.0	255.0	223.0	232.0	241.0	210.0	216.0	223.0	234.0	236.0	230.0	233.0	222.0	234.0	132.0	0.0	0.0	0.0	0.0	0.0	0.0	0.0	0.0	0.0	0.0	0.0	2.0	0.0	12.0	254.0	219.0	223.0	234.0	201.0	201.0	216.0	228.0	239.0	230.0	233.0	217.0	234.0	137.0	0.0	0.0	0.0	0.0	0.0	0.0	0.0	0.0	0.0	0.0	0.0	4.0	0.0	9.0	255.0	223.0	223.0	231.0	207.0	210.0	223.0	227.0	238.0	229.0	233.0	218.0	232.0	158.0	0.0	0.0	0.0	0.0	0.0	0.0	0.0	0.0	0.0	0.0	0.0	4.0	0.0	0.0	255.0	231.0	235.0	242.0	203.0	214.0	230.0	231.0	237.0	229.0	232.0	218.0	232.0	143.0	0.0	0.0	0.0	0.0	0.0	0.0	0.0	0.0	0.0	0.0	0.0	0.0	0.0	0.0	215.0	235.0	215.0	229.0	202.0	222.0	219.0	216.0	238.0	232.0	229.0	216.0	234.0	126.0	0.0	0.0	0.0	0.0	0.0	0.0	0.0	0.0	0.0	0.0	0.0	0.0	1.0	0.0	62.0	255.0	212.0	224.0	197.0	215.0	215.0	218.0	241.0	232.0	228.0	219.0	233.0	182.0	0.0	0.0	0.0	0.0	0.0	0.0	0.0	0.0	0.0	0.0	1.0	0.0	0.0	0.0	194.0	248.0	226.0	227.0	221.0	216.0	212.0	223.0	239.0	227.0	228.0	226.0	229.0	231.0	0.0	0.0	0.0	0.0	0.0	0.0	4.0	3.0	0.0	0.0	0.0	0.0	11.0	114.0	242.0	238.0	250.0	234.0	229.0	214.0	219.0	228.0	231.0	229.0	229.0	228.0	227.0	255.0	7.0	0.0	0.0	3.0	3.0	0.0	0.0	0.0	0.0	0.0	66.0	172.0	254.0	255.0	214.0	199.0	234.0	243.0	213.0	221.0	222.0	227.0	234.0	233.0	230.0	229.0	232.0	255.0	12.0	0.0	0.0	0.0	0.0	0.0	17.0	64.0	127.0	205.0	255.0	221.0	217.0	212.0	242.0	253.0	242.0	219.0	197.0	219.0	229.0	235.0	234.0	233.0	232.0	232.0	240.0	232.0	0.0	0.0	0.0	0.0	64.0	190.0	241.0	255.0	240.0	222.0	193.0	190.0	202.0	213.0	216.0	230.0	232.0	211.0	204.0	222.0	229.0	237.0	240.0	236.0	235.0	232.0	243.0	203.0	0.0	0.0	81.0	213.0	181.0	193.0	183.0	153.0	166.0	182.0	182.0	173.0	180.0	186.0	198.0	181.0	192.0	220.0	227.0	211.0	239.0	244.0	236.0	241.0	238.0	236.0	237.0	255.0	13.0	0.0	160.0	208.0	196.0	219.0	213.0	195.0	226.0	225.0	233.0	244.0	223.0	226.0	243.0	224.0	234.0	238.0	216.0	229.0	244.0	236.0	237.0	236.0	236.0	237.0	234.0	255.0	43.0	0.0	202.0	205.0	207.0	207.0	204.0	193.0	215.0	214.0	214.0	218.0	228.0	229.0	223.0	229.0	233.0	238.0	248.0	247.0	241.0	243.0	244.0	242.0	240.0	242.0	237.0	255.0	19.0	0.0	210.0	225.0	220.0	237.0	237.0	237.0	242.0	241.0	242.0	242.0	236.0	238.0	240.0	235.0	239.0	242.0	236.0	228.0	230.0	237.0	232.0	233.0	232.0	230.0	225.0	255.0	72.0	108.0	216.0	197.0	203.0	194.0	198.0	203.0	207.0	213.0	210.0	217.0	216.0	214.0	213.0	220.0	212.0	210.0	218.0	216.0	214.0	216.0	214.0	214.0	212.0	214.0	216.0	254.0	35.0	91.0	255.0	223.0	255.0	255.0	255.0	255.0	246.0	241.0	245.0	247.0	252.0	255.0	254.0	255.0	255.0	255.0	255.0	255.0	255.0	255.0	255.0	255.0	254.0	250.0	234.0	255.0	4.0	0.0	13.0	57.0	98.0	102.0	104.0	138.0	165.0	173.0	166.0	169.0	154.0	140.0	134.0	136.0	134.0	111.0	109.0	107.0	113.0	115.0	126.0	135.0	173.0	155.0	149.0	155.0	0.0	0.0	0.0	0.0	0.0	0.0	0.0	0.0	0.0	0.0	0.0	0.0	0.0	0.0	0.0	0.0	0.0	0.0	0.0	0.0	0.0	0.0	0.0	0.0	0.0	0.0	0.0	0.0	0.0
0.0	0.0	0.0	0.0	0.0	0.0	0.0	0.0	0.0	0.0	0.0	0.0	0.0	0.0	0.0	0.0	0.0	0.0	0.0	0.0	0.0	0.0	0.0	0.0	0.0	0.0	0.0	0.0	0.0	0.0	0.0	0.0	0.0	0.0	0.0	0.0	0.0	0.0	0.0	0.0	0.0	0.0	0.0	0.0	0.0	0.0	0.0	0.0	0.0	0.0	0.0	0.0	0.0	0.0	0.0	0.0	0.0	0.0	0.0	0.0	0.0	0.0	0.0	0.0	0.0	0.0	0.0	0.0	0.0	0.0	0.0	0.0	0.0	0.0	0.0	0.0	0.0	0.0	0.0	0.0	0.0	0.0	0.0	0.0	0.0	0.0	0.0	0.0	0.0	0.0	0.0	0.0	0.0	0.0	0.0	0.0	0.0	0.0	0.0	0.0	0.0	0.0	0.0	0.0	0.0	0.0	0.0	0.0	0.0	0.0	0.0	0.0	0.0	0.0	0.0	0.0	0.0	0.0	0.0	0.0	0.0	0.0	0.0	0.0	0.0	0.0	0.0	0.0	0.0	0.0	0.0	0.0	0.0	0.0	0.0	0.0	0.0	0.0	0.0	0.0	0.0	0.0	0.0	0.0	0.0	0.0	0.0	0.0	0.0	0.0	0.0	0.0	0.0	0.0	0.0	0.0	0.0	0.0	0.0	0.0	0.0	0.0	0.0	0.0	0.0	0.0	0.0	0.0	0.0	0.0	0.0	0.0	0.0	0.0	0.0	0.0	0.0	0.0	0.0	0.0	0.0	0.0	0.0	0.0	0.0	28.0	26.0	0.0	2.0	0.0	0.0	0.0	0.0	0.0	0.0	0.0	0.0	0.0	0.0	0.0	0.0	0.0	2.0	2.0	0.0	0.0	0.0	0.0	0.0	0.0	2.0	7.0	2.0	96.0	124.0	0.0	0.0	0.0	0.0	0.0	39.0	0.0	0.0	0.0	0.0	0.0	0.0	0.0	2.0	2.0	2.0	0.0	0.0	2.0	0.0	0.0	15.0	54.0	18.0	2.0	137.0	156.0	83.0	0.0	0.0	0.0	0.0	49.0	119.0	78.0	0.0	0.0	0.0	0.0	0.0	2.0	2.0	0.0	0.0	0.0	0.0	0.0	0.0	0.0	62.0	39.0	135.0	182.0	161.0	101.0	158.0	143.0	10.0	0.0	0.0	117.0	78.0	114.0	26.0	0.0	0.0	0.0	0.0	0.0	0.0	0.0	0.0	2.0	7.0	15.0	26.0	18.0	65.0	145.0	187.0	117.0	124.0	83.0	93.0	169.0	161.0	98.0	80.0	145.0	65.0	117.0	132.0	0.0	0.0	0.0	0.0	2.0	0.0	0.0	2.0	15.0	13.0	46.0	78.0	166.0	109.0	44.0	62.0	111.0	202.0	145.0	145.0	148.0	101.0	96.0	122.0	166.0	124.0	135.0	148.0	0.0	0.0	2.0	0.0	0.0	0.0	33.0	78.0	57.0	75.0	132.0	46.0	101.0	80.0	96.0	150.0	111.0	88.0	117.0	150.0	124.0	153.0	171.0	145.0	98.0	124.0	137.0	145.0	26.0	0.0	0.0	0.0	26.0	54.0	59.0	62.0	41.0	65.0	153.0	10.0	23.0	96.0	101.0	59.0	67.0	75.0	111.0	192.0	148.0	132.0	156.0	182.0	119.0	104.0	122.0	174.0	28.0	0.0	13.0	39.0	23.0	31.0	26.0	59.0	124.0	114.0	117.0	171.0	124.0	106.0	85.0	65.0	83.0	75.0	101.0	109.0	137.0	137.0	143.0	150.0	132.0	153.0	114.0	156.0	26.0	59.0	106.0	80.0	62.0	70.0	39.0	18.0	67.0	106.0	72.0	96.0	135.0	163.0	202.0	200.0	187.0	163.0	158.0	145.0	145.0	137.0	153.0	150.0	156.0	137.0	93.0	163.0	18.0	93.0	78.0	78.0	98.0	91.0	127.0	96.0	15.0	46.0	91.0	52.0	122.0	114.0	62.0	109.0	163.0	205.0	195.0	205.0	202.0	195.0	197.0	176.0	153.0	106.0	106.0	150.0	0.0	96.0	98.0	62.0	39.0	18.0	26.0	91.0	104.0	101.0	137.0	80.0	132.0	182.0	197.0	148.0	98.0	88.0	135.0	143.0	145.0	176.0	210.0	221.0	179.0	158.0	158.0	158.0	0.0	91.0	127.0	143.0	145.0	140.0	132.0	140.0	166.0	171.0	143.0	143.0	145.0	156.0	187.0	210.0	215.0	187.0	200.0	208.0	189.0	208.0	255.0	244.0	163.0	140.0	91.0	72.0	15.0	0.0	62.0	101.0	124.0	156.0	161.0	169.0	187.0	200.0	195.0	189.0	184.0	169.0	163.0	163.0	182.0	187.0	148.0	124.0	104.0	114.0	119.0	91.0	36.0	44.0	36.0	49.0	67.0	0.0	0.0	2.0	7.0	20.0	10.0	15.0	15.0	36.0	62.0	62.0	54.0	72.0	52.0	36.0	62.0	52.0	33.0	46.0	59.0	65.0	52.0	57.0	83.0	85.0	96.0	91.0	65.0	0.0	0.0	0.0	0.0	13.0	15.0	26.0	13.0	31.0	39.0	44.0	46.0	65.0	67.0	70.0	54.0	85.0	98.0	80.0	91.0	88.0	88.0	91.0	93.0	72.0	57.0	39.0	5.0	0.0	0.0	0.0	0.0	0.0	0.0	0.0	0.0	0.0	0.0	0.0	0.0	0.0	0.0	0.0	0.0	0.0	0.0	0.0	0.0	0.0	0.0	0.0	0.0	0.0	0.0	0.0	0.0	0.0	0.0	0.0	0.0	0.0	0.0	0.0	0.0	0.0	0.0	0.0	0.0	0.0	0.0	0.0	0.0	0.0	0.0	0.0	0.0	0.0	0.0	0.0	0.0	0.0	0.0	0.0	0.0	0.0	0.0	0.0	0.0	0.0	0.0	0.0	0.0	0.0	0.0	0.0	0.0	0.0	0.0	0.0	0.0	0.0	0.0	0.0	0.0	0.0	0.0	0.0	0.0	0.0	0.0	0.0	0.0	0.0	0.0	0.0	0.0	0.0	0.0	0.0	0.0	0.0	0.0	0.0	0.0	0.0	0.0	0.0	0.0	0.0	0.0	0.0	0.0	0.0	0.0	0.0	0.0	0.0	0.0	0.0	0.0	0.0	0.0	0.0	0.0	0.0	0.0	0.0	0.0	0.0	0.0	0.0	0.0	0.0	0.0	0.0	0.0	0.0	0.0	0.0	0.0	0.0	0.0	0.0	0.0	0.0	0.0	0.0	0.0	0.0	0.0	0.0	0.0	0.0	0.0	0.0	0.0	0.0	0.0	0.0	0.0	0.0	0.0	0.0	0.0	0.0	0.0	0.0	0.0	0.0	0.0	0.0	0.0	0.0	0.0	0.0	0.0
0.0	0.0	0.0	0.0	0.0	0.0	0.0	0.0	1.0	0.0	50.0	254.0	196.0	194.0	202.0	185.0	178.0	194.0	181.0	0.0	0.0	0.0	0.0	0.0	0.0	0.0	0.0	0.0	0.0	0.0	0.0	0.0	0.0	0.0	0.0	0.0	0.0	0.0	122.0	247.0	227.0	241.0	253.0	237.0	215.0	219.0	240.0	0.0	0.0	0.0	0.0	0.0	0.0	0.0	0.0	0.0	0.0	0.0	0.0	0.0	0.0	0.0	0.0	0.0	0.0	0.0	248.0	224.0	218.0	213.0	221.0	212.0	198.0	192.0	238.0	96.0	0.0	0.0	0.0	0.0	0.0	0.0	0.0	0.0	0.0	0.0	0.0	0.0	0.0	0.0	0.0	0.0	0.0	15.0	255.0	210.0	217.0	205.0	224.0	195.0	201.0	199.0	223.0	129.0	0.0	0.0	0.0	0.0	0.0	0.0	0.0	0.0	0.0	0.0	0.0	0.0	0.0	0.0	0.0	0.0	0.0	93.0	238.0	200.0	211.0	202.0	226.0	193.0	200.0	201.0	218.0	124.0	0.0	0.0	0.0	0.0	0.0	0.0	0.0	0.0	0.0	0.0	0.0	0.0	0.0	0.0	0.0	0.0	0.0	179.0	230.0	204.0	201.0	218.0	220.0	202.0	202.0	198.0	220.0	119.0	0.0	0.0	0.0	0.0	0.0	0.0	0.0	0.0	0.0	0.0	0.0	0.0	0.0	0.0	0.0	0.0	0.0	239.0	218.0	206.0	202.0	215.0	212.0	213.0	204.0	199.0	222.0	98.0	0.0	0.0	0.0	0.0	0.0	0.0	0.0	0.0	0.0	0.0	0.0	0.0	0.0	0.0	0.0	0.0	4.0	254.0	211.0	200.0	213.0	205.0	207.0	214.0	210.0	201.0	226.0	85.0	0.0	0.0	0.0	0.0	0.0	0.0	0.0	0.0	0.0	0.0	0.0	0.0	0.0	0.0	0.0	0.0	38.0	254.0	204.0	202.0	215.0	197.0	218.0	215.0	217.0	200.0	226.0	78.0	0.0	0.0	0.0	0.0	0.0	0.0	0.0	0.0	0.0	0.0	0.0	0.0	0.0	0.0	0.0	0.0	78.0	253.0	196.0	210.0	205.0	198.0	229.0	225.0	220.0	199.0	230.0	56.0	0.0	0.0	0.0	0.0	0.0	0.0	0.0	0.0	0.0	0.0	0.0	0.0	0.0	0.0	0.0	0.0	107.0	253.0	193.0	215.0	197.0	202.0	253.0	230.0	217.0	202.0	231.0	9.0	0.0	0.0	0.0	0.0	0.0	0.0	0.0	0.0	0.0	0.0	0.0	0.0	0.0	0.0	0.0	0.0	132.0	252.0	198.0	207.0	203.0	205.0	171.0	253.0	209.0	210.0	221.0	0.0	0.0	0.0	0.0	0.0	0.0	0.0	0.0	0.0	0.0	0.0	0.0	0.0	0.0	0.0	0.0	0.0	139.0	251.0	200.0	196.0	248.0	88.0	46.0	255.0	212.0	210.0	210.0	0.0	0.0	0.0	0.0	0.0	0.0	0.0	0.0	0.0	0.0	0.0	0.0	0.0	0.0	0.0	0.0	0.0	134.0	251.0	195.0	204.0	247.0	0.0	39.0	255.0	211.0	213.0	202.0	0.0	0.0	0.0	0.0	0.0	0.0	0.0	0.0	0.0	0.0	0.0	0.0	0.0	0.0	0.0	0.0	0.0	126.0	250.0	190.0	240.0	149.0	0.0	4.0	255.0	215.0	215.0	189.0	0.0	0.0	0.0	0.0	0.0	0.0	0.0	0.0	0.0	0.0	0.0	0.0	0.0	0.0	0.0	0.0	0.0	129.0	247.0	199.0	250.0	40.0	0.0	0.0	254.0	218.0	216.0	177.0	0.0	0.0	0.0	0.0	0.0	0.0	0.0	0.0	0.0	0.0	0.0	0.0	0.0	0.0	0.0	0.0	0.0	171.0	235.0	209.0	247.0	1.0	0.0	0.0	239.0	225.0	218.0	168.0	0.0	0.0	0.0	0.0	0.0	0.0	0.0	0.0	0.0	0.0	0.0	0.0	0.0	0.0	0.0	0.0	0.0	139.0	251.0	216.0	229.0	0.0	0.0	0.0	211.0	231.0	220.0	154.0	0.0	0.0	0.0	0.0	0.0	0.0	0.0	0.0	0.0	0.0	0.0	0.0	0.0	0.0	0.0	0.0	0.0	109.0	252.0	220.0	208.0	0.0	0.0	0.0	194.0	234.0	222.0	140.0	0.0	0.0	0.0	0.0	0.0	0.0	0.0	0.0	0.0	0.0	0.0	0.0	0.0	0.0	0.0	0.0	0.0	115.0	235.0	220.0	224.0	0.0	0.0	0.0	181.0	240.0	224.0	135.0	0.0	0.0	0.0	0.0	0.0	0.0	0.0	0.0	0.0	0.0	0.0	0.0	0.0	0.0	0.0	0.0	0.0	80.0	238.0	220.0	247.0	0.0	0.0	0.0	182.0	240.0	225.0	116.0	0.0	0.0	0.0	0.0	0.0	0.0	0.0	0.0	0.0	0.0	0.0	0.0	0.0	0.0	0.0	0.0	0.0	24.0	230.0	219.0	226.0	24.0	0.0	0.0	192.0	235.0	224.0	77.0	0.0	0.0	0.0	0.0	0.0	0.0	0.0	0.0	0.0	0.0	0.0	0.0	0.0	0.0	0.0	0.0	0.0	0.0	247.0	224.0	231.0	39.0	0.0	0.0	185.0	238.0	223.0	53.0	0.0	0.0	0.0	0.0	0.0	0.0	0.0	0.0	0.0	0.0	0.0	0.0	0.0	0.0	0.0	0.0	0.0	0.0	184.0	233.0	233.0	55.0	0.0	0.0	183.0	238.0	219.0	30.0	0.0	0.0	0.0	0.0	0.0	0.0	0.0	0.0	0.0	0.0	0.0	0.0	0.0	0.0	0.0	0.0	0.0	0.0	120.0	239.0	231.0	65.0	0.0	0.0	189.0	239.0	214.0	6.0	0.0	0.0	0.0	0.0	0.0	0.0	0.0	0.0	0.0	0.0	0.0	0.0	0.0	0.0	0.0	0.0	0.0	0.0	70.0	238.0	233.0	99.0	0.0	0.0	201.0	239.0	213.0	0.0	0.0	0.0	0.0	0.0	0.0	0.0	0.0	0.0	0.0	0.0	0.0	0.0	0.0	0.0	0.0	0.0	0.0	0.0	18.0	234.0	243.0	127.0	0.0	0.0	199.0	245.0	199.0	0.0	0.0	0.0	0.0	0.0	0.0	0.0	0.0	0.0	0.0	0.0	0.0	0.0	0.0	0.0	0.0	0.0	0.0	0.0	0.0	179.0	222.0	88.0	0.0	0.0	120.0	227.0	141.0	0.0	0.0	0.0	0.0	0.0	0.0	0.0	0.0	0.0	0.0
0.0	0.0	0.0	0.0	0.0	0.0	0.0	0.0	0.0	0.0	0.0	0.0	0.0	0.0	0.0	0.0	0.0	0.0	0.0	0.0	0.0	0.0	0.0	0.0	0.0	0.0	0.0	0.0	0.0	0.0	0.0	0.0	0.0	0.0	0.0	0.0	0.0	0.0	0.0	0.0	0.0	0.0	0.0	0.0	0.0	0.0	0.0	0.0	0.0	0.0	0.0	0.0	0.0	0.0	0.0	0.0	0.0	0.0	0.0	0.0	0.0	0.0	0.0	0.0	0.0	0.0	0.0	0.0	0.0	0.0	0.0	0.0	0.0	0.0	0.0	0.0	0.0	0.0	0.0	0.0	0.0	0.0	0.0	0.0	0.0	0.0	0.0	0.0	0.0	0.0	0.0	0.0	0.0	0.0	0.0	0.0	0.0	0.0	0.0	0.0	0.0	0.0	0.0	0.0	0.0	0.0	0.0	0.0	0.0	0.0	0.0	0.0	0.0	0.0	0.0	0.0	0.0	0.0	0.0	0.0	0.0	0.0	0.0	0.0	0.0	0.0	0.0	0.0	0.0	0.0	0.0	0.0	0.0	0.0	0.0	0.0	0.0	0.0	0.0	0.0	0.0	0.0	0.0	0.0	0.0	0.0	0.0	0.0	0.0	0.0	0.0	0.0	0.0	0.0	0.0	0.0	0.0	0.0	0.0	0.0	0.0	0.0	0.0	0.0	0.0	0.0	0.0	0.0	0.0	0.0	0.0	0.0	0.0	0.0	0.0	0.0	0.0	0.0	0.0	0.0	0.0	0.0	0.0	0.0	0.0	0.0	0.0	0.0	0.0	0.0	0.0	0.0	0.0	0.0	0.0	0.0	0.0	0.0	0.0	0.0	0.0	0.0	0.0	0.0	0.0	0.0	0.0	0.0	0.0	0.0	0.0	0.0	0.0	0.0	0.0	0.0	0.0	0.0	0.0	0.0	0.0	0.0	0.0	0.0	0.0	0.0	0.0	0.0	0.0	0.0	0.0	0.0	0.0	0.0	0.0	0.0	0.0	0.0	0.0	0.0	0.0	0.0	0.0	0.0	0.0	0.0	0.0	0.0	0.0	0.0	0.0	0.0	0.0	0.0	0.0	0.0	0.0	0.0	0.0	0.0	0.0	0.0	0.0	0.0	0.0	0.0	0.0	0.0	1.0	61.0	7.0	0.0	1.0	0.0	0.0	0.0	1.0	4.0	3.0	0.0	0.0	0.0	0.0	0.0	0.0	0.0	0.0	0.0	0.0	0.0	1.0	0.0	0.0	0.0	13.0	104.0	135.0	178.0	81.0	0.0	3.0	1.0	2.0	2.0	1.0	0.0	0.0	0.0	0.0	0.0	0.0	0.0	0.0	0.0	0.0	0.0	1.0	0.0	0.0	0.0	0.0	87.0	163.0	174.0	158.0	127.0	174.0	0.0	0.0	0.0	0.0	0.0	0.0	57.0	36.0	0.0	1.0	1.0	0.0	0.0	0.0	1.0	2.0	0.0	0.0	0.0	2.0	52.0	153.0	137.0	137.0	116.0	165.0	170.0	157.0	204.0	61.0	0.0	0.0	55.0	162.0	221.0	221.0	0.0	0.0	0.0	2.0	3.0	2.0	0.0	0.0	0.0	20.0	98.0	130.0	168.0	129.0	181.0	156.0	156.0	241.0	146.0	171.0	174.0	237.0	241.0	234.0	218.0	215.0	208.0	195.0	8.0	2.0	0.0	0.0	0.0	0.0	0.0	17.0	87.0	149.0	149.0	155.0	139.0	176.0	140.0	215.0	255.0	224.0	184.0	162.0	186.0	165.0	182.0	186.0	182.0	177.0	173.0	201.0	63.0	0.0	0.0	7.0	32.0	68.0	110.0	147.0	126.0	128.0	148.0	137.0	129.0	138.0	164.0	154.0	185.0	200.0	225.0	197.0	156.0	190.0	181.0	189.0	180.0	171.0	177.0	186.0	90.0	1.0	99.0	112.0	112.0	117.0	118.0	116.0	111.0	138.0	144.0	119.0	127.0	133.0	157.0	164.0	189.0	204.0	214.0	215.0	192.0	174.0	181.0	189.0	189.0	186.0	190.0	193.0	137.0	45.0	157.0	157.0	159.0	157.0	155.0	155.0	157.0	158.0	177.0	193.0	202.0	208.0	214.0	224.0	204.0	220.0	225.0	225.0	215.0	214.0	204.0	205.0	187.0	184.0	177.0	178.0	116.0	0.0	13.0	17.0	45.0	50.0	61.0	83.0	89.0	82.0	76.0	69.0	72.0	71.0	62.0	57.0	57.0	59.0	54.0	41.0	36.0	17.0	10.0	6.0	0.0	0.0	0.0	0.0	1.0	0.0	3.0	8.0	0.0	0.0	0.0	0.0	0.0	0.0	0.0	2.0	0.0	0.0	1.0	0.0	0.0	0.0	0.0	1.0	5.0	12.0	14.0	20.0	23.0	26.0	30.0	33.0	22.0	0.0	0.0	0.0	0.0	0.0	0.0	0.0	0.0	0.0	0.0	0.0	0.0	0.0	0.0	0.0	0.0	0.0	0.0	0.0	0.0	0.0	0.0	0.0	0.0	0.0	0.0	0.0	0.0	0.0	0.0	0.0	0.0	0.0	0.0	0.0	0.0	0.0	0.0	0.0	0.0	0.0	0.0	0.0	0.0	0.0	0.0	0.0	0.0	0.0	0.0	0.0	0.0	0.0	0.0	0.0	0.0	0.0	0.0	0.0	0.0	0.0	0.0	0.0	0.0	0.0	0.0	0.0	0.0	0.0	0.0	0.0	0.0	0.0	0.0	0.0	0.0	0.0	0.0	0.0	0.0	0.0	0.0	0.0	0.0	0.0	0.0	0.0	0.0	0.0	0.0	0.0	0.0	0.0	0.0	0.0	0.0	0.0	0.0	0.0	0.0	0.0	0.0	0.0	0.0	0.0	0.0	0.0	0.0	0.0	0.0	0.0	0.0	0.0	0.0	0.0	0.0	0.0	0.0	0.0	0.0	0.0	0.0	0.0	0.0	0.0	0.0	0.0	0.0	0.0	0.0	0.0	0.0	0.0	0.0	0.0	0.0	0.0	0.0	0.0	0.0	0.0	0.0	0.0	0.0	0.0	0.0	0.0	0.0	0.0	0.0	0.0	0.0	0.0	0.0	0.0	0.0	0.0	0.0	0.0	0.0	0.0	0.0	0.0	0.0	0.0	0.0	0.0	0.0	0.0	0.0	0.0	0.0	0.0	0.0	0.0	0.0	0.0	0.0	0.0	0.0	0.0	0.0	0.0	0.0	0.0	0.0	0.0	0.0	0.0	0.0	0.0	0.0	0.0	0.0	0.0	0.0	0.0	0.0	0.0	0.0	0.0	0.0	0.0	0.0	0.0	0.0	0.0	0.0	0.0	0.0	0.0	0.0	0.0	0.0	0.0	0.0	0.0	0.0	0.0	0.0	0.0	0.0	0.0	0.0
0.0	0.0	0.0	0.0	0.0	0.0	0.0	0.0	0.0	7.0	0.0	24.0	96.0	65.0	71.0	77.0	94.0	106.0	102.0	93.0	92.0	94.0	87.0	75.0	63.0	30.0	0.0	0.0	0.0	0.0	0.0	0.0	0.0	0.0	0.0	0.0	0.0	11.0	0.0	94.0	245.0	237.0	255.0	255.0	255.0	255.0	255.0	255.0	255.0	255.0	255.0	236.0	233.0	254.0	10.0	0.0	0.0	0.0	0.0	0.0	0.0	0.0	0.0	0.0	0.0	8.0	0.0	66.0	210.0	219.0	228.0	225.0	227.0	226.0	227.0	218.0	216.0	221.0	220.0	217.0	215.0	202.0	0.0	0.0	0.0	0.0	0.0	0.0	0.0	0.0	0.0	0.0	0.0	5.0	0.0	103.0	217.0	214.0	233.0	237.0	243.0	243.0	243.0	240.0	234.0	234.0	227.0	214.0	220.0	167.0	0.0	0.0	0.0	0.0	0.0	0.0	0.0	0.0	0.0	0.0	0.0	2.0	0.0	0.0	212.0	218.0	227.0	237.0	239.0	239.0	238.0	240.0	240.0	235.0	217.0	206.0	217.0	131.0	0.0	0.0	0.0	0.0	0.0	0.0	0.0	0.0	0.0	0.0	0.0	0.0	0.0	0.0	217.0	214.0	222.0	240.0	239.0	238.0	237.0	236.0	239.0	230.0	212.0	204.0	249.0	97.0	0.0	0.0	0.0	0.0	0.0	0.0	0.0	0.0	0.0	0.0	0.0	1.0	0.0	0.0	214.0	214.0	219.0	242.0	238.0	239.0	240.0	232.0	235.0	226.0	213.0	205.0	255.0	80.0	0.0	1.0	0.0	0.0	0.0	0.0	0.0	0.0	0.0	0.0	0.0	3.0	0.0	0.0	209.0	211.0	221.0	237.0	238.0	239.0	237.0	233.0	234.0	227.0	212.0	209.0	230.0	118.0	0.0	0.0	0.0	0.0	0.0	0.0	0.0	0.0	0.0	0.0	0.0	3.0	0.0	0.0	208.0	210.0	218.0	236.0	237.0	238.0	239.0	231.0	228.0	223.0	218.0	211.0	228.0	176.0	0.0	0.0	0.0	0.0	0.0	0.0	0.0	0.0	0.0	0.0	0.0	2.0	0.0	0.0	209.0	206.0	216.0	236.0	237.0	237.0	230.0	227.0	229.0	226.0	221.0	211.0	219.0	251.0	20.0	0.0	0.0	0.0	0.0	0.0	0.0	0.0	0.0	0.0	0.0	2.0	0.0	0.0	215.0	199.0	216.0	237.0	240.0	238.0	233.0	229.0	223.0	215.0	199.0	166.0	193.0	231.0	139.0	0.0	0.0	0.0	0.0	0.0	0.0	0.0	0.0	0.0	0.0	2.0	0.0	9.0	220.0	196.0	222.0	238.0	237.0	237.0	233.0	227.0	202.0	155.0	86.0	90.0	186.0	223.0	220.0	0.0	0.0	0.0	0.0	0.0	0.0	0.0	0.0	0.0	0.0	5.0	0.0	32.0	221.0	195.0	236.0	237.0	233.0	233.0	236.0	232.0	217.0	185.0	122.0	139.0	210.0	217.0	238.0	30.0	0.0	0.0	0.0	0.0	0.0	0.0	0.0	0.0	0.0	7.0	0.0	69.0	219.0	202.0	239.0	234.0	236.0	240.0	238.0	228.0	223.0	221.0	234.0	247.0	235.0	210.0	242.0	72.0	0.0	0.0	0.0	0.0	0.0	0.0	0.0	0.0	0.0	0.0	0.0	133.0	218.0	215.0	235.0	234.0	237.0	240.0	219.0	210.0	238.0	223.0	222.0	237.0	216.0	208.0	250.0	76.0	0.0	0.0	0.0	0.0	0.0	1.0	0.0	0.0	0.0	0.0	0.0	189.0	208.0	222.0	235.0	240.0	240.0	227.0	227.0	243.0	236.0	215.0	194.0	193.0	196.0	196.0	230.0	14.0	0.0	0.0	0.0	0.0	0.0	0.0	0.0	0.0	3.0	0.0	63.0	225.0	195.0	234.0	234.0	241.0	229.0	226.0	238.0	227.0	200.0	178.0	179.0	199.0	219.0	212.0	233.0	0.0	0.0	0.0	0.0	0.0	0.0	0.0	0.0	1.0	0.0	0.0	172.0	214.0	211.0	232.0	241.0	230.0	227.0	234.0	217.0	193.0	183.0	226.0	237.0	226.0	206.0	206.0	217.0	0.0	0.0	0.0	0.0	0.0	0.0	0.0	0.0	3.0	0.0	62.0	229.0	191.0	241.0	237.0	229.0	223.0	235.0	220.0	195.0	186.0	255.0	135.0	224.0	225.0	200.0	210.0	204.0	0.0	0.0	0.0	0.0	0.0	1.0	3.0	1.0	0.0	0.0	208.0	203.0	229.0	228.0	220.0	228.0	229.0	225.0	201.0	179.0	255.0	132.0	0.0	255.0	233.0	220.0	212.0	194.0	0.0	0.0	0.0	3.0	7.0	0.0	0.0	0.0	0.0	157.0	204.0	205.0	215.0	214.0	231.0	237.0	236.0	219.0	181.0	255.0	207.0	0.0	0.0	255.0	232.0	218.0	216.0	175.0	0.0	0.0	1.0	0.0	0.0	0.0	20.0	67.0	185.0	214.0	175.0	234.0	255.0	252.0	240.0	232.0	235.0	196.0	219.0	246.0	0.0	0.0	29.0	255.0	233.0	218.0	219.0	153.0	0.0	0.0	0.0	0.0	118.0	172.0	191.0	205.0	153.0	116.0	27.0	12.0	129.0	210.0	230.0	238.0	225.0	205.0	255.0	0.0	0.0	0.0	48.0	245.0	233.0	217.0	220.0	127.0	0.0	0.0	0.0	171.0	205.0	185.0	153.0	52.0	0.0	60.0	21.0	46.0	153.0	200.0	223.0	235.0	204.0	233.0	102.0	0.0	7.0	0.0	65.0	250.0	232.0	215.0	220.0	105.0	0.0	0.0	59.0	215.0	210.0	219.0	227.0	220.0	237.0	232.0	237.0	245.0	246.0	225.0	224.0	212.0	230.0	191.0	0.0	0.0	2.0	0.0	93.0	246.0	229.0	211.0	220.0	77.0	0.0	0.0	141.0	233.0	232.0	234.0	226.0	234.0	239.0	237.0	235.0	229.0	228.0	229.0	228.0	240.0	197.0	0.0	0.0	0.0	1.0	0.0	125.0	255.0	233.0	218.0	225.0	72.0	0.0	0.0	0.0	28.0	82.0	135.0	177.0	190.0	200.0	210.0	223.0	238.0	248.0	236.0	211.0	98.0	0.0	0.0	2.0	0.0	5.0	0.0	154.0	224.0	196.0	185.0	245.0	68.0	0.0	0.0	0.0	0.0	0.0	0.0	0.0	0.0	0.0	0.0	0.0	0.0	0.0	0.0	0.0	0.0	0.0	0.0	0.0	0.0	1.0	0.0	0.0	0.0	0.0	0.0	0.0	0.0	0.0
0.0	0.0	0.0	0.0	0.0	0.0	0.0	0.0	0.0	0.0	0.0	0.0	0.0	0.0	0.0	0.0	0.0	0.0	0.0	0.0	0.0	0.0	0.0	0.0	0.0	0.0	0.0	0.0	0.0	0.0	0.0	0.0	0.0	0.0	0.0	0.0	0.0	0.0	0.0	0.0	0.0	0.0	0.0	0.0	0.0	0.0	0.0	0.0	0.0	0.0	0.0	0.0	0.0	0.0	0.0	0.0	0.0	0.0	0.0	0.0	0.0	0.0	0.0	0.0	0.0	0.0	0.0	0.0	0.0	0.0	0.0	0.0	0.0	0.0	0.0	0.0	0.0	0.0	0.0	0.0	0.0	0.0	0.0	0.0	0.0	0.0	0.0	0.0	0.0	0.0	0.0	0.0	0.0	0.0	0.0	0.0	0.0	0.0	0.0	0.0	0.0	0.0	0.0	0.0	0.0	0.0	0.0	0.0	0.0	0.0	0.0	0.0	0.0	0.0	0.0	0.0	0.0	0.0	0.0	0.0	0.0	0.0	0.0	0.0	0.0	0.0	0.0	0.0	0.0	0.0	0.0	0.0	0.0	0.0	0.0	0.0	0.0	0.0	0.0	0.0	0.0	0.0	0.0	0.0	0.0	0.0	0.0	0.0	0.0	0.0	0.0	0.0	0.0	0.0	0.0	0.0	0.0	0.0	0.0	0.0	0.0	0.0	0.0	0.0	0.0	0.0	0.0	0.0	0.0	0.0	0.0	0.0	0.0	0.0	0.0	0.0	0.0	0.0	0.0	0.0	0.0	0.0	0.0	0.0	0.0	21.0	217.0	123.0	0.0	0.0	0.0	0.0	0.0	0.0	0.0	0.0	0.0	0.0	0.0	0.0	0.0	0.0	0.0	0.0	0.0	0.0	0.0	0.0	0.0	8.0	1.0	0.0	14.0	200.0	202.0	183.0	237.0	165.0	85.0	24.0	0.0	0.0	0.0	0.0	0.0	0.0	0.0	0.0	0.0	0.0	0.0	0.0	0.0	0.0	0.0	0.0	0.0	0.0	1.0	0.0	189.0	221.0	178.0	186.0	199.0	217.0	219.0	219.0	197.0	191.0	133.0	0.0	0.0	0.0	0.0	0.0	0.0	0.0	0.0	0.0	0.0	0.0	0.0	0.0	0.0	4.0	0.0	2.0	165.0	211.0	158.0	197.0	175.0	181.0	178.0	189.0	198.0	231.0	166.0	6.0	0.0	0.0	0.0	0.0	0.0	0.0	0.0	0.0	0.0	0.0	0.0	0.0	0.0	0.0	60.0	246.0	206.0	190.0	152.0	189.0	217.0	224.0	221.0	205.0	199.0	212.0	219.0	78.0	0.0	0.0	0.0	0.0	0.0	0.0	0.0	0.0	0.0	0.0	0.0	0.0	0.0	0.0	229.0	199.0	171.0	184.0	168.0	162.0	175.0	180.0	207.0	212.0	201.0	211.0	211.0	0.0	0.0	1.0	0.0	0.0	1.0	0.0	0.0	3.0	0.0	0.0	0.0	0.0	4.0	255.0	183.0	183.0	198.0	175.0	181.0	192.0	166.0	159.0	142.0	143.0	132.0	214.0	101.0	0.0	0.0	0.0	2.0	4.0	2.0	3.0	0.0	0.0	1.0	0.0	0.0	90.0	253.0	182.0	194.0	186.0	165.0	155.0	182.0	178.0	176.0	188.0	166.0	175.0	180.0	237.0	116.0	0.0	0.0	0.0	0.0	0.0	0.0	0.0	0.0	0.0	0.0	0.0	102.0	243.0	193.0	183.0	169.0	166.0	177.0	177.0	184.0	181.0	181.0	178.0	186.0	174.0	145.0	188.0	145.0	0.0	0.0	0.0	11.0	0.0	0.0	0.0	0.0	38.0	126.0	245.0	221.0	194.0	186.0	175.0	172.0	184.0	192.0	192.0	183.0	177.0	161.0	152.0	159.0	157.0	156.0	190.0	198.0	0.0	0.0	142.0	217.0	196.0	187.0	224.0	240.0	211.0	219.0	207.0	175.0	141.0	158.0	156.0	158.0	155.0	162.0	162.0	160.0	156.0	162.0	182.0	158.0	169.0	169.0	184.0	213.0	0.0	13.0	222.0	197.0	185.0	189.0	193.0	196.0	187.0	178.0	191.0	187.0	143.0	167.0	173.0	171.0	173.0	177.0	181.0	186.0	193.0	190.0	169.0	159.0	165.0	148.0	178.0	252.0	0.0	34.0	152.0	167.0	173.0	183.0	157.0	156.0	175.0	171.0	166.0	183.0	184.0	180.0	173.0	175.0	177.0	178.0	174.0	169.0	174.0	197.0	184.0	203.0	199.0	188.0	189.0	208.0	10.0	131.0	157.0	90.0	88.0	121.0	212.0	211.0	185.0	182.0	174.0	178.0	177.0	186.0	195.0	206.0	220.0	227.0	236.0	233.0	206.0	220.0	202.0	195.0	173.0	148.0	115.0	104.0	18.0	1.0	92.0	143.0	135.0	102.0	90.0	138.0	175.0	181.0	203.0	206.0	212.0	209.0	195.0	187.0	168.0	141.0	113.0	86.0	77.0	67.0	61.0	58.0	51.0	55.0	60.0	129.0	111.0	0.0	0.0	0.0	35.0	109.0	109.0	117.0	86.0	87.0	79.0	74.0	69.0	76.0	81.0	90.0	95.0	93.0	92.0	137.0	132.0	134.0	145.0	145.0	148.0	136.0	146.0	158.0	75.0	2.0	0.0	0.0	0.0	0.0	0.0	37.0	67.0	122.0	110.0	138.0	124.0	123.0	108.0	40.0	1.0	0.0	0.0	77.0	93.0	74.0	70.0	49.0	48.0	39.0	20.0	0.0	0.0	0.0	0.0	0.0	0.0	0.0	0.0	0.0	0.0	0.0	0.0	0.0	0.0	0.0	0.0	0.0	0.0	0.0	0.0	0.0	0.0	0.0	0.0	0.0	0.0	0.0	0.0	0.0	0.0	0.0	0.0	0.0	0.0	0.0	0.0	0.0	0.0	0.0	0.0	0.0	0.0	0.0	0.0	0.0	0.0	0.0	0.0	0.0	0.0	0.0	0.0	0.0	0.0	0.0	0.0	0.0	0.0	0.0	0.0	0.0	0.0	0.0	0.0	0.0	0.0	0.0	0.0	0.0	0.0	0.0	0.0	0.0	0.0	0.0	0.0	0.0	0.0	0.0	0.0	0.0	0.0	0.0	0.0	0.0	0.0	0.0	0.0	0.0	0.0	0.0	0.0	0.0	0.0	0.0	0.0	0.0	0.0	0.0	0.0	0.0	0.0	0.0	0.0	0.0	0.0	0.0	0.0	0.0	0.0	0.0	0.0	0.0	0.0	0.0	0.0	0.0	0.0	0.0	0.0	0.0	0.0	0.0	0.0	0.0	0.0	0.0	0.0	0.0	0.0	0.0	0.0	0.0	0.0	0.0	0.0	0.0	0.0	0.0	0.0	0.0	0.0
0.0	0.0	0.0	0.0	0.0	0.0	0.0	0.0	0.0	0.0	0.0	0.0	0.0	0.0	0.0	0.0	0.0	0.0	0.0	0.0	0.0	0.0	0.0	0.0	0.0	0.0	0.0	0.0	0.0	0.0	0.0	0.0	0.0	0.0	0.0	0.0	0.0	0.0	0.0	0.0	0.0	0.0	0.0	0.0	0.0	0.0	0.0	0.0	0.0	0.0	0.0	0.0	0.0	0.0	0.0	0.0	0.0	0.0	0.0	0.0	0.0	0.0	0.0	0.0	0.0	0.0	0.0	0.0	0.0	0.0	0.0	0.0	0.0	0.0	0.0	0.0	0.0	0.0	0.0	0.0	0.0	0.0	0.0	0.0	0.0	0.0	0.0	0.0	0.0	0.0	0.0	0.0	0.0	0.0	0.0	0.0	0.0	0.0	0.0	0.0	0.0	0.0	0.0	0.0	0.0	0.0	0.0	0.0	0.0	0.0	0.0	0.0	0.0	0.0	0.0	0.0	0.0	0.0	0.0	0.0	0.0	0.0	1.0	0.0	1.0	0.0	0.0	0.0	100.0	141.0	1.0	0.0	0.0	0.0	0.0	0.0	0.0	0.0	0.0	0.0	0.0	0.0	0.0	0.0	0.0	0.0	0.0	0.0	0.0	1.0	1.0	0.0	2.0	1.0	0.0	0.0	153.0	196.0	188.0	45.0	0.0	0.0	1.0	1.0	2.0	2.0	0.0	0.0	0.0	0.0	0.0	0.0	0.0	0.0	0.0	0.0	0.0	1.0	0.0	1.0	1.0	0.0	0.0	0.0	128.0	228.0	239.0	255.0	0.0	0.0	0.0	0.0	0.0	0.0	0.0	0.0	0.0	0.0	0.0	0.0	0.0	0.0	0.0	0.0	0.0	0.0	0.0	1.0	0.0	3.0	0.0	10.0	165.0	142.0	139.0	190.0	182.0	53.0	17.0	1.0	0.0	0.0	0.0	0.0	0.0	0.0	0.0	0.0	0.0	0.0	0.0	0.0	0.0	0.0	0.0	0.0	0.0	0.0	0.0	38.0	136.0	104.0	96.0	215.0	215.0	225.0	237.0	208.0	162.0	179.0	66.0	0.0	0.0	0.0	0.0	0.0	0.0	0.0	0.0	0.0	0.0	0.0	0.0	0.0	0.0	3.0	0.0	90.0	181.0	120.0	165.0	224.0	216.0	217.0	216.0	216.0	211.0	219.0	105.0	0.0	0.0	0.0	0.0	0.0	0.0	0.0	0.0	0.0	0.0	0.0	0.0	1.0	0.0	0.0	12.0	107.0	160.0	109.0	194.0	232.0	220.0	213.0	210.0	208.0	203.0	204.0	47.0	0.0	0.0	0.0	0.0	0.0	0.0	0.0	0.0	0.0	0.0	0.0	0.0	3.0	0.0	57.0	139.0	112.0	132.0	113.0	143.0	209.0	236.0	248.0	241.0	215.0	206.0	207.0	49.0	0.0	0.0	0.0	1.0	1.0	0.0	0.0	0.0	0.0	0.0	1.0	1.0	0.0	0.0	111.0	117.0	120.0	117.0	185.0	114.0	89.0	107.0	144.0	183.0	213.0	206.0	210.0	61.0	0.0	0.0	0.0	0.0	0.0	0.0	0.0	0.0	0.0	0.0	1.0	0.0	9.0	103.0	125.0	128.0	157.0	130.0	133.0	123.0	119.0	129.0	95.0	80.0	78.0	80.0	104.0	99.0	0.0	1.0	1.0	1.0	0.0	0.0	0.0	0.0	1.0	2.0	0.0	15.0	130.0	104.0	97.0	123.0	83.0	105.0	104.0	122.0	100.0	106.0	122.0	123.0	114.0	99.0	91.0	107.0	0.0	0.0	0.0	2.0	1.0	1.0	1.0	0.0	0.0	0.0	17.0	122.0	76.0	130.0	91.0	103.0	99.0	93.0	92.0	112.0	121.0	99.0	113.0	120.0	124.0	118.0	109.0	75.0	0.0	2.0	0.0	0.0	0.0	0.0	0.0	1.0	17.0	30.0	64.0	138.0	66.0	111.0	98.0	89.0	99.0	106.0	103.0	95.0	118.0	131.0	103.0	112.0	111.0	104.0	101.0	98.0	0.0	1.0	0.0	12.0	33.0	37.0	45.0	54.0	60.0	72.0	93.0	62.0	102.0	86.0	86.0	100.0	111.0	112.0	113.0	108.0	113.0	132.0	104.0	109.0	107.0	110.0	93.0	113.0	21.0	0.0	17.0	77.0	67.0	67.0	71.0	71.0	69.0	72.0	84.0	98.0	115.0	98.0	108.0	115.0	118.0	113.0	115.0	113.0	131.0	107.0	118.0	115.0	103.0	107.0	102.0	99.0	6.0	0.0	55.0	98.0	64.0	71.0	72.0	75.0	83.0	90.0	76.0	84.0	99.0	107.0	115.0	123.0	121.0	121.0	122.0	115.0	118.0	108.0	114.0	112.0	110.0	105.0	96.0	103.0	3.0	27.0	110.0	99.0	98.0	101.0	98.0	95.0	89.0	82.0	79.0	90.0	103.0	113.0	110.0	107.0	105.0	110.0	107.0	108.0	108.0	109.0	110.0	114.0	121.0	113.0	111.0	113.0	4.0	32.0	132.0	126.0	124.0	114.0	114.0	113.0	105.0	105.0	101.0	116.0	122.0	115.0	120.0	123.0	136.0	156.0	163.0	186.0	174.0	161.0	156.0	157.0	153.0	146.0	139.0	142.0	48.0	0.0	1.0	58.0	120.0	156.0	167.0	168.0	167.0	169.0	166.0	159.0	165.0	163.0	178.0	181.0	180.0	182.0	170.0	150.0	173.0	159.0	162.0	146.0	143.0	143.0	137.0	152.0	55.0	0.0	0.0	0.0	0.0	11.0	17.0	64.0	103.0	64.0	97.0	137.0	95.0	77.0	107.0	75.0	26.0	0.0	0.0	0.0	139.0	145.0	103.0	144.0	139.0	116.0	112.0	95.0	3.0	0.0	0.0	0.0	0.0	0.0	0.0	0.0	0.0	0.0	0.0	0.0	0.0	0.0	0.0	0.0	0.0	0.0	0.0	0.0	0.0	0.0	0.0	0.0	0.0	0.0	0.0	0.0	0.0	0.0	0.0	0.0	0.0	0.0	0.0	0.0	0.0	0.0	0.0	0.0	0.0	0.0	0.0	0.0	0.0	0.0	0.0	0.0	0.0	0.0	0.0	0.0	0.0	0.0	0.0	0.0	0.0	0.0	0.0	0.0	0.0	0.0	0.0	0.0	0.0	0.0	0.0	0.0	0.0	0.0	0.0	0.0	0.0	0.0	0.0	0.0	0.0	0.0	0.0	0.0	0.0	0.0	0.0	0.0	0.0	0.0	0.0	0.0	0.0	0.0	0.0	0.0	0.0	0.0	0.0	0.0	0.0	0.0	0.0	0.0	0.0	0.0	0.0	0.0	0.0	0.0	0.0	0.0	0.0	0.0	0.0	0.0	0.0
0.0	0.0	0.0	0.0	0.0	0.0	0.0	0.0	0.0	0.0	70.0	13.0	0.0	0.0	0.0	0.0	0.0	79.0	26.0	0.0	0.0	0.0	0.0	0.0	0.0	0.0	0.0	0.0	0.0	0.0	0.0	0.0	0.0	0.0	0.0	0.0	0.0	0.0	57.0	26.0	0.0	0.0	0.0	0.0	0.0	87.0	13.0	0.0	0.0	0.0	0.0	0.0	0.0	0.0	0.0	0.0	0.0	0.0	0.0	0.0	0.0	0.0	0.0	0.0	0.0	0.0	109.0	48.0	0.0	0.0	0.0	0.0	0.0	118.0	8.0	0.0	0.0	0.0	0.0	0.0	0.0	0.0	0.0	0.0	0.0	0.0	0.0	0.0	0.0	0.0	0.0	0.0	0.0	0.0	162.0	136.0	0.0	0.0	0.0	0.0	8.0	180.0	57.0	0.0	0.0	0.0	0.0	0.0	0.0	0.0	0.0	0.0	0.0	0.0	0.0	0.0	0.0	0.0	0.0	0.0	0.0	30.0	197.0	123.0	140.0	26.0	0.0	48.0	114.0	131.0	158.0	0.0	0.0	0.0	0.0	0.0	0.0	0.0	0.0	0.0	0.0	0.0	0.0	0.0	0.0	0.0	0.0	0.0	0.0	83.0	180.0	65.0	114.0	105.0	79.0	105.0	79.0	101.0	136.0	0.0	0.0	0.0	0.0	0.0	0.0	0.0	0.0	0.0	0.0	0.0	0.0	0.0	0.0	0.0	0.0	0.0	0.0	8.0	109.0	74.0	65.0	70.0	79.0	65.0	92.0	79.0	79.0	0.0	0.0	0.0	0.0	0.0	0.0	0.0	0.0	0.0	0.0	0.0	0.0	0.0	0.0	0.0	0.0	0.0	0.0	0.0	79.0	87.0	74.0	79.0	87.0	92.0	101.0	96.0	83.0	0.0	0.0	0.0	0.0	0.0	0.0	0.0	0.0	0.0	0.0	0.0	0.0	0.0	0.0	0.0	0.0	0.0	0.0	8.0	92.0	79.0	74.0	79.0	96.0	109.0	105.0	123.0	87.0	0.0	0.0	0.0	0.0	0.0	0.0	0.0	0.0	0.0	0.0	0.0	0.0	0.0	0.0	0.0	0.0	0.0	0.0	4.0	92.0	83.0	79.0	83.0	105.0	118.0	123.0	131.0	145.0	21.0	0.0	0.0	0.0	0.0	0.0	0.0	0.0	0.0	0.0	0.0	0.0	0.0	0.0	0.0	0.0	0.0	0.0	17.0	92.0	83.0	87.0	96.0	127.0	140.0	140.0	145.0	175.0	17.0	0.0	0.0	0.0	0.0	0.0	0.0	0.0	0.0	0.0	0.0	0.0	0.0	0.0	0.0	0.0	0.0	0.0	26.0	109.0	92.0	109.0	118.0	136.0	153.0	153.0	171.0	211.0	26.0	0.0	0.0	0.0	0.0	0.0	0.0	0.0	0.0	0.0	0.0	0.0	0.0	0.0	0.0	0.0	0.0	0.0	65.0	127.0	109.0	118.0	136.0	175.0	175.0	180.0	189.0	219.0	35.0	0.0	0.0	0.0	0.0	0.0	0.0	0.0	0.0	0.0	0.0	0.0	0.0	0.0	0.0	0.0	0.0	0.0	87.0	127.0	131.0	136.0	158.0	193.0	189.0	193.0	197.0	228.0	52.0	0.0	0.0	0.0	0.0	0.0	0.0	0.0	0.0	0.0	0.0	0.0	0.0	0.0	0.0	0.0	0.0	0.0	105.0	140.0	153.0	162.0	189.0	215.0	219.0	224.0	219.0	254.0	87.0	0.0	0.0	0.0	0.0	0.0	0.0	0.0	0.0	0.0	0.0	0.0	0.0	0.0	0.0	0.0	0.0	0.0	109.0	153.0	171.0	175.0	206.0	233.0	228.0	228.0	228.0	254.0	109.0	0.0	0.0	0.0	0.0	0.0	0.0	0.0	0.0	0.0	0.0	0.0	0.0	0.0	0.0	0.0	0.0	0.0	118.0	167.0	193.0	193.0	228.0	246.0	233.0	228.0	224.0	250.0	118.0	0.0	0.0	0.0	0.0	0.0	0.0	0.0	0.0	0.0	0.0	0.0	0.0	0.0	0.0	0.0	0.0	0.0	83.0	189.0	211.0	206.0	237.0	241.0	233.0	219.0	228.0	250.0	131.0	0.0	0.0	0.0	0.0	0.0	0.0	0.0	0.0	0.0	0.0	0.0	0.0	0.0	0.0	0.0	0.0	0.0	114.0	215.0	228.0	228.0	250.0	237.0	219.0	211.0	219.0	237.0	140.0	0.0	0.0	0.0	0.0	0.0	0.0	0.0	0.0	0.0	0.0	0.0	0.0	0.0	0.0	0.0	0.0	0.0	149.0	228.0	237.0	241.0	246.0	224.0	211.0	197.0	206.0	219.0	127.0	0.0	0.0	0.0	0.0	0.0	0.0	0.0	0.0	0.0	0.0	0.0	0.0	0.0	0.0	0.0	0.0	0.0	162.0	241.0	237.0	233.0	241.0	211.0	184.0	167.0	189.0	189.0	96.0	0.0	0.0	0.0	0.0	0.0	0.0	0.0	0.0	0.0	0.0	0.0	0.0	0.0	0.0	0.0	0.0	0.0	158.0	237.0	228.0	224.0	224.0	193.0	167.0	145.0	167.0	153.0	65.0	0.0	0.0	0.0	0.0	0.0	0.0	0.0	0.0	0.0	0.0	0.0	0.0	0.0	0.0	0.0	0.0	0.0	162.0	233.0	202.0	206.0	197.0	171.0	153.0	127.0	145.0	136.0	74.0	0.0	0.0	0.0	0.0	0.0	0.0	0.0	0.0	0.0	0.0	0.0	0.0	0.0	0.0	0.0	0.0	0.0	184.0	206.0	193.0	189.0	184.0	162.0	140.0	109.0	118.0	109.0	74.0	0.0	0.0	0.0	0.0	0.0	0.0	0.0	0.0	0.0	0.0	0.0	0.0	0.0	0.0	0.0	0.0	0.0	162.0	175.0	171.0	167.0	167.0	153.0	114.0	96.0	118.0	87.0	57.0	0.0	0.0	0.0	0.0	0.0	0.0	0.0	0.0	0.0	0.0	0.0	0.0	0.0	0.0	0.0	0.0	0.0	136.0	167.0	149.0	131.0	136.0	127.0	114.0	96.0	92.0	70.0	48.0	0.0	0.0	0.0	0.0	0.0	0.0	0.0	0.0	0.0	0.0	0.0	0.0	0.0	0.0	0.0	0.0	0.0	127.0	131.0	149.0	167.0	158.0	136.0	109.0	123.0	123.0	83.0	79.0	0.0	0.0	0.0	0.0	0.0	0.0	0.0	0.0	0.0	0.0	0.0	0.0	0.0	0.0	0.0	0.0	0.0	123.0	123.0	140.0	171.0	127.0	136.0	136.0	206.0	92.0	57.0	65.0	0.0	0.0	0.0	0.0	0.0	0.0	0.0	0.0
0.0	0.0	0.0	0.0	0.0	0.0	0.0	0.0	0.0	0.0	0.0	47.0	83.0	44.0	17.0	37.0	121.0	107.0	0.0	0.0	0.0	0.0	0.0	0.0	0.0	0.0	0.0	0.0	0.0	0.0	0.0	0.0	0.0	0.0	0.0	0.0	12.0	39.0	66.0	97.0	116.0	130.0	94.0	105.0	204.0	116.0	3.0	36.0	6.0	0.0	0.0	0.0	0.0	0.0	0.0	0.0	0.0	0.0	0.0	0.0	0.0	0.0	18.0	59.0	67.0	51.0	31.0	70.0	88.0	144.0	240.0	193.0	94.0	4.0	25.0	29.0	31.0	25.0	4.0	0.0	0.0	0.0	0.0	0.0	0.0	0.0	0.0	1.0	0.0	0.0	67.0	62.0	31.0	40.0	36.0	17.0	59.0	29.0	15.0	9.0	3.0	28.0	23.0	26.0	18.0	17.0	31.0	0.0	0.0	0.0	0.0	0.0	0.0	0.0	0.0	1.0	0.0	26.0	70.0	29.0	48.0	34.0	45.0	26.0	17.0	53.0	28.0	22.0	29.0	23.0	28.0	26.0	22.0	28.0	31.0	14.0	0.0	0.0	0.0	0.0	0.0	0.0	0.0	0.0	0.0	42.0	125.0	14.0	48.0	36.0	39.0	40.0	15.0	29.0	37.0	33.0	25.0	23.0	31.0	22.0	23.0	42.0	31.0	26.0	0.0	0.0	0.0	0.0	0.0	0.0	0.0	0.0	0.0	44.0	129.0	72.0	28.0	45.0	37.0	42.0	29.0	28.0	34.0	37.0	28.0	22.0	26.0	22.0	28.0	45.0	26.0	33.0	1.0	0.0	0.0	0.0	0.0	0.0	0.0	0.0	0.0	72.0	77.0	96.0	62.0	44.0	40.0	31.0	31.0	37.0	33.0	40.0	36.0	18.0	18.0	17.0	25.0	48.0	25.0	34.0	3.0	0.0	0.0	0.0	0.0	0.0	0.0	0.0	12.0	67.0	70.0	86.0	78.0	66.0	40.0	40.0	40.0	20.0	42.0	51.0	33.0	45.0	33.0	25.0	34.0	58.0	28.0	31.0	9.0	0.0	0.0	0.0	0.0	0.0	0.0	0.0	23.0	66.0	50.0	96.0	53.0	99.0	170.0	94.0	81.0	110.0	114.0	86.0	99.0	114.0	88.0	11.0	53.0	61.0	31.0	33.0	20.0	0.0	0.0	0.0	0.0	0.0	0.0	0.0	36.0	69.0	39.0	92.0	55.0	70.0	122.0	59.0	70.0	61.0	72.0	78.0	83.0	80.0	51.0	3.0	37.0	83.0	36.0	33.0	28.0	0.0	0.0	0.0	0.0	0.0	0.0	0.0	45.0	58.0	37.0	99.0	50.0	88.0	147.0	97.0	92.0	103.0	118.0	116.0	9.0	20.0	37.0	7.0	34.0	102.0	44.0	28.0	31.0	0.0	0.0	0.0	0.0	0.0	0.0	0.0	56.0	55.0	34.0	102.0	42.0	75.0	181.0	89.0	62.0	78.0	103.0	77.0	1.0	4.0	3.0	9.0	23.0	96.0	50.0	31.0	37.0	0.0	0.0	0.0	0.0	0.0	0.0	0.0	64.0	55.0	40.0	111.0	45.0	66.0	177.0	66.0	138.0	92.0	146.0	116.0	119.0	96.0	165.0	29.0	7.0	92.0	61.0	31.0	39.0	0.0	0.0	0.0	0.0	0.0	0.0	0.0	72.0	48.0	48.0	99.0	26.0	83.0	225.0	170.0	209.0	255.0	231.0	231.0	201.0	170.0	192.0	66.0	1.0	75.0	81.0	23.0	42.0	0.0	0.0	0.0	0.0	0.0	0.0	0.0	69.0	48.0	67.0	75.0	20.0	88.0	165.0	130.0	70.0	83.0	69.0	64.0	69.0	78.0	44.0	42.0	3.0	51.0	97.0	28.0	44.0	0.0	0.0	0.0	0.0	0.0	0.0	0.0	78.0	44.0	78.0	39.0	40.0	69.0	70.0	39.0	18.0	22.0	20.0	11.0	14.0	12.0	12.0	36.0	22.0	31.0	113.0	37.0	47.0	9.0	0.0	0.0	0.0	0.0	0.0	1.0	77.0	39.0	88.0	22.0	55.0	75.0	50.0	55.0	66.0	73.0	56.0	48.0	48.0	55.0	44.0	44.0	34.0	3.0	116.0	51.0	39.0	12.0	0.0	0.0	0.0	0.0	0.0	6.0	78.0	45.0	81.0	9.0	66.0	70.0	64.0	58.0	61.0	67.0	55.0	45.0	45.0	58.0	45.0	42.0	51.0	0.0	102.0	73.0	48.0	12.0	0.0	0.0	0.0	0.0	0.0	22.0	77.0	47.0	75.0	1.0	69.0	70.0	70.0	58.0	72.0	72.0	53.0	45.0	50.0	59.0	56.0	37.0	55.0	0.0	105.0	78.0	45.0	28.0	0.0	0.0	0.0	0.0	0.0	20.0	70.0	55.0	80.0	1.0	75.0	73.0	69.0	59.0	75.0	70.0	48.0	50.0	47.0	56.0	67.0	37.0	56.0	0.0	83.0	86.0	72.0	31.0	0.0	0.0	0.0	0.0	0.0	18.0	58.0	50.0	83.0	4.0	80.0	77.0	69.0	59.0	83.0	69.0	53.0	58.0	51.0	47.0	80.0	48.0	59.0	1.0	85.0	88.0	56.0	23.0	0.0	0.0	0.0	0.0	0.0	33.0	59.0	51.0	70.0	14.0	83.0	77.0	69.0	64.0	89.0	69.0	51.0	64.0	64.0	37.0	77.0	61.0	67.0	1.0	72.0	100.0	75.0	33.0	0.0	0.0	0.0	0.0	0.0	55.0	58.0	73.0	51.0	22.0	94.0	75.0	66.0	64.0	91.0	61.0	53.0	55.0	85.0	47.0	69.0	70.0	64.0	3.0	48.0	147.0	103.0	48.0	0.0	0.0	0.0	0.0	0.0	45.0	69.0	80.0	31.0	17.0	81.0	67.0	62.0	58.0	88.0	59.0	48.0	45.0	53.0	67.0	51.0	73.0	66.0	14.0	34.0	122.0	58.0	48.0	0.0	0.0	0.0	0.0	0.0	45.0	69.0	75.0	36.0	26.0	105.0	78.0	67.0	66.0	97.0	72.0	45.0	59.0	51.0	67.0	44.0	66.0	85.0	22.0	33.0	157.0	77.0	53.0	0.0	0.0	0.0	0.0	0.0	61.0	81.0	91.0	56.0	12.0	99.0	75.0	78.0	75.0	99.0	70.0	61.0	70.0	77.0	77.0	61.0	58.0	89.0	7.0	55.0	188.0	97.0	78.0	0.0	0.0	0.0	0.0	0.0	9.0	28.0	23.0	4.0	0.0	0.0	0.0	0.0	0.0	0.0	0.0	0.0	0.0	0.0	0.0	0.0	0.0	0.0	0.0	1.0	66.0	33.0	11.0	0.0	0.0
0.0	0.0	0.0	0.0	0.0	0.0	0.0	0.0	0.0	0.0	0.0	0.0	0.0	0.0	0.0	0.0	0.0	0.0	0.0	0.0	0.0	0.0	0.0	0.0	0.0	0.0	0.0	0.0	0.0	0.0	0.0	0.0	0.0	0.0	0.0	0.0	0.0	0.0	0.0	0.0	0.0	0.0	0.0	0.0	0.0	0.0	0.0	0.0	0.0	0.0	0.0	0.0	0.0	0.0	0.0	0.0	0.0	0.0	0.0	0.0	0.0	0.0	0.0	0.0	0.0	0.0	0.0	0.0	0.0	0.0	0.0	0.0	0.0	0.0	0.0	0.0	0.0	0.0	0.0	0.0	0.0	0.0	0.0	0.0	0.0	0.0	0.0	0.0	0.0	0.0	0.0	0.0	0.0	0.0	0.0	0.0	0.0	0.0	0.0	0.0	0.0	0.0	0.0	0.0	0.0	0.0	0.0	0.0	0.0	0.0	0.0	0.0	0.0	0.0	0.0	0.0	0.0	0.0	0.0	0.0	0.0	0.0	0.0	0.0	0.0	0.0	0.0	0.0	0.0	0.0	0.0	0.0	0.0	0.0	0.0	0.0	0.0	0.0	0.0	0.0	0.0	0.0	0.0	0.0	0.0	0.0	0.0	0.0	0.0	0.0	0.0	0.0	0.0	0.0	0.0	72.0	16.0	0.0	0.0	1.0	2.0	2.0	0.0	0.0	0.0	0.0	0.0	0.0	0.0	0.0	0.0	0.0	0.0	0.0	0.0	0.0	0.0	0.0	0.0	0.0	0.0	0.0	0.0	200.0	207.0	0.0	0.0	0.0	0.0	0.0	0.0	0.0	0.0	38.0	54.0	0.0	0.0	0.0	0.0	0.0	0.0	0.0	0.0	0.0	0.0	1.0	0.0	0.0	0.0	0.0	93.0	222.0	213.0	158.0	123.0	88.0	21.0	0.0	0.0	0.0	170.0	241.0	136.0	0.0	0.0	0.0	0.0	0.0	0.0	0.0	0.0	0.0	0.0	0.0	0.0	0.0	0.0	0.0	200.0	208.0	213.0	227.0	230.0	228.0	255.0	243.0	149.0	196.0	219.0	201.0	121.0	0.0	0.0	0.0	0.0	0.0	0.0	0.0	0.0	0.0	0.0	0.0	0.0	2.0	0.0	64.0	247.0	203.0	213.0	212.0	208.0	215.0	215.0	218.0	224.0	238.0	149.0	141.0	168.0	0.0	0.0	0.0	0.0	0.0	0.0	0.0	0.0	0.0	0.0	0.0	0.0	0.0	0.0	212.0	210.0	209.0	214.0	224.0	216.0	209.0	220.0	222.0	205.0	255.0	116.0	173.0	155.0	0.0	0.0	1.0	0.0	0.0	0.0	0.0	0.0	0.0	0.0	0.0	5.0	0.0	104.0	249.0	197.0	209.0	211.0	215.0	216.0	216.0	216.0	218.0	216.0	248.0	125.0	183.0	139.0	0.0	0.0	0.0	0.0	1.0	0.0	0.0	1.0	2.0	0.0	6.0	0.0	24.0	240.0	205.0	199.0	206.0	212.0	211.0	214.0	216.0	218.0	216.0	217.0	218.0	229.0	229.0	132.0	0.0	0.0	2.0	0.0	0.0	0.0	0.0	0.0	0.0	0.0	0.0	10.0	196.0	213.0	205.0	210.0	209.0	218.0	211.0	214.0	216.0	221.0	218.0	218.0	212.0	202.0	220.0	170.0	0.0	0.0	0.0	0.0	0.0	0.0	0.0	0.0	10.0	36.0	107.0	185.0	189.0	175.0	194.0	198.0	197.0	219.0	215.0	217.0	218.0	220.0	216.0	212.0	208.0	219.0	218.0	210.0	0.0	0.0	36.0	154.0	150.0	110.0	113.0	184.0	216.0	222.0	225.0	204.0	196.0	210.0	196.0	209.0	194.0	208.0	215.0	213.0	213.0	213.0	207.0	220.0	220.0	218.0	208.0	223.0	8.0	0.0	202.0	186.0	167.0	170.0	180.0	185.0	187.0	191.0	203.0	211.0	214.0	216.0	216.0	222.0	215.0	196.0	211.0	211.0	215.0	217.0	216.0	221.0	209.0	217.0	207.0	233.0	41.0	27.0	150.0	183.0	195.0	195.0	193.0	185.0	180.0	180.0	187.0	200.0	210.0	221.0	217.0	217.0	221.0	214.0	205.0	213.0	219.0	223.0	223.0	216.0	218.0	230.0	213.0	239.0	40.0	88.0	172.0	138.0	159.0	192.0	209.0	219.0	217.0	210.0	202.0	204.0	207.0	227.0	239.0	232.0	232.0	234.0	230.0	243.0	240.0	234.0	229.0	226.0	224.0	221.0	202.0	208.0	47.0	47.0	228.0	192.0	170.0	141.0	142.0	146.0	159.0	187.0	205.0	193.0	185.0	180.0	189.0	198.0	191.0	182.0	173.0	171.0	172.0	167.0	161.0	159.0	157.0	154.0	142.0	156.0	54.0	0.0	24.0	151.0	227.0	196.0	192.0	192.0	166.0	150.0	150.0	149.0	141.0	141.0	138.0	146.0	154.0	159.0	158.0	152.0	155.0	155.0	154.0	158.0	158.0	156.0	149.0	163.0	72.0	0.0	0.0	0.0	7.0	94.0	151.0	193.0	211.0	214.0	211.0	207.0	203.0	197.0	198.0	197.0	194.0	193.0	193.0	191.0	190.0	188.0	188.0	188.0	191.0	191.0	183.0	187.0	47.0	0.0	0.0	0.0	0.0	0.0	0.0	0.0	18.0	47.0	70.0	77.0	87.0	90.0	75.0	73.0	75.0	74.0	77.0	80.0	81.0	82.0	84.0	87.0	80.0	61.0	51.0	21.0	0.0	0.0	0.0	0.0	0.0	0.0	0.0	0.0	0.0	0.0	0.0	0.0	0.0	0.0	0.0	0.0	0.0	0.0	0.0	0.0	0.0	0.0	0.0	0.0	0.0	0.0	0.0	0.0	0.0	0.0	0.0	0.0	0.0	0.0	0.0	0.0	0.0	0.0	0.0	0.0	0.0	0.0	0.0	0.0	0.0	0.0	0.0	0.0	0.0	0.0	0.0	0.0	0.0	0.0	0.0	0.0	0.0	0.0	0.0	0.0	0.0	0.0	0.0	0.0	0.0	0.0	0.0	0.0	0.0	0.0	0.0	0.0	0.0	0.0	0.0	0.0	0.0	0.0	0.0	0.0	0.0	0.0	0.0	0.0	0.0	0.0	0.0	0.0	0.0	0.0	0.0	0.0	0.0	0.0	0.0	0.0	0.0	0.0	0.0	0.0	0.0	0.0	0.0	0.0	0.0	0.0	0.0	0.0	0.0	0.0	0.0	0.0	0.0	0.0	0.0	0.0	0.0	0.0	0.0	0.0	0.0	0.0	0.0	0.0	0.0	0.0	0.0	0.0	0.0	0.0	0.0	0.0	0.0	0.0	0.0	0.0	0.0	0.0	0.0	0.0	0.0
0.0	0.0	0.0	0.0	0.0	0.0	0.0	1.0	0.0	0.0	9.0	23.0	0.0	0.0	0.0	0.0	0.0	0.0	25.0	0.0	0.0	1.0	1.0	0.0	0.0	0.0	0.0	0.0	0.0	0.0	0.0	0.0	0.0	0.0	0.0	2.0	0.0	122.0	194.0	195.0	202.0	203.0	228.0	216.0	196.0	200.0	193.0	180.0	37.0	0.0	4.0	0.0	0.0	0.0	0.0	0.0	0.0	0.0	0.0	0.0	0.0	0.0	4.0	0.0	9.0	193.0	188.0	185.0	191.0	194.0	194.0	192.0	190.0	189.0	179.0	206.0	154.0	0.0	0.0	0.0	0.0	0.0	0.0	0.0	0.0	0.0	0.0	0.0	0.0	0.0	3.0	0.0	51.0	202.0	183.0	186.0	185.0	183.0	181.0	181.0	180.0	180.0	183.0	195.0	193.0	0.0	0.0	0.0	0.0	0.0	0.0	0.0	0.0	0.0	0.0	0.0	0.0	0.0	1.0	0.0	93.0	205.0	185.0	186.0	184.0	183.0	183.0	183.0	182.0	182.0	181.0	192.0	217.0	0.0	0.0	0.0	0.0	0.0	0.0	0.0	0.0	0.0	0.0	0.0	0.0	0.0	0.0	0.0	131.0	207.0	185.0	182.0	186.0	186.0	184.0	184.0	186.0	186.0	186.0	190.0	196.0	22.0	0.0	0.0	0.0	0.0	0.0	0.0	0.0	0.0	0.0	0.0	0.0	0.0	0.0	0.0	159.0	204.0	204.0	205.0	189.0	187.0	186.0	187.0	186.0	185.0	190.0	197.0	205.0	60.0	0.0	0.0	0.0	0.0	0.0	0.0	0.0	0.0	0.0	0.0	0.0	0.0	0.0	0.0	189.0	212.0	175.0	188.0	195.0	186.0	187.0	191.0	188.0	180.0	211.0	217.0	208.0	85.0	0.0	0.0	0.0	0.0	0.0	0.0	0.0	0.0	0.0	0.0	0.0	0.0	0.0	0.0	208.0	225.0	112.0	178.0	202.0	187.0	188.0	196.0	190.0	186.0	194.0	214.0	215.0	140.0	0.0	0.0	0.0	0.0	0.0	0.0	0.0	0.0	0.0	0.0	0.0	0.0	0.0	15.0	204.0	220.0	70.0	200.0	196.0	190.0	194.0	199.0	189.0	201.0	157.0	123.0	231.0	175.0	0.0	0.0	0.0	0.0	0.0	0.0	0.0	0.0	0.0	0.0	0.0	0.0	0.0	155.0	206.0	219.0	44.0	203.0	199.0	190.0	196.0	205.0	189.0	201.0	164.0	84.0	234.0	196.0	2.0	0.0	0.0	0.0	0.0	0.0	0.0	0.0	0.0	0.0	0.0	0.0	116.0	214.0	216.0	246.0	173.0	186.0	200.0	190.0	197.0	213.0	189.0	198.0	173.0	108.0	228.0	225.0	157.0	0.0	0.0	0.0	0.0	0.0	0.0	0.0	0.0	0.0	0.0	0.0	20.0	79.0	152.0	165.0	153.0	207.0	194.0	191.0	198.0	218.0	190.0	190.0	195.0	145.0	241.0	190.0	111.0	0.0	0.0	0.0	0.0	0.0	0.0	0.0	0.0	0.0	0.0	0.0	0.0	0.0	0.0	0.0	122.0	221.0	193.0	190.0	199.0	225.0	190.0	181.0	225.0	47.0	0.0	0.0	0.0	0.0	0.0	0.0	0.0	0.0	0.0	0.0	0.0	0.0	0.0	0.0	4.0	3.0	0.0	0.0	175.0	217.0	196.0	190.0	201.0	232.0	190.0	179.0	225.0	109.0	0.0	0.0	0.0	0.0	0.0	0.0	0.0	0.0	0.0	0.0	0.0	0.0	0.0	0.0	0.0	1.0	0.0	0.0	190.0	203.0	197.0	188.0	203.0	236.0	191.0	181.0	203.0	152.0	0.0	0.0	0.0	0.0	0.0	0.0	0.0	0.0	0.0	0.0	0.0	0.0	0.0	0.0	0.0	2.0	0.0	0.0	211.0	202.0	198.0	186.0	204.0	239.0	191.0	182.0	204.0	173.0	0.0	0.0	0.0	0.0	0.0	0.0	0.0	0.0	0.0	0.0	0.0	0.0	0.0	0.0	0.0	3.0	0.0	0.0	191.0	202.0	198.0	187.0	206.0	242.0	190.0	183.0	203.0	187.0	0.0	0.0	1.0	0.0	0.0	0.0	0.0	0.0	0.0	0.0	0.0	0.0	0.0	0.0	0.0	3.0	0.0	0.0	191.0	204.0	196.0	187.0	207.0	245.0	189.0	185.0	203.0	188.0	0.0	0.0	1.0	0.0	0.0	0.0	0.0	0.0	0.0	0.0	0.0	0.0	0.0	0.0	0.0	2.0	0.0	0.0	214.0	205.0	193.0	186.0	206.0	248.0	187.0	184.0	204.0	170.0	0.0	0.0	0.0	0.0	0.0	0.0	0.0	0.0	0.0	0.0	0.0	0.0	0.0	0.0	0.0	1.0	0.0	0.0	202.0	210.0	191.0	190.0	206.0	249.0	188.0	185.0	206.0	159.0	0.0	0.0	0.0	0.0	0.0	0.0	0.0	0.0	0.0	0.0	0.0	0.0	0.0	0.0	0.0	0.0	0.0	0.0	184.0	213.0	187.0	190.0	204.0	249.0	188.0	184.0	209.0	154.0	0.0	0.0	0.0	0.0	0.0	0.0	0.0	0.0	0.0	0.0	0.0	0.0	0.0	0.0	0.0	0.0	0.0	0.0	160.0	218.0	186.0	190.0	204.0	251.0	191.0	184.0	213.0	138.0	0.0	0.0	0.0	0.0	0.0	0.0	0.0	0.0	0.0	0.0	0.0	0.0	0.0	0.0	0.0	0.0	0.0	0.0	153.0	220.0	186.0	193.0	204.0	251.0	191.0	184.0	217.0	110.0	0.0	1.0	0.0	0.0	0.0	0.0	0.0	0.0	0.0	0.0	0.0	0.0	0.0	0.0	0.0	0.0	0.0	0.0	157.0	221.0	193.0	195.0	204.0	252.0	194.0	191.0	219.0	91.0	0.0	3.0	0.0	0.0	0.0	0.0	0.0	0.0	0.0	0.0	0.0	0.0	0.0	0.0	0.0	0.0	1.0	0.0	151.0	219.0	194.0	191.0	194.0	248.0	199.0	192.0	221.0	96.0	0.0	3.0	0.0	0.0	0.0	0.0	0.0	0.0	0.0	0.0	0.0	0.0	0.0	0.0	0.0	0.0	2.0	0.0	131.0	230.0	211.0	227.0	237.0	255.0	228.0	208.0	231.0	86.0	0.0	6.0	0.0	0.0	0.0	0.0	0.0	0.0	0.0	0.0	0.0	0.0	0.0	0.0	0.0	0.0	1.0	0.0	14.0	145.0	113.0	128.0	90.0	49.0	140.0	123.0	138.0	0.0	0.0	2.0	0.0	0.0	0.0	0.0	0.0	0.0
0.0	0.0	0.0	0.0	0.0	0.0	0.0	1.0	3.0	1.0	0.0	0.0	139.0	151.0	133.0	152.0	133.0	0.0	0.0	0.0	1.0	1.0	0.0	0.0	0.0	0.0	0.0	0.0	0.0	0.0	0.0	0.0	0.0	0.0	1.0	1.0	0.0	0.0	0.0	41.0	160.0	213.0	231.0	191.0	173.0	29.0	0.0	0.0	0.0	0.0	1.0	1.0	0.0	0.0	0.0	0.0	0.0	0.0	0.0	0.0	1.0	0.0	0.0	0.0	20.0	81.0	122.0	155.0	98.0	151.0	245.0	143.0	103.0	159.0	133.0	98.0	46.0	0.0	0.0	0.0	0.0	0.0	0.0	0.0	0.0	0.0	0.0	0.0	3.0	0.0	18.0	122.0	143.0	135.0	113.0	107.0	122.0	150.0	84.0	148.0	122.0	99.0	111.0	124.0	117.0	146.0	29.0	0.0	1.0	0.0	0.0	0.0	0.0	0.0	0.0	0.0	0.0	0.0	125.0	117.0	94.0	94.0	106.0	102.0	100.0	104.0	100.0	99.0	99.0	100.0	102.0	98.0	97.0	116.0	143.0	0.0	0.0	0.0	0.0	0.0	0.0	0.0	0.0	0.0	0.0	38.0	125.0	104.0	104.0	104.0	104.0	107.0	99.0	115.0	98.0	98.0	95.0	100.0	100.0	103.0	107.0	108.0	121.0	68.0	0.0	0.0	0.0	0.0	0.0	0.0	0.0	0.0	0.0	68.0	133.0	132.0	97.0	102.0	104.0	103.0	98.0	117.0	110.0	100.0	100.0	100.0	104.0	99.0	94.0	117.0	133.0	100.0	0.0	0.0	0.0	0.0	0.0	0.0	0.0	0.0	0.0	90.0	124.0	169.0	95.0	98.0	103.0	102.0	98.0	119.0	111.0	100.0	100.0	100.0	99.0	90.0	129.0	170.0	128.0	121.0	0.0	0.0	0.0	0.0	0.0	0.0	0.0	0.0	0.0	108.0	110.0	196.0	147.0	82.0	107.0	104.0	104.0	115.0	102.0	111.0	107.0	100.0	104.0	86.0	186.0	187.0	112.0	130.0	0.0	0.0	0.0	0.0	0.0	0.0	0.0	0.0	0.0	121.0	107.0	201.0	173.0	82.0	115.0	108.0	108.0	120.0	112.0	112.0	111.0	107.0	117.0	86.0	191.0	173.0	95.0	139.0	0.0	0.0	0.0	0.0	0.0	0.0	0.0	0.0	0.0	132.0	78.0	190.0	232.0	77.0	119.0	111.0	112.0	125.0	112.0	113.0	113.0	115.0	119.0	80.0	232.0	192.0	81.0	143.0	2.0	0.0	0.0	0.0	0.0	0.0	0.0	0.0	0.0	135.0	80.0	172.0	252.0	69.0	113.0	111.0	112.0	133.0	116.0	116.0	113.0	113.0	120.0	71.0	221.0	205.0	78.0	142.0	18.0	0.0	0.0	0.0	0.0	0.0	0.0	0.0	9.0	135.0	86.0	166.0	239.0	72.0	115.0	113.0	107.0	133.0	112.0	115.0	120.0	115.0	121.0	69.0	231.0	205.0	86.0	143.0	29.0	0.0	0.0	0.0	0.0	0.0	0.0	0.0	12.0	139.0	88.0	161.0	243.0	81.0	115.0	112.0	104.0	135.0	120.0	119.0	119.0	113.0	121.0	81.0	236.0	194.0	111.0	133.0	36.0	0.0	0.0	0.0	0.0	0.0	0.0	0.0	23.0	143.0	90.0	164.0	220.0	77.0	117.0	113.0	111.0	137.0	122.0	119.0	116.0	116.0	120.0	88.0	186.0	208.0	132.0	128.0	44.0	0.0	0.0	0.0	0.0	0.0	0.0	0.0	34.0	138.0	86.0	173.0	209.0	77.0	117.0	111.0	115.0	130.0	117.0	122.0	112.0	113.0	119.0	104.0	135.0	230.0	113.0	125.0	55.0	0.0	0.0	0.0	0.0	0.0	0.0	0.0	42.0	128.0	91.0	183.0	143.0	90.0	116.0	108.0	116.0	128.0	113.0	120.0	111.0	112.0	120.0	108.0	104.0	227.0	91.0	129.0	62.0	0.0	0.0	0.0	0.0	0.0	0.0	0.0	54.0	121.0	110.0	183.0	86.0	98.0	112.0	112.0	116.0	132.0	116.0	116.0	117.0	116.0	120.0	116.0	77.0	210.0	88.0	126.0	63.0	0.0	0.0	0.0	0.0	0.0	0.0	0.0	58.0	113.0	129.0	192.0	56.0	107.0	112.0	111.0	113.0	132.0	121.0	116.0	112.0	116.0	113.0	116.0	47.0	251.0	95.0	120.0	68.0	0.0	0.0	0.0	0.0	0.0	0.0	0.0	62.0	103.0	129.0	209.0	46.0	111.0	111.0	111.0	113.0	129.0	110.0	121.0	111.0	113.0	110.0	128.0	22.0	239.0	102.0	112.0	68.0	0.0	0.0	0.0	0.0	0.0	0.0	0.0	68.0	102.0	128.0	210.0	2.0	124.0	102.0	107.0	122.0	139.0	107.0	120.0	117.0	115.0	108.0	135.0	1.0	230.0	106.0	117.0	71.0	0.0	0.0	0.0	0.0	0.0	0.0	0.0	69.0	99.0	130.0	255.0	0.0	130.0	103.0	106.0	120.0	141.0	115.0	120.0	108.0	111.0	107.0	135.0	3.0	208.0	130.0	103.0	71.0	0.0	0.0	0.0	0.0	0.0	0.0	0.0	66.0	93.0	141.0	210.0	0.0	133.0	103.0	107.0	113.0	135.0	111.0	125.0	115.0	111.0	103.0	135.0	12.0	166.0	151.0	89.0	71.0	0.0	0.0	0.0	0.0	0.0	0.0	0.0	64.0	89.0	157.0	144.0	0.0	135.0	103.0	110.0	112.0	141.0	108.0	122.0	116.0	113.0	104.0	130.0	19.0	103.0	155.0	86.0	72.0	0.0	0.0	0.0	0.0	0.0	0.0	0.0	60.0	93.0	169.0	85.0	0.0	125.0	99.0	119.0	110.0	142.0	121.0	121.0	115.0	108.0	103.0	133.0	28.0	73.0	156.0	89.0	63.0	0.0	0.0	0.0	0.0	0.0	0.0	0.0	44.0	91.0	170.0	50.0	22.0	151.0	102.0	110.0	106.0	135.0	117.0	115.0	112.0	112.0	94.0	133.0	59.0	62.0	160.0	88.0	50.0	0.0	0.0	0.0	0.0	0.0	0.0	0.0	46.0	99.0	185.0	51.0	0.0	108.0	135.0	133.0	122.0	143.0	125.0	122.0	126.0	135.0	138.0	135.0	0.0	59.0	169.0	91.0	50.0	0.0	0.0	0.0	0.0	0.0	0.0	0.0	25.0	64.0	154.0	34.0	0.0	0.0	16.0	64.0	93.0	124.0	128.0	111.0	99.0	77.0	34.0	0.0	0.0	49.0	141.0	85.0	36.0	0.0	0.0	0.0
0.0	0.0	0.0	0.0	0.0	0.0	0.0	0.0	0.0	36.0	19.0	81.0	107.0	101.0	103.0	56.0	74.0	169.0	124.0	70.0	0.0	0.0	0.0	0.0	0.0	0.0	0.0	0.0	0.0	0.0	0.0	0.0	0.0	0.0	0.0	0.0	141.0	209.0	181.0	198.0	194.0	196.0	189.0	167.0	177.0	167.0	137.0	136.0	33.0	0.0	2.0	0.0	0.0	0.0	0.0	0.0	0.0	0.0	0.0	0.0	0.0	2.0	0.0	62.0	154.0	92.0	101.0	227.0	253.0	248.0	247.0	253.0	255.0	77.0	63.0	160.0	92.0	0.0	2.0	0.0	0.0	0.0	0.0	0.0	0.0	0.0	0.0	0.0	0.0	2.0	0.0	61.0	114.0	132.0	75.0	63.0	183.0	210.0	208.0	223.0	130.0	104.0	123.0	129.0	47.0	0.0	1.0	0.0	0.0	0.0	0.0	0.0	0.0	0.0	0.0	0.0	0.0	1.0	0.0	18.0	154.0	104.0	148.0	251.0	80.0	87.0	237.0	25.0	27.0	78.0	133.0	114.0	42.0	0.0	1.0	0.0	0.0	0.0	0.0	0.0	0.0	0.0	0.0	0.0	0.0	0.0	0.0	17.0	104.0	116.0	109.0	64.0	64.0	83.0	51.0	40.0	71.0	48.0	25.0	36.0	55.0	12.0	0.0	0.0	0.0	0.0	0.0	0.0	0.0	0.0	0.0	0.0	0.0	0.0	4.0	42.0	31.0	21.0	10.0	18.0	49.0	44.0	33.0	57.0	48.0	42.0	32.0	30.0	50.0	39.0	0.0	0.0	0.0	0.0	0.0	0.0	0.0	0.0	0.0	0.0	0.0	0.0	24.0	37.0	70.0	16.0	36.0	36.0	39.0	44.0	35.0	38.0	41.0	39.0	32.0	29.0	40.0	44.0	0.0	0.0	0.0	0.0	0.0	0.0	0.0	0.0	0.0	0.0	0.0	0.0	38.0	25.0	70.0	35.0	33.0	35.0	38.0	59.0	41.0	35.0	40.0	41.0	34.0	50.0	39.0	55.0	13.0	0.0	0.0	0.0	0.0	0.0	0.0	0.0	0.0	0.0	0.0	2.0	44.0	32.0	57.0	31.0	36.0	36.0	28.0	85.0	52.0	34.0	41.0	39.0	35.0	61.0	44.0	59.0	57.0	0.0	0.0	0.0	0.0	0.0	0.0	0.0	0.0	0.0	0.0	8.0	46.0	38.0	72.0	22.0	26.0	41.0	46.0	35.0	32.0	42.0	42.0	43.0	30.0	31.0	50.0	42.0	42.0	0.0	0.0	0.0	0.0	0.0	0.0	0.0	0.0	0.0	0.0	10.0	55.0	32.0	99.0	51.0	43.0	36.0	43.0	54.0	37.0	43.0	43.0	33.0	57.0	44.0	54.0	41.0	32.0	0.0	0.0	0.0	0.0	0.0	0.0	0.0	0.0	0.0	0.0	13.0	59.0	23.0	84.0	73.0	53.0	26.0	43.0	53.0	32.0	42.0	46.0	30.0	73.0	43.0	56.0	48.0	43.0	0.0	0.0	0.0	0.0	0.0	0.0	0.0	0.0	0.0	0.0	15.0	51.0	58.0	64.0	37.0	24.0	43.0	31.0	111.0	61.0	35.0	50.0	43.0	28.0	28.0	92.0	62.0	42.0	0.0	0.0	0.0	0.0	0.0	0.0	0.0	0.0	0.0	0.0	19.0	29.0	79.0	54.0	28.0	37.0	34.0	51.0	51.0	35.0	40.0	47.0	52.0	33.0	45.0	97.0	49.0	38.0	0.0	0.0	0.0	0.0	0.0	0.0	0.0	0.0	0.0	0.0	23.0	22.0	65.0	87.0	34.0	29.0	40.0	55.0	55.0	40.0	47.0	38.0	44.0	33.0	46.0	83.0	38.0	40.0	0.0	0.0	0.0	0.0	0.0	0.0	0.0	0.0	0.0	0.0	28.0	20.0	69.0	114.0	28.0	32.0	41.0	43.0	34.0	36.0	47.0	42.0	35.0	32.0	39.0	83.0	37.0	41.0	1.0	0.0	0.0	0.0	0.0	0.0	0.0	0.0	0.0	0.0	29.0	19.0	63.0	101.0	23.0	31.0	40.0	29.0	89.0	61.0	38.0	42.0	39.0	33.0	34.0	81.0	32.0	42.0	5.0	0.0	0.0	0.0	0.0	0.0	0.0	0.0	0.0	0.0	27.0	17.0	66.0	101.0	12.0	27.0	33.0	51.0	67.0	52.0	40.0	60.0	34.0	24.0	24.0	85.0	30.0	40.0	9.0	0.0	0.0	0.0	0.0	0.0	0.0	0.0	0.0	0.0	29.0	14.0	66.0	81.0	20.0	46.0	20.0	82.0	42.0	38.0	39.0	75.0	29.0	47.0	33.0	74.0	33.0	36.0	14.0	0.0	0.0	0.0	0.0	0.0	0.0	0.0	0.0	0.0	25.0	15.0	63.0	99.0	20.0	57.0	39.0	46.0	49.0	41.0	44.0	42.0	42.0	57.0	32.0	79.0	40.0	32.0	15.0	0.0	0.0	0.0	0.0	0.0	0.0	0.0	0.0	0.0	23.0	14.0	66.0	99.0	10.0	32.0	31.0	38.0	63.0	43.0	42.0	41.0	37.0	31.0	19.0	70.0	57.0	31.0	20.0	0.0	0.0	0.0	0.0	0.0	0.0	0.0	0.0	0.0	20.0	16.0	55.0	111.0	20.0	29.0	35.0	28.0	98.0	69.0	35.0	38.0	42.0	31.0	25.0	77.0	50.0	30.0	24.0	0.0	0.0	0.0	0.0	0.0	0.0	0.0	0.0	0.0	18.0	15.0	52.0	101.0	12.0	32.0	36.0	42.0	42.0	29.0	45.0	39.0	36.0	33.0	23.0	85.0	41.0	26.0	25.0	0.0	0.0	0.0	0.0	0.0	0.0	0.0	0.0	0.0	26.0	24.0	61.0	114.0	11.0	30.0	35.0	39.0	62.0	40.0	45.0	37.0	32.0	33.0	26.0	95.0	54.0	35.0	32.0	0.0	0.0	0.0	0.0	0.0	0.0	0.0	0.0	0.0	17.0	17.0	30.0	61.0	22.0	34.0	31.0	38.0	40.0	33.0	42.0	42.0	35.0	33.0	34.0	56.0	35.0	20.0	19.0	0.0	0.0	0.0	0.0	0.0	0.0	0.0	0.0	0.0	0.0	0.0	0.0	21.0	42.0	36.0	40.0	31.0	100.0	76.0	38.0	40.0	37.0	43.0	45.0	0.0	0.0	0.0	0.0	0.0	0.0	0.0	0.0	0.0	0.0	0.0	0.0	0.0	0.0	0.0	0.0	1.0	0.0	0.0	5.0	105.0	5.0	0.0	12.0	116.0	0.0	1.0	2.0	0.0	0.0	0.0	0.0	0.0	0.0	0.0	0.0
0.0	0.0	0.0	0.0	0.0	0.0	0.0	0.0	0.0	0.0	0.0	242.0	214.0	205.0	207.0	207.0	192.0	223.0	188.0	0.0	0.0	0.0	0.0	0.0	0.0	0.0	0.0	0.0	0.0	0.0	0.0	0.0	0.0	0.0	0.0	0.0	0.0	0.0	95.0	255.0	236.0	244.0	242.0	239.0	226.0	232.0	255.0	0.0	0.0	0.0	0.0	0.0	0.0	0.0	0.0	0.0	0.0	0.0	0.0	0.0	0.0	0.0	0.0	0.0	0.0	0.0	185.0	247.0	221.0	227.0	230.0	229.0	223.0	214.0	255.0	77.0	0.0	0.0	0.0	0.0	0.0	0.0	0.0	0.0	0.0	0.0	0.0	0.0	0.0	0.0	0.0	0.0	0.0	0.0	228.0	243.0	235.0	235.0	225.0	230.0	222.0	216.0	251.0	126.0	0.0	0.0	0.0	0.0	0.0	0.0	0.0	0.0	0.0	0.0	0.0	0.0	0.0	0.0	0.0	0.0	0.0	0.0	255.0	240.0	230.0	246.0	230.0	232.0	237.0	231.0	245.0	163.0	0.0	0.0	0.0	0.0	0.0	0.0	0.0	0.0	0.0	0.0	0.0	0.0	0.0	0.0	0.0	0.0	0.0	0.0	250.0	242.0	233.0	240.0	242.0	228.0	241.0	238.0	246.0	162.0	0.0	0.0	0.0	0.0	0.0	0.0	0.0	0.0	0.0	0.0	0.0	0.0	0.0	0.0	0.0	0.0	0.0	0.0	243.0	244.0	229.0	235.0	254.0	240.0	248.0	232.0	250.0	153.0	0.0	0.0	0.0	0.0	0.0	0.0	0.0	0.0	0.0	0.0	0.0	0.0	0.0	0.0	0.0	0.0	0.0	0.0	234.0	248.0	222.0	243.0	229.0	238.0	254.0	233.0	255.0	132.0	0.0	0.0	0.0	0.0	0.0	0.0	0.0	0.0	0.0	0.0	0.0	0.0	0.0	0.0	0.0	0.0	0.0	0.0	223.0	253.0	217.0	255.0	135.0	176.0	255.0	226.0	255.0	116.0	0.0	0.0	0.0	0.0	0.0	0.0	0.0	0.0	0.0	0.0	0.0	0.0	0.0	0.0	0.0	0.0	0.0	0.0	207.0	253.0	227.0	255.0	85.0	109.0	255.0	218.0	255.0	98.0	0.0	0.0	0.0	0.0	0.0	0.0	0.0	0.0	0.0	0.0	0.0	0.0	0.0	0.0	0.0	0.0	0.0	0.0	179.0	253.0	227.0	255.0	10.0	71.0	255.0	227.0	255.0	70.0	0.0	0.0	0.0	0.0	0.0	0.0	0.0	0.0	0.0	0.0	0.0	0.0	0.0	0.0	0.0	0.0	0.0	0.0	155.0	254.0	229.0	255.0	0.0	56.0	255.0	228.0	255.0	46.0	0.0	0.0	0.0	0.0	0.0	0.0	0.0	0.0	0.0	0.0	0.0	0.0	0.0	0.0	0.0	0.0	0.0	0.0	132.0	254.0	232.0	255.0	0.0	29.0	255.0	230.0	255.0	31.0	0.0	0.0	0.0	0.0	0.0	0.0	0.0	0.0	0.0	0.0	0.0	0.0	0.0	0.0	0.0	0.0	0.0	0.0	111.0	255.0	235.0	255.0	0.0	32.0	255.0	232.0	255.0	17.0	0.0	0.0	0.0	0.0	0.0	0.0	0.0	0.0	0.0	0.0	0.0	0.0	0.0	0.0	0.0	0.0	0.0	0.0	88.0	255.0	237.0	250.0	0.0	34.0	255.0	234.0	255.0	0.0	0.0	0.0	0.0	0.0	0.0	0.0	0.0	0.0	0.0	0.0	0.0	0.0	0.0	0.0	0.0	0.0	0.0	0.0	65.0	255.0	235.0	249.0	0.0	17.0	255.0	236.0	255.0	0.0	0.0	0.0	0.0	0.0	0.0	0.0	0.0	0.0	0.0	0.0	0.0	0.0	0.0	0.0	0.0	0.0	0.0	0.0	62.0	254.0	237.0	243.0	0.0	9.0	255.0	240.0	254.0	0.0	0.0	0.0	0.0	0.0	0.0	0.0	0.0	0.0	0.0	0.0	0.0	0.0	0.0	0.0	0.0	0.0	0.0	0.0	56.0	253.0	240.0	234.0	0.0	4.0	255.0	244.0	246.0	0.0	0.0	0.0	0.0	0.0	0.0	0.0	0.0	0.0	0.0	0.0	0.0	0.0	0.0	0.0	0.0	0.0	0.0	0.0	50.0	251.0	240.0	214.0	0.0	0.0	255.0	246.0	235.0	0.0	0.0	0.0	0.0	0.0	0.0	0.0	0.0	0.0	0.0	0.0	0.0	0.0	0.0	0.0	0.0	0.0	0.0	0.0	39.0	246.0	240.0	208.0	0.0	0.0	255.0	248.0	223.0	0.0	0.0	0.0	0.0	0.0	0.0	0.0	0.0	0.0	0.0	0.0	0.0	0.0	0.0	0.0	0.0	0.0	0.0	0.0	29.0	241.0	242.0	206.0	0.0	0.0	255.0	249.0	211.0	0.0	0.0	0.0	0.0	0.0	0.0	0.0	0.0	0.0	0.0	0.0	0.0	0.0	0.0	0.0	0.0	0.0	0.0	0.0	20.0	239.0	246.0	182.0	0.0	0.0	255.0	249.0	208.0	0.0	0.0	0.0	0.0	0.0	0.0	0.0	0.0	0.0	0.0	0.0	0.0	0.0	0.0	0.0	0.0	0.0	0.0	0.0	7.0	236.0	250.0	153.0	0.0	0.0	247.0	252.0	205.0	0.0	0.0	0.0	0.0	0.0	0.0	0.0	0.0	0.0	0.0	0.0	0.0	0.0	0.0	0.0	0.0	0.0	0.0	0.0	0.0	232.0	252.0	119.0	0.0	0.0	223.0	255.0	186.0	0.0	0.0	0.0	0.0	0.0	0.0	0.0	0.0	0.0	0.0	0.0	0.0	0.0	0.0	0.0	0.0	0.0	0.0	0.0	0.0	224.0	254.0	91.0	0.0	0.0	200.0	255.0	179.0	0.0	0.0	0.0	0.0	0.0	0.0	0.0	0.0	0.0	0.0	0.0	0.0	0.0	0.0	0.0	0.0	0.0	0.0	0.0	0.0	211.0	254.0	70.0	0.0	0.0	147.0	255.0	148.0	0.0	0.0	0.0	0.0	0.0	0.0	0.0	0.0	0.0	0.0	0.0	0.0	0.0	0.0	0.0	0.0	0.0	0.0	0.0	0.0	190.0	255.0	34.0	0.0	0.0	119.0	255.0	118.0	0.0	0.0	0.0	0.0	0.0	0.0	0.0	0.0	0.0	0.0	0.0	0.0	0.0	0.0	0.0	0.0	0.0	0.0	0.0	0.0	67.0	123.0	0.0	0.0	0.0	22.0	145.0	13.0	0.0	0.0	0.0	0.0	0.0	0.0	0.0	0.0	0.0
0.0	0.0	0.0	0.0	0.0	0.0	0.0	0.0	128.0	148.0	117.0	122.0	114.0	109.0	115.0	114.0	143.0	168.0	173.0	165.0	0.0	0.0	0.0	0.0	0.0	0.0	0.0	0.0	0.0	0.0	0.0	0.0	0.0	0.0	0.0	0.0	231.0	205.0	237.0	233.0	237.0	240.0	237.0	229.0	236.0	234.0	185.0	220.0	0.0	0.0	0.0	0.0	0.0	0.0	0.0	0.0	0.0	0.0	0.0	0.0	0.0	0.0	0.0	25.0	245.0	190.0	178.0	182.0	178.0	156.0	145.0	154.0	168.0	173.0	185.0	227.0	10.0	0.0	0.0	0.0	0.0	0.0	0.0	0.0	0.0	0.0	0.0	0.0	0.0	0.0	0.0	70.0	224.0	166.0	180.0	190.0	201.0	202.0	207.0	200.0	185.0	174.0	167.0	213.0	36.0	0.0	0.0	0.0	0.0	0.0	0.0	0.0	0.0	0.0	0.0	0.0	0.0	0.0	0.0	94.0	207.0	168.0	185.0	186.0	197.0	197.0	193.0	189.0	178.0	179.0	165.0	206.0	66.0	0.0	0.0	0.0	0.0	0.0	0.0	0.0	0.0	0.0	0.0	0.0	0.0	0.0	0.0	114.0	201.0	172.0	180.0	182.0	191.0	207.0	193.0	199.0	189.0	178.0	166.0	195.0	101.0	0.0	0.0	0.0	0.0	0.0	0.0	0.0	0.0	0.0	0.0	0.0	0.0	0.0	0.0	131.0	196.0	176.0	182.0	183.0	185.0	206.0	191.0	205.0	186.0	183.0	178.0	189.0	120.0	0.0	0.0	0.0	0.0	0.0	0.0	0.0	0.0	0.0	0.0	0.0	0.0	0.0	0.0	145.0	186.0	173.0	183.0	178.0	170.0	205.0	202.0	205.0	184.0	178.0	172.0	186.0	126.0	0.0	0.0	0.0	0.0	0.0	0.0	0.0	0.0	0.0	0.0	0.0	0.0	0.0	0.0	149.0	188.0	176.0	171.0	180.0	173.0	191.0	222.0	208.0	184.0	178.0	174.0	185.0	129.0	0.0	0.0	0.0	0.0	0.0	0.0	0.0	0.0	0.0	0.0	0.0	0.0	0.0	0.0	121.0	193.0	174.0	171.0	180.0	177.0	176.0	234.0	206.0	183.0	183.0	174.0	191.0	106.0	0.0	0.0	0.0	0.0	0.0	0.0	0.0	0.0	0.0	0.0	0.0	0.0	0.0	0.0	92.0	202.0	163.0	176.0	180.0	180.0	182.0	254.0	193.0	182.0	177.0	174.0	190.0	94.0	0.0	0.0	0.0	0.0	0.0	0.0	0.0	0.0	0.0	0.0	0.0	0.0	0.0	0.0	75.0	207.0	165.0	179.0	174.0	190.0	149.0	205.0	208.0	176.0	183.0	177.0	196.0	92.0	0.0	0.0	0.0	0.0	0.0	0.0	0.0	0.0	0.0	0.0	0.0	0.0	0.0	0.0	60.0	207.0	166.0	178.0	167.0	212.0	58.0	104.0	239.0	170.0	179.0	166.0	194.0	122.0	0.0	0.0	0.0	0.0	0.0	0.0	0.0	0.0	0.0	0.0	0.0	0.0	0.0	0.0	26.0	210.0	165.0	171.0	166.0	219.0	31.0	64.0	248.0	167.0	177.0	163.0	197.0	75.0	0.0	0.0	0.0	0.0	0.0	0.0	0.0	0.0	0.0	0.0	0.0	0.0	0.0	0.0	0.0	202.0	171.0	174.0	170.0	228.0	6.0	24.0	253.0	174.0	176.0	167.0	199.0	4.0	0.0	0.0	0.0	0.0	0.0	0.0	0.0	0.0	0.0	0.0	0.0	0.0	0.0	0.0	0.0	188.0	177.0	182.0	177.0	219.0	0.0	0.0	252.0	186.0	182.0	174.0	205.0	0.0	0.0	0.0	0.0	0.0	0.0	0.0	0.0	0.0	0.0	0.0	0.0	0.0	0.0	0.0	0.0	171.0	178.0	171.0	172.0	203.0	0.0	0.0	235.0	184.0	179.0	177.0	191.0	0.0	0.0	0.0	0.0	0.0	0.0	0.0	0.0	0.0	0.0	0.0	0.0	0.0	0.0	0.0	0.0	144.0	183.0	171.0	176.0	200.0	6.0	0.0	228.0	186.0	174.0	174.0	184.0	0.0	0.0	0.0	0.0	0.0	0.0	0.0	0.0	0.0	0.0	0.0	0.0	0.0	0.0	0.0	0.0	134.0	184.0	171.0	178.0	203.0	0.0	0.0	218.0	186.0	172.0	177.0	168.0	0.0	0.0	0.0	0.0	0.0	0.0	0.0	0.0	0.0	0.0	0.0	0.0	0.0	0.0	0.0	0.0	105.0	188.0	172.0	176.0	195.0	0.0	0.0	201.0	191.0	171.0	179.0	154.0	0.0	0.0	0.0	0.0	0.0	0.0	0.0	0.0	0.0	0.0	0.0	0.0	0.0	0.0	0.0	0.0	68.0	189.0	168.0	174.0	196.0	0.0	0.0	176.0	197.0	171.0	182.0	139.0	0.0	0.0	0.0	0.0	0.0	0.0	0.0	0.0	0.0	0.0	0.0	0.0	0.0	0.0	0.0	0.0	42.0	184.0	170.0	174.0	190.0	0.0	0.0	159.0	196.0	171.0	182.0	125.0	0.0	0.0	0.0	0.0	0.0	0.0	0.0	0.0	0.0	0.0	0.0	0.0	0.0	0.0	0.0	0.0	25.0	180.0	174.0	179.0	188.0	0.0	0.0	136.0	199.0	171.0	184.0	98.0	0.0	0.0	0.0	0.0	0.0	0.0	0.0	0.0	0.0	0.0	0.0	0.0	0.0	0.0	0.0	0.0	0.0	208.0	176.0	179.0	185.0	0.0	0.0	123.0	202.0	171.0	184.0	72.0	0.0	0.0	0.0	0.0	0.0	0.0	0.0	0.0	0.0	0.0	0.0	0.0	0.0	0.0	0.0	0.0	0.0	200.0	178.0	177.0	184.0	0.0	0.0	116.0	200.0	168.0	183.0	53.0	0.0	0.0	0.0	0.0	0.0	0.0	0.0	0.0	0.0	0.0	0.0	0.0	0.0	0.0	0.0	0.0	0.0	193.0	182.0	182.0	205.0	0.0	0.0	126.0	202.0	172.0	189.0	61.0	0.0	0.0	0.0	0.0	0.0	0.0	0.0	0.0	0.0	0.0	0.0	0.0	0.0	0.0	0.0	3.0	0.0	137.0	217.0	206.0	211.0	0.0	0.0	92.0	229.0	202.0	203.0	36.0	0.0	0.0	0.0	0.0	0.0	0.0	0.0	0.0	0.0	0.0	0.0	0.0	0.0	0.0	0.0	0.0	0.0	18.0	95.0	109.0	63.0	0.0	0.0	7.0	126.0	128.0	103.0	0.0	0.0	0.0	0.0	0.0	0.0	0.0	0.0	0.0
0.0	0.0	0.0	0.0	0.0	0.0	0.0	0.0	0.0	0.0	0.0	0.0	0.0	0.0	0.0	0.0	0.0	0.0	0.0	0.0	0.0	0.0	0.0	0.0	0.0	0.0	0.0	0.0	0.0	0.0	0.0	0.0	0.0	0.0	0.0	0.0	0.0	0.0	0.0	0.0	0.0	0.0	0.0	0.0	0.0	0.0	0.0	0.0	0.0	0.0	0.0	0.0	0.0	0.0	0.0	0.0	0.0	0.0	0.0	0.0	0.0	0.0	0.0	0.0	0.0	0.0	0.0	0.0	0.0	0.0	0.0	0.0	0.0	0.0	0.0	0.0	0.0	0.0	0.0	0.0	0.0	0.0	0.0	0.0	0.0	0.0	0.0	0.0	0.0	0.0	0.0	0.0	0.0	3.0	0.0	0.0	57.0	78.0	87.0	47.0	25.0	4.0	0.0	0.0	0.0	1.0	0.0	0.0	0.0	0.0	0.0	0.0	0.0	0.0	0.0	0.0	0.0	0.0	0.0	0.0	3.0	0.0	12.0	154.0	123.0	33.0	57.0	48.0	82.0	118.0	56.0	0.0	0.0	1.0	0.0	0.0	0.0	0.0	0.0	0.0	0.0	0.0	0.0	0.0	0.0	0.0	0.0	0.0	2.0	0.0	94.0	125.0	0.0	0.0	0.0	0.0	0.0	86.0	203.0	39.0	0.0	5.0	0.0	0.0	0.0	0.0	0.0	0.0	0.0	0.0	0.0	0.0	0.0	0.0	0.0	1.0	0.0	1.0	125.0	82.0	0.0	1.0	1.0	3.0	0.0	55.0	133.0	45.0	0.0	4.0	1.0	0.0	0.0	0.0	0.0	0.0	0.0	0.0	2.0	6.0	2.0	2.0	1.0	0.0	0.0	20.0	163.0	75.0	0.0	2.0	2.0	2.0	0.0	109.0	116.0	71.0	0.0	2.0	1.0	1.0	6.0	5.0	4.0	0.0	0.0	2.0	0.0	0.0	0.0	0.0	0.0	0.0	0.0	1.0	183.0	65.0	0.0	0.0	0.0	0.0	0.0	141.0	126.0	32.0	0.0	0.0	0.0	0.0	0.0	0.0	0.0	0.0	1.0	0.0	0.0	40.0	66.0	108.0	119.0	234.0	252.0	138.0	72.0	108.0	41.0	23.0	29.0	40.0	28.0	179.0	47.0	79.0	125.0	107.0	101.0	89.0	93.0	43.0	0.0	0.0	0.0	0.0	165.0	234.0	182.0	211.0	215.0	209.0	192.0	171.0	104.0	179.0	211.0	203.0	198.0	198.0	206.0	189.0	100.0	142.0	217.0	177.0	177.0	181.0	185.0	180.0	183.0	55.0	0.0	12.0	191.0	175.0	178.0	200.0	195.0	192.0	165.0	182.0	204.0	185.0	167.0	173.0	175.0	164.0	173.0	175.0	198.0	189.0	164.0	169.0	168.0	164.0	160.0	153.0	221.0	130.0	0.0	8.0	37.0	171.0	193.0	205.0	200.0	162.0	169.0	162.0	156.0	164.0	171.0	169.0	173.0	168.0	162.0	171.0	171.0	178.0	181.0	171.0	169.0	169.0	172.0	201.0	169.0	45.0	0.0	26.0	119.0	202.0	208.0	215.0	188.0	150.0	169.0	174.0	171.0	163.0	171.0	177.0	181.0	169.0	165.0	175.0	172.0	177.0	180.0	178.0	180.0	184.0	177.0	177.0	78.0	44.0	0.0	17.0	200.0	193.0	208.0	218.0	200.0	184.0	180.0	174.0	182.0	180.0	182.0	180.0	181.0	177.0	173.0	178.0	180.0	172.0	173.0	180.0	184.0	187.0	189.0	190.0	207.0	19.0	0.0	63.0	170.0	189.0	209.0	213.0	176.0	185.0	187.0	177.0	176.0	182.0	185.0	183.0	184.0	194.0	194.0	188.0	189.0	185.0	183.0	186.0	181.0	176.0	174.0	179.0	196.0	11.0	86.0	181.0	183.0	205.0	213.0	208.0	168.0	180.0	185.0	185.0	186.0	183.0	184.0	179.0	183.0	186.0	182.0	182.0	187.0	188.0	184.0	181.0	184.0	185.0	187.0	187.0	207.0	5.0	102.0	255.0	219.0	217.0	234.0	194.0	182.0	187.0	186.0	185.0	187.0	185.0	186.0	183.0	185.0	183.0	181.0	183.0	184.0	188.0	187.0	187.0	186.0	187.0	184.0	188.0	200.0	0.0	30.0	214.0	224.0	230.0	218.0	181.0	192.0	193.0	193.0	195.0	198.0	195.0	195.0	194.0	193.0	189.0	189.0	189.0	185.0	190.0	189.0	189.0	193.0	198.0	191.0	193.0	198.0	0.0	0.0	0.0	114.0	218.0	181.0	187.0	195.0	182.0	184.0	189.0	190.0	187.0	187.0	189.0	193.0	194.0	190.0	192.0	198.0	198.0	193.0	192.0	195.0	195.0	193.0	196.0	191.0	0.0	0.0	0.0	67.0	229.0	183.0	190.0	179.0	181.0	191.0	189.0	191.0	190.0	190.0	186.0	188.0	190.0	190.0	190.0	192.0	195.0	197.0	196.0	190.0	191.0	195.0	192.0	172.0	0.0	1.0	0.0	43.0	204.0	191.0	192.0	187.0	185.0	187.0	190.0	192.0	191.0	187.0	185.0	190.0	197.0	200.0	197.0	194.0	199.0	204.0	200.0	200.0	201.0	181.0	192.0	173.0	0.0	1.0	0.0	0.0	175.0	189.0	186.0	182.0	177.0	175.0	179.0	185.0	186.0	181.0	182.0	185.0	185.0	184.0	182.0	183.0	186.0	194.0	193.0	205.0	143.0	28.0	168.0	166.0	0.0	2.0	0.0	0.0	247.0	207.0	198.0	224.0	227.0	227.0	228.0	234.0	238.0	240.0	242.0	237.0	232.0	234.0	237.0	236.0	236.0	238.0	233.0	254.0	192.0	102.0	201.0	175.0	0.0	0.0	0.0	0.0	58.0	89.0	91.0	98.0	98.0	88.0	78.0	77.0	78.0	82.0	78.0	73.0	67.0	64.0	65.0	65.0	62.0	60.0	57.0	52.0	47.0	62.0	83.0	23.0	0.0	0.0	0.0	0.0	0.0	0.0	0.0	0.0	0.0	0.0	0.0	0.0	0.0	0.0	0.0	0.0	0.0	0.0	0.0	0.0	0.0	0.0	0.0	0.0	0.0	0.0	0.0	0.0	0.0	0.0	0.0	0.0	0.0	0.0	0.0	0.0	0.0	0.0	0.0	0.0	0.0	0.0	0.0	0.0	0.0	0.0	0.0	0.0	0.0	0.0	0.0	0.0	0.0	0.0	0.0	0.0	0.0	0.0	0.0	0.0	0.0	0.0	0.0	0.0	0.0	0.0	0.0	0.0	0.0	0.0	0.0	0.0	0.0	0.0	0.0	0.0	0.0	0.0	0.0	0.0	0.0	0.0	0.0	0.0	0.0
0.0	0.0	0.0	0.0	0.0	0.0	0.0	0.0	0.0	1.0	0.0	0.0	18.0	107.0	119.0	103.0	9.0	0.0	0.0	0.0	0.0	0.0	0.0	0.0	0.0	0.0	0.0	0.0	0.0	0.0	0.0	0.0	0.0	0.0	0.0	0.0	0.0	0.0	0.0	99.0	155.0	113.0	61.0	118.0	173.0	117.0	0.0	0.0	3.0	0.0	0.0	0.0	0.0	0.0	0.0	0.0	0.0	0.0	0.0	0.0	0.0	0.0	0.0	0.0	1.0	0.0	110.0	136.0	0.0	0.0	0.0	0.0	0.0	167.0	159.0	0.0	0.0	2.0	0.0	0.0	0.0	0.0	0.0	0.0	0.0	0.0	0.0	0.0	0.0	1.0	0.0	6.0	0.0	72.0	147.0	0.0	0.0	5.0	0.0	2.0	0.0	0.0	174.0	118.0	0.0	5.0	0.0	0.0	0.0	0.0	0.0	0.0	0.0	0.0	0.0	0.0	0.0	1.0	5.0	0.0	0.0	174.0	4.0	0.0	4.0	0.0	0.0	0.0	0.0	0.0	0.0	204.0	44.0	0.0	4.0	0.0	0.0	0.0	0.0	0.0	0.0	0.0	0.0	0.0	0.0	0.0	8.0	0.0	125.0	128.0	0.0	9.0	0.0	0.0	0.0	0.0	0.0	2.0	0.0	107.0	152.0	0.0	6.0	0.0	0.0	0.0	0.0	0.0	0.0	0.0	0.0	0.0	0.0	0.0	0.0	0.0	184.0	9.0	0.0	4.0	0.0	0.0	0.0	0.0	0.0	2.0	0.0	0.0	190.0	0.0	0.0	2.0	0.0	0.0	0.0	0.0	0.0	0.0	0.0	1.0	0.0	2.0	0.0	73.0	158.0	0.0	0.0	0.0	0.0	1.0	0.0	0.0	0.0	0.0	4.0	0.0	157.0	79.0	0.0	3.0	1.0	0.0	0.0	0.0	0.0	0.0	2.0	5.0	1.0	0.0	0.0	157.0	98.0	0.0	2.0	0.0	0.0	1.0	0.0	0.0	0.0	0.0	5.0	0.0	121.0	145.0	0.0	0.0	0.0	0.0	0.0	0.0	0.0	0.0	0.0	0.0	0.0	0.0	0.0	231.0	84.0	0.0	2.0	1.0	1.0	0.0	0.0	0.0	0.0	0.0	1.0	0.0	92.0	223.0	16.0	0.0	7.0	4.0	1.0	0.0	0.0	0.0	0.0	0.0	0.0	0.0	38.0	183.0	81.0	0.0	0.0	0.0	2.0	2.0	1.0	2.0	1.0	0.0	1.0	0.0	120.0	226.0	57.0	0.0	0.0	0.0	0.0	0.0	0.0	0.0	173.0	216.0	193.0	213.0	183.0	164.0	167.0	98.0	16.0	0.0	0.0	0.0	0.0	0.0	0.0	0.0	0.0	0.0	107.0	141.0	111.0	91.0	90.0	108.0	50.0	0.0	0.0	0.0	185.0	221.0	217.0	210.0	202.0	222.0	200.0	206.0	202.0	204.0	109.0	27.0	12.0	17.0	61.0	136.0	180.0	221.0	202.0	225.0	208.0	214.0	223.0	240.0	162.0	0.0	0.0	0.0	183.0	220.0	205.0	200.0	193.0	184.0	189.0	182.0	173.0	194.0	215.0	216.0	205.0	207.0	207.0	195.0	185.0	194.0	194.0	203.0	212.0	183.0	193.0	211.0	153.0	0.0	0.0	0.0	190.0	233.0	203.0	206.0	214.0	216.0	195.0	183.0	176.0	159.0	175.0	189.0	202.0	195.0	186.0	186.0	182.0	186.0	195.0	209.0	235.0	203.0	202.0	215.0	136.0	0.0	0.0	0.0	180.0	228.0	201.0	202.0	188.0	183.0	178.0	192.0	186.0	181.0	181.0	177.0	204.0	217.0	175.0	179.0	184.0	176.0	166.0	169.0	175.0	185.0	152.0	203.0	107.0	0.0	0.0	0.0	167.0	235.0	200.0	207.0	207.0	209.0	207.0	203.0	198.0	189.0	182.0	178.0	186.0	189.0	178.0	192.0	197.0	195.0	192.0	185.0	184.0	205.0	187.0	255.0	61.0	0.0	0.0	0.0	152.0	250.0	208.0	214.0	209.0	202.0	200.0	202.0	205.0	204.0	200.0	192.0	198.0	204.0	195.0	205.0	206.0	198.0	199.0	203.0	214.0	207.0	179.0	249.0	55.0	0.0	0.0	0.0	126.0	255.0	211.0	215.0	210.0	206.0	203.0	203.0	203.0	206.0	204.0	199.0	206.0	207.0	200.0	206.0	201.0	199.0	202.0	208.0	215.0	195.0	174.0	211.0	15.0	0.0	0.0	0.0	107.0	255.0	212.0	211.0	210.0	211.0	208.0	206.0	206.0	207.0	208.0	208.0	217.0	214.0	205.0	206.0	204.0	208.0	211.0	211.0	220.0	197.0	182.0	225.0	0.0	0.0	0.0	0.0	63.0	232.0	211.0	216.0	212.0	214.0	212.0	212.0	214.0	212.0	211.0	212.0	223.0	219.0	210.0	214.0	213.0	212.0	211.0	209.0	217.0	208.0	168.0	190.0	0.0	0.0	0.0	0.0	14.0	255.0	218.0	221.0	215.0	218.0	218.0	217.0	215.0	213.0	211.0	215.0	228.0	220.0	216.0	222.0	217.0	217.0	216.0	218.0	212.0	213.0	189.0	143.0	0.0	0.0	0.0	0.0	0.0	230.0	227.0	214.0	217.0	218.0	216.0	217.0	217.0	214.0	216.0	222.0	226.0	218.0	218.0	220.0	219.0	218.0	217.0	218.0	217.0	215.0	216.0	113.0	0.0	0.0	0.0	0.0	0.0	177.0	233.0	216.0	223.0	222.0	213.0	213.0	215.0	212.0	220.0	226.0	221.0	220.0	221.0	218.0	222.0	220.0	220.0	221.0	217.0	212.0	219.0	52.0	0.0	0.0	0.0	0.0	0.0	10.0	223.0	222.0	220.0	211.0	213.0	215.0	220.0	222.0	226.0	226.0	221.0	223.0	222.0	222.0	221.0	218.0	220.0	219.0	220.0	223.0	174.0	0.0	0.0	0.0	0.0	0.0	0.0	0.0	126.0	241.0	208.0	210.0	214.0	214.0	216.0	216.0	220.0	220.0	214.0	213.0	212.0	212.0	210.0	215.0	217.0	218.0	215.0	236.0	42.0	0.0	1.0	0.0	0.0	0.0	0.0	0.0	0.0	188.0	237.0	230.0	233.0	255.0	255.0	255.0	255.0	255.0	255.0	255.0	255.0	255.0	255.0	255.0	231.0	229.0	239.0	161.0	0.0	0.0	0.0	0.0	0.0	0.0	0.0	0.0	0.0	0.0	63.0	95.0	108.0	105.0	100.0	103.0	104.0	105.0	102.0	100.0	98.0	97.0	96.0	90.0	80.0	83.0	60.0	0.0	0.0	0.0	0.0	0.0
0.0	0.0	0.0	0.0	0.0	0.0	0.0	0.0	0.0	0.0	0.0	0.0	0.0	0.0	0.0	0.0	0.0	0.0	0.0	0.0	0.0	0.0	0.0	0.0	0.0	0.0	0.0	0.0	0.0	0.0	0.0	0.0	0.0	0.0	0.0	0.0	160.0	138.0	52.0	0.0	0.0	0.0	0.0	0.0	0.0	14.0	116.0	166.0	179.0	6.0	0.0	0.0	0.0	0.0	0.0	0.0	0.0	0.0	0.0	0.0	0.0	0.0	0.0	0.0	190.0	164.0	207.0	176.0	151.0	111.0	88.0	120.0	169.0	208.0	255.0	174.0	181.0	13.0	0.0	0.0	0.0	0.0	0.0	0.0	0.0	0.0	0.0	0.0	0.0	0.0	0.0	0.0	210.0	194.0	166.0	254.0	251.0	87.0	0.0	148.0	254.0	255.0	204.0	155.0	216.0	2.0	0.0	0.0	0.0	0.0	0.0	0.0	0.0	0.0	0.0	0.0	0.0	0.0	0.0	33.0	218.0	235.0	153.0	135.0	243.0	208.0	173.0	252.0	255.0	198.0	85.0	225.0	218.0	14.0	0.0	0.0	0.0	0.0	0.0	0.0	0.0	0.0	0.0	0.0	0.0	0.0	0.0	75.0	226.0	222.0	250.0	136.0	98.0	158.0	188.0	166.0	115.0	95.0	227.0	229.0	223.0	52.0	0.0	0.0	0.0	0.0	0.0	0.0	0.0	0.0	0.0	0.0	0.0	0.0	0.0	120.0	252.0	218.0	226.0	253.0	227.0	176.0	153.0	170.0	209.0	252.0	235.0	219.0	231.0	94.0	0.0	0.0	0.0	0.0	0.0	0.0	0.0	0.0	0.0	0.0	0.0	0.0	0.0	158.0	243.0	219.0	223.0	219.0	223.0	230.0	231.0	230.0	226.0	219.0	220.0	218.0	228.0	134.0	0.0	0.0	0.0	0.0	0.0	0.0	0.0	0.0	0.0	0.0	0.0	0.0	0.0	173.0	236.0	220.0	219.0	219.0	228.0	231.0	230.0	229.0	227.0	218.0	216.0	217.0	223.0	135.0	0.0	0.0	0.0	0.0	0.0	0.0	0.0	0.0	0.0	0.0	0.0	0.0	0.0	182.0	221.0	219.0	226.0	253.0	205.0	151.0	134.0	148.0	201.0	253.0	224.0	211.0	221.0	119.0	0.0	0.0	0.0	0.0	0.0	0.0	0.0	0.0	0.0	0.0	0.0	0.0	0.0	182.0	221.0	225.0	234.0	74.0	11.0	10.0	11.0	10.0	8.0	41.0	216.0	220.0	219.0	126.0	0.0	0.0	0.0	0.0	0.0	0.0	0.0	0.0	0.0	0.0	0.0	0.0	0.0	164.0	226.0	236.0	33.0	17.0	25.0	35.0	29.0	12.0	23.0	11.0	11.0	219.0	223.0	125.0	0.0	0.0	0.0	0.0	0.0	0.0	0.0	0.0	0.0	0.0	0.0	0.0	0.0	146.0	237.0	114.0	18.0	92.0	82.0	14.0	39.0	119.0	17.0	30.0	16.0	77.0	231.0	121.0	0.0	0.0	0.0	0.0	0.0	0.0	0.0	0.0	0.0	0.0	0.0	0.0	0.0	155.0	220.0	40.0	18.0	218.0	181.0	10.0	95.0	238.0	19.0	19.0	34.0	14.0	247.0	151.0	0.0	0.0	0.0	0.0	0.0	0.0	0.0	0.0	0.0	0.0	0.0	0.0	0.0	148.0	241.0	26.0	22.0	188.0	160.0	10.0	72.0	196.0	18.0	12.0	25.0	16.0	193.0	161.0	0.0	0.0	0.0	0.0	0.0	0.0	0.0	0.0	0.0	0.0	0.0	0.0	0.0	120.0	235.0	24.0	42.0	42.0	36.0	28.0	23.0	28.0	15.0	69.0	128.0	15.0	179.0	161.0	0.0	0.0	0.0	0.0	0.0	0.0	0.0	0.0	0.0	0.0	0.0	0.0	0.0	107.0	205.0	25.0	50.0	42.0	37.0	41.0	39.0	32.0	9.0	79.0	255.0	13.0	175.0	165.0	0.0	0.0	0.0	0.0	0.0	0.0	0.0	0.0	0.0	0.0	0.0	0.0	0.0	93.0	229.0	42.0	36.0	53.0	40.0	15.0	18.0	32.0	125.0	132.0	129.0	30.0	225.0	158.0	0.0	0.0	0.0	0.0	0.0	0.0	0.0	0.0	0.0	0.0	0.0	0.0	0.0	84.0	240.0	160.0	15.0	61.0	175.0	163.0	167.0	170.0	118.0	14.0	12.0	96.0	253.0	153.0	0.0	0.0	0.0	0.0	0.0	0.0	0.0	0.0	0.0	0.0	0.0	0.0	0.0	94.0	227.0	227.0	121.0	13.0	16.0	25.0	25.0	11.0	9.0	9.0	81.0	252.0	216.0	179.0	0.0	0.0	0.0	0.0	0.0	0.0	0.0	0.0	0.0	0.0	0.0	0.0	0.0	95.0	231.0	218.0	231.0	186.0	74.0	17.0	12.0	12.0	51.0	152.0	253.0	216.0	213.0	185.0	0.0	0.0	0.0	0.0	0.0	0.0	0.0	0.0	0.0	0.0	0.0	0.0	0.0	93.0	232.0	219.0	221.0	232.0	253.0	249.0	236.0	243.0	252.0	231.0	217.0	216.0	221.0	190.0	0.0	0.0	0.0	0.0	0.0	0.0	0.0	0.0	0.0	0.0	0.0	0.0	0.0	103.0	253.0	222.0	223.0	221.0	221.0	225.0	227.0	225.0	220.0	219.0	218.0	217.0	219.0	196.0	0.0	0.0	0.0	0.0	0.0	0.0	0.0	0.0	0.0	0.0	0.0	0.0	0.0	110.0	253.0	222.0	224.0	224.0	224.0	222.0	223.0	223.0	225.0	225.0	223.0	220.0	221.0	202.0	0.0	0.0	0.0	0.0	0.0	0.0	0.0	0.0	0.0	0.0	0.0	0.0	0.0	112.0	253.0	223.0	224.0	224.0	225.0	224.0	227.0	226.0	226.0	227.0	225.0	222.0	221.0	207.0	0.0	0.0	0.0	0.0	0.0	0.0	0.0	0.0	0.0	0.0	0.0	0.0	0.0	109.0	233.0	222.0	225.0	222.0	223.0	222.0	225.0	224.0	223.0	221.0	219.0	216.0	216.0	203.0	0.0	0.0	0.0	0.0	0.0	0.0	0.0	0.0	0.0	0.0	0.0	0.0	0.0	123.0	255.0	231.0	240.0	238.0	238.0	237.0	237.0	240.0	245.0	245.0	245.0	245.0	252.0	237.0	0.0	0.0	0.0	0.0	0.0	0.0	0.0	0.0	0.0	0.0	0.0	0.0	0.0	0.0	145.0	168.0	197.0	206.0	204.0	205.0	205.0	198.0	191.0	180.0	171.0	163.0	169.0	111.0	0.0	0.0	0.0	0.0	0.0	0.0
0.0	0.0	0.0	0.0	0.0	0.0	0.0	0.0	0.0	0.0	151.0	150.0	144.0	138.0	119.0	155.0	144.0	155.0	99.0	0.0	0.0	0.0	0.0	0.0	0.0	0.0	0.0	0.0	0.0	0.0	0.0	0.0	0.0	0.0	0.0	0.0	0.0	5.0	255.0	253.0	254.0	255.0	253.0	254.0	248.0	239.0	238.0	0.0	0.0	0.0	0.0	0.0	0.0	0.0	0.0	0.0	0.0	0.0	0.0	0.0	0.0	0.0	0.0	0.0	0.0	76.0	255.0	225.0	233.0	233.0	223.0	222.0	227.0	207.0	232.0	28.0	0.0	0.0	0.0	0.0	0.0	0.0	0.0	0.0	0.0	0.0	0.0	0.0	0.0	0.0	0.0	0.0	0.0	95.0	255.0	217.0	238.0	239.0	225.0	231.0	237.0	208.0	235.0	69.0	0.0	0.0	0.0	0.0	0.0	0.0	0.0	0.0	0.0	0.0	0.0	0.0	0.0	0.0	0.0	0.0	0.0	122.0	255.0	224.0	236.0	236.0	226.0	230.0	234.0	226.0	253.0	148.0	0.0	0.0	0.0	0.0	0.0	0.0	0.0	0.0	0.0	0.0	0.0	0.0	0.0	0.0	0.0	0.0	0.0	160.0	242.0	210.0	232.0	237.0	226.0	230.0	239.0	223.0	221.0	170.0	0.0	0.0	0.0	0.0	0.0	0.0	0.0	0.0	0.0	0.0	0.0	0.0	0.0	0.0	0.0	0.0	0.0	168.0	224.0	176.0	218.0	247.0	242.0	247.0	234.0	205.0	195.0	156.0	0.0	0.0	0.0	0.0	0.0	0.0	0.0	0.0	0.0	0.0	0.0	0.0	0.0	0.0	0.0	0.0	0.0	131.0	244.0	173.0	208.0	254.0	78.0	254.0	236.0	208.0	209.0	132.0	0.0	0.0	0.0	0.0	0.0	0.0	0.0	0.0	0.0	0.0	0.0	0.0	0.0	0.0	0.0	0.0	0.0	67.0	253.0	194.0	211.0	252.0	0.0	254.0	240.0	207.0	230.0	86.0	0.0	0.0	0.0	0.0	0.0	0.0	0.0	0.0	0.0	0.0	0.0	0.0	0.0	0.0	0.0	0.0	0.0	1.0	253.0	210.0	218.0	247.0	0.0	255.0	232.0	213.0	243.0	19.0	0.0	0.0	0.0	0.0	0.0	0.0	0.0	0.0	0.0	0.0	0.0	0.0	0.0	0.0	0.0	0.0	0.0	0.0	225.0	217.0	206.0	240.0	0.0	255.0	230.0	215.0	210.0	0.0	0.0	0.0	0.0	0.0	0.0	0.0	0.0	0.0	0.0	0.0	0.0	0.0	0.0	0.0	0.0	0.0	0.0	0.0	170.0	224.0	205.0	237.0	0.0	251.0	226.0	215.0	148.0	0.0	0.0	0.0	0.0	0.0	0.0	0.0	0.0	0.0	0.0	0.0	0.0	0.0	0.0	0.0	0.0	0.0	0.0	0.0	101.0	226.0	202.0	239.0	0.0	252.0	216.0	206.0	82.0	0.0	0.0	0.0	0.0	0.0	0.0	0.0	0.0	0.0	0.0	0.0	0.0	0.0	0.0	0.0	0.0	0.0	0.0	0.0	46.0	219.0	196.0	233.0	0.0	252.0	208.0	219.0	39.0	0.0	0.0	0.0	0.0	0.0	0.0	0.0	0.0	0.0	0.0	0.0	0.0	0.0	0.0	0.0	0.0	0.0	0.0	0.0	29.0	211.0	190.0	234.0	0.0	255.0	204.0	209.0	5.0	0.0	0.0	0.0	0.0	0.0	0.0	0.0	0.0	0.0	0.0	0.0	0.0	0.0	0.0	0.0	0.0	0.0	0.0	0.0	7.0	201.0	185.0	239.0	0.0	255.0	200.0	211.0	0.0	0.0	0.0	0.0	0.0	0.0	0.0	0.0	0.0	0.0	0.0	0.0	0.0	0.0	0.0	0.0	0.0	0.0	0.0	0.0	9.0	198.0	195.0	228.0	0.0	248.0	211.0	193.0	0.0	0.0	0.0	0.0	0.0	0.0	0.0	0.0	0.0	0.0	0.0	0.0	0.0	0.0	0.0	0.0	0.0	0.0	0.0	0.0	34.0	208.0	216.0	179.0	0.0	238.0	231.0	210.0	0.0	0.0	0.0	0.0	0.0	0.0	0.0	0.0	0.0	0.0	0.0	0.0	0.0	0.0	0.0	0.0	0.0	0.0	0.0	0.0	45.0	227.0	235.0	155.0	0.0	233.0	244.0	226.0	0.0	0.0	0.0	0.0	0.0	0.0	0.0	0.0	0.0	0.0	0.0	0.0	0.0	0.0	0.0	0.0	0.0	0.0	0.0	0.0	37.0	237.0	243.0	163.0	0.0	240.0	247.0	221.0	0.0	0.0	0.0	0.0	0.0	0.0	0.0	0.0	0.0	0.0	0.0	0.0	0.0	0.0	0.0	0.0	0.0	0.0	0.0	0.0	0.0	223.0	254.0	145.0	0.0	234.0	251.0	198.0	0.0	0.0	0.0	0.0	0.0	0.0	0.0	0.0	0.0	0.0	0.0	0.0	0.0	0.0	0.0	0.0	0.0	0.0	0.0	0.0	0.0	203.0	255.0	115.0	0.0	218.0	255.0	162.0	0.0	0.0	0.0	0.0	0.0	0.0	0.0	0.0	0.0	0.0	0.0	0.0	0.0	0.0	0.0	0.0	0.0	0.0	0.0	0.0	0.0	196.0	255.0	121.0	0.0	208.0	255.0	117.0	0.0	3.0	0.0	0.0	0.0	0.0	0.0	0.0	0.0	0.0	0.0	0.0	0.0	0.0	0.0	0.0	0.0	0.0	0.0	0.0	0.0	184.0	255.0	108.0	0.0	222.0	255.0	89.0	0.0	3.0	0.0	0.0	0.0	0.0	0.0	0.0	0.0	0.0	0.0	0.0	0.0	0.0	0.0	0.0	0.0	0.0	0.0	0.0	0.0	154.0	255.0	142.0	0.0	215.0	255.0	76.0	0.0	3.0	0.0	0.0	0.0	0.0	0.0	0.0	0.0	0.0	0.0	0.0	0.0	0.0	0.0	0.0	0.0	0.0	0.0	2.0	0.0	116.0	255.0	201.0	0.0	210.0	246.0	25.0	0.0	3.0	0.0	0.0	0.0	0.0	0.0	0.0	0.0	0.0	0.0	0.0	0.0	0.0	0.0	0.0	0.0	0.0	0.0	3.0	0.0	82.0	255.0	152.0	0.0	255.0	254.0	3.0	0.0	2.0	0.0	0.0	0.0	0.0	0.0	0.0	0.0	0.0	0.0	0.0	0.0	0.0	0.0	0.0	0.0	0.0	0.0	1.0	0.0	0.0	212.0	82.0	0.0	151.0	159.0	0.0	0.0	1.0	0.0	0.0	0.0	0.0	0.0	0.0	0.0	0.0
0.0	0.0	0.0	0.0	0.0	0.0	0.0	0.0	0.0	0.0	31.0	167.0	121.0	140.0	87.0	119.0	130.0	131.0	164.0	0.0	0.0	0.0	0.0	0.0	0.0	0.0	0.0	0.0	0.0	0.0	0.0	0.0	0.0	0.0	0.0	0.0	0.0	0.0	130.0	255.0	243.0	255.0	248.0	255.0	254.0	229.0	255.0	54.0	0.0	0.0	0.0	0.0	0.0	0.0	0.0	0.0	0.0	0.0	0.0	0.0	0.0	0.0	0.0	0.0	0.0	0.0	194.0	244.0	227.0	239.0	229.0	218.0	228.0	215.0	244.0	112.0	0.0	0.0	0.0	0.0	0.0	0.0	0.0	0.0	0.0	0.0	0.0	0.0	0.0	0.0	0.0	0.0	0.0	0.0	236.0	238.0	225.0	241.0	226.0	218.0	231.0	215.0	231.0	168.0	0.0	0.0	0.0	0.0	0.0	0.0	0.0	0.0	0.0	0.0	0.0	0.0	0.0	0.0	0.0	0.0	0.0	0.0	254.0	233.0	226.0	236.0	230.0	224.0	230.0	224.0	224.0	177.0	0.0	0.0	0.0	0.0	0.0	0.0	0.0	0.0	0.0	0.0	0.0	0.0	0.0	0.0	0.0	0.0	0.0	0.0	253.0	224.0	221.0	231.0	248.0	243.0	226.0	220.0	214.0	176.0	0.0	0.0	0.0	0.0	0.0	0.0	0.0	0.0	0.0	0.0	0.0	0.0	0.0	0.0	0.0	0.0	0.0	0.0	244.0	216.0	207.0	246.0	211.0	222.0	243.0	208.0	207.0	169.0	0.0	0.0	0.0	0.0	0.0	0.0	0.0	0.0	0.0	0.0	0.0	0.0	0.0	0.0	0.0	0.0	0.0	0.0	250.0	218.0	196.0	255.0	42.0	105.0	255.0	200.0	226.0	157.0	0.0	0.0	0.0	0.0	0.0	0.0	0.0	0.0	0.0	0.0	0.0	0.0	0.0	0.0	0.0	0.0	0.0	0.0	221.0	226.0	205.0	255.0	33.0	96.0	255.0	196.0	230.0	114.0	0.0	0.0	0.0	0.0	0.0	0.0	0.0	0.0	0.0	0.0	0.0	0.0	0.0	0.0	0.0	0.0	0.0	0.0	176.0	234.0	204.0	255.0	1.0	72.0	255.0	206.0	237.0	74.0	0.0	0.0	0.0	0.0	0.0	0.0	0.0	0.0	0.0	0.0	0.0	0.0	0.0	0.0	0.0	0.0	0.0	0.0	113.0	239.0	204.0	255.0	0.0	57.0	255.0	204.0	243.0	25.0	0.0	0.0	0.0	0.0	0.0	0.0	0.0	0.0	0.0	0.0	0.0	0.0	0.0	0.0	0.0	0.0	0.0	0.0	52.0	234.0	206.0	255.0	0.0	54.0	255.0	206.0	230.0	0.0	0.0	0.0	0.0	0.0	0.0	0.0	0.0	0.0	0.0	0.0	0.0	0.0	0.0	0.0	0.0	0.0	0.0	0.0	6.0	218.0	208.0	255.0	0.0	47.0	255.0	207.0	206.0	0.0	0.0	0.0	0.0	0.0	0.0	0.0	0.0	0.0	0.0	0.0	0.0	0.0	0.0	0.0	0.0	0.0	0.0	0.0	0.0	242.0	211.0	255.0	0.0	50.0	245.0	205.0	161.0	0.0	0.0	0.0	0.0	0.0	0.0	0.0	0.0	0.0	0.0	0.0	0.0	0.0	0.0	0.0	0.0	0.0	0.0	0.0	0.0	185.0	216.0	254.0	0.0	61.0	242.0	201.0	133.0	0.0	0.0	0.0	0.0	0.0	0.0	0.0	0.0	0.0	0.0	0.0	0.0	0.0	0.0	0.0	0.0	0.0	0.0	2.0	0.0	128.0	219.0	251.0	0.0	42.0	235.0	193.0	83.0	0.0	0.0	0.0	0.0	0.0	0.0	0.0	0.0	0.0	0.0	0.0	0.0	0.0	0.0	0.0	0.0	0.0	0.0	2.0	0.0	122.0	219.0	227.0	0.0	19.0	255.0	184.0	54.0	0.0	0.0	0.0	0.0	0.0	0.0	0.0	0.0	0.0	0.0	0.0	0.0	0.0	0.0	0.0	0.0	0.0	0.0	3.0	0.0	127.0	225.0	220.0	0.0	3.0	228.0	203.0	81.0	0.0	0.0	0.0	0.0	0.0	0.0	0.0	0.0	0.0	0.0	0.0	0.0	0.0	0.0	0.0	0.0	0.0	0.0	3.0	0.0	125.0	237.0	238.0	0.0	0.0	235.0	225.0	103.0	0.0	0.0	0.0	0.0	0.0	0.0	0.0	0.0	0.0	0.0	0.0	0.0	0.0	0.0	0.0	0.0	0.0	0.0	3.0	0.0	120.0	248.0	248.0	0.0	0.0	235.0	236.0	111.0	0.0	0.0	0.0	0.0	0.0	0.0	0.0	0.0	0.0	0.0	0.0	0.0	0.0	0.0	0.0	0.0	0.0	0.0	3.0	0.0	122.0	254.0	254.0	0.0	0.0	236.0	245.0	93.0	0.0	0.0	0.0	0.0	0.0	0.0	0.0	0.0	0.0	0.0	0.0	0.0	0.0	0.0	0.0	0.0	0.0	0.0	3.0	0.0	124.0	254.0	253.0	0.0	0.0	234.0	247.0	75.0	0.0	0.0	0.0	0.0	0.0	0.0	0.0	0.0	0.0	0.0	0.0	0.0	0.0	0.0	0.0	0.0	0.0	0.0	4.0	0.0	112.0	254.0	252.0	0.0	0.0	234.0	246.0	54.0	0.0	0.0	0.0	0.0	0.0	0.0	0.0	0.0	0.0	0.0	0.0	0.0	0.0	0.0	0.0	0.0	0.0	0.0	3.0	0.0	73.0	253.0	216.0	0.0	0.0	232.0	242.0	39.0	0.0	0.0	0.0	0.0	0.0	0.0	0.0	0.0	0.0	0.0	0.0	0.0	0.0	0.0	0.0	0.0	0.0	0.0	3.0	0.0	38.0	250.0	214.0	0.0	0.0	233.0	238.0	28.0	0.0	0.0	0.0	0.0	0.0	0.0	0.0	0.0	0.0	0.0	0.0	0.0	0.0	0.0	0.0	0.0	0.0	0.0	3.0	0.0	4.0	246.0	209.0	0.0	0.0	229.0	227.0	0.0	0.0	0.0	0.0	0.0	0.0	0.0	0.0	0.0	0.0	0.0	0.0	0.0	0.0	0.0	0.0	0.0	0.0	0.0	1.0	0.0	0.0	233.0	234.0	0.0	0.0	244.0	217.0	0.0	0.0	0.0	0.0	0.0	0.0	0.0	0.0	0.0	0.0	0.0	0.0	0.0	0.0	0.0	0.0	0.0	0.0	0.0	0.0	0.0	0.0	141.0	163.0	0.0	0.0	178.0	117.0	0.0	0.0	0.0	0.0	0.0	0.0	0.0	0.0	0.0	0.0
0.0	0.0	0.0	0.0	0.0	0.0	2.0	2.0	2.0	2.0	0.0	0.0	48.0	150.0	255.0	206.0	61.0	0.0	0.0	0.0	0.0	0.0	0.0	0.0	0.0	0.0	0.0	0.0	0.0	0.0	0.0	0.0	0.0	0.0	0.0	0.0	0.0	0.0	2.0	88.0	120.0	182.0	77.0	59.0	118.0	126.0	10.0	0.0	0.0	0.0	0.0	0.0	0.0	0.0	0.0	0.0	0.0	0.0	0.0	0.0	2.0	0.0	0.0	0.0	10.0	48.0	64.0	110.0	85.0	99.0	118.0	88.0	99.0	69.0	115.0	120.0	26.0	0.0	0.0	0.0	0.0	0.0	0.0	0.0	0.0	0.0	0.0	0.0	2.0	0.0	0.0	59.0	153.0	161.0	115.0	77.0	72.0	77.0	99.0	88.0	99.0	99.0	85.0	93.0	142.0	104.0	0.0	0.0	0.0	0.0	0.0	0.0	0.0	0.0	0.0	0.0	0.0	0.0	2.0	93.0	72.0	104.0	37.0	51.0	37.0	93.0	123.0	112.0	139.0	107.0	45.0	48.0	59.0	136.0	48.0	0.0	0.0	0.0	0.0	0.0	0.0	0.0	0.0	0.0	2.0	0.0	40.0	139.0	88.0	147.0	104.0	77.0	88.0	91.0	128.0	110.0	80.0	93.0	80.0	102.0	99.0	118.0	102.0	0.0	0.0	0.0	0.0	0.0	0.0	0.0	0.0	0.0	0.0	0.0	37.0	144.0	126.0	120.0	77.0	96.0	83.0	53.0	104.0	85.0	77.0	69.0	104.0	134.0	102.0	136.0	195.0	0.0	0.0	0.0	0.0	0.0	0.0	0.0	0.0	0.0	2.0	0.0	96.0	118.0	99.0	61.0	83.0	64.0	77.0	83.0	142.0	110.0	110.0	80.0	91.0	93.0	118.0	80.0	198.0	16.0	0.0	0.0	0.0	0.0	0.0	0.0	0.0	0.0	0.0	0.0	136.0	169.0	112.0	102.0	77.0	77.0	77.0	69.0	110.0	72.0	102.0	69.0	102.0	126.0	93.0	120.0	171.0	21.0	0.0	0.0	0.0	0.0	0.0	0.0	0.0	0.0	0.0	0.0	112.0	112.0	136.0	93.0	48.0	118.0	88.0	77.0	75.0	96.0	69.0	85.0	134.0	99.0	179.0	123.0	134.0	64.0	0.0	0.0	0.0	0.0	0.0	0.0	0.0	0.0	0.0	18.0	115.0	120.0	144.0	126.0	142.0	88.0	102.0	91.0	107.0	96.0	112.0	104.0	126.0	158.0	190.0	99.0	118.0	118.0	0.0	0.0	0.0	0.0	0.0	0.0	0.0	0.0	0.0	56.0	99.0	120.0	144.0	166.0	69.0	72.0	61.0	118.0	169.0	134.0	144.0	99.0	77.0	169.0	198.0	99.0	126.0	134.0	0.0	0.0	0.0	0.0	0.0	0.0	0.0	0.0	0.0	88.0	120.0	155.0	163.0	85.0	77.0	72.0	77.0	104.0	131.0	96.0	126.0	102.0	64.0	131.0	233.0	110.0	104.0	120.0	0.0	0.0	0.0	0.0	0.0	0.0	0.0	0.0	0.0	77.0	93.0	171.0	171.0	150.0	150.0	104.0	110.0	75.0	75.0	93.0	83.0	120.0	107.0	182.0	193.0	123.0	136.0	136.0	0.0	0.0	0.0	0.0	0.0	0.0	0.0	0.0	0.0	123.0	104.0	174.0	158.0	104.0	56.0	110.0	83.0	67.0	107.0	104.0	99.0	61.0	120.0	136.0	118.0	120.0	93.0	150.0	16.0	0.0	0.0	0.0	0.0	0.0	0.0	0.0	0.0	115.0	69.0	201.0	99.0	64.0	123.0	77.0	99.0	99.0	110.0	85.0	123.0	126.0	69.0	150.0	29.0	80.0	128.0	161.0	34.0	0.0	0.0	0.0	0.0	0.0	0.0	0.0	2.0	134.0	93.0	153.0	72.0	112.0	96.0	99.0	80.0	69.0	110.0	99.0	96.0	88.0	69.0	169.0	69.0	80.0	110.0	115.0	40.0	0.0	0.0	0.0	0.0	0.0	0.0	0.0	2.0	120.0	139.0	206.0	53.0	110.0	64.0	139.0	99.0	83.0	88.0	107.0	88.0	104.0	128.0	107.0	67.0	112.0	155.0	144.0	80.0	0.0	0.0	0.0	0.0	0.0	0.0	0.0	16.0	96.0	102.0	96.0	24.0	153.0	64.0	139.0	91.0	69.0	96.0	107.0	93.0	93.0	142.0	123.0	110.0	75.0	131.0	169.0	115.0	0.0	0.0	0.0	0.0	0.0	0.0	0.0	42.0	161.0	163.0	99.0	40.0	112.0	80.0	96.0	96.0	93.0	112.0	102.0	120.0	99.0	107.0	93.0	77.0	37.0	120.0	142.0	123.0	0.0	0.0	0.0	0.0	0.0	0.0	0.0	37.0	115.0	118.0	99.0	59.0	102.0	115.0	112.0	91.0	91.0	120.0	107.0	126.0	85.0	142.0	126.0	131.0	48.0	158.0	123.0	99.0	0.0	0.0	0.0	0.0	0.0	0.0	0.0	34.0	126.0	123.0	72.0	64.0	104.0	51.0	139.0	93.0	69.0	107.0	107.0	75.0	102.0	110.0	93.0	123.0	37.0	187.0	96.0	112.0	0.0	0.0	0.0	0.0	0.0	0.0	0.0	61.0	107.0	166.0	83.0	51.0	144.0	126.0	131.0	126.0	93.0	104.0	104.0	118.0	131.0	134.0	118.0	155.0	29.0	142.0	144.0	126.0	0.0	0.0	0.0	0.0	0.0	0.0	0.0	77.0	123.0	153.0	80.0	99.0	206.0	112.0	99.0	83.0	126.0	179.0	169.0	123.0	83.0	128.0	163.0	161.0	34.0	153.0	110.0	96.0	0.0	0.0	0.0	0.0	0.0	0.0	0.0	42.0	150.0	179.0	80.0	96.0	88.0	48.0	104.0	77.0	134.0	174.0	147.0	115.0	77.0	91.0	96.0	134.0	8.0	174.0	150.0	120.0	0.0	0.0	0.0	0.0	0.0	0.0	0.0	67.0	142.0	161.0	91.0	182.0	182.0	139.0	136.0	112.0	77.0	104.0	96.0	123.0	99.0	144.0	147.0	212.0	21.0	142.0	139.0	169.0	0.0	0.0	0.0	0.0	0.0	0.0	0.0	10.0	48.0	120.0	0.0	88.0	126.0	153.0	198.0	120.0	96.0	131.0	155.0	118.0	158.0	139.0	206.0	158.0	0.0	34.0	56.0	48.0	0.0	0.0	0.0	0.0	0.0	0.0	0.0	0.0	0.0	0.0	0.0	0.0	0.0	29.0	53.0	96.0	83.0	104.0	77.0	83.0	64.0	64.0	42.0	0.0	0.0	0.0	0.0	0.0	0.0	0.0	0.0
0.0	0.0	0.0	0.0	0.0	0.0	0.0	0.0	0.0	0.0	0.0	0.0	0.0	0.0	0.0	0.0	0.0	0.0	0.0	0.0	0.0	0.0	0.0	0.0	0.0	0.0	0.0	0.0	0.0	0.0	0.0	0.0	0.0	0.0	0.0	0.0	0.0	0.0	0.0	0.0	0.0	0.0	0.0	0.0	0.0	0.0	0.0	0.0	0.0	0.0	0.0	0.0	0.0	0.0	0.0	0.0	0.0	0.0	0.0	0.0	0.0	0.0	0.0	0.0	0.0	0.0	0.0	0.0	0.0	0.0	0.0	0.0	0.0	0.0	0.0	0.0	0.0	0.0	0.0	0.0	0.0	0.0	0.0	0.0	0.0	0.0	0.0	0.0	0.0	0.0	0.0	0.0	0.0	0.0	0.0	0.0	0.0	0.0	0.0	0.0	0.0	0.0	0.0	0.0	0.0	0.0	0.0	0.0	0.0	0.0	0.0	0.0	0.0	0.0	0.0	0.0	0.0	0.0	0.0	0.0	0.0	0.0	0.0	0.0	0.0	0.0	0.0	0.0	0.0	0.0	0.0	0.0	0.0	0.0	0.0	0.0	0.0	0.0	0.0	0.0	3.0	0.0	0.0	0.0	0.0	40.0	151.0	132.0	162.0	155.0	148.0	153.0	161.0	157.0	163.0	167.0	171.0	181.0	187.0	128.0	216.0	50.0	0.0	0.0	0.0	2.0	0.0	0.0	0.0	0.0	0.0	0.0	168.0	192.0	208.0	111.0	135.0	243.0	214.0	217.0	234.0	231.0	229.0	233.0	214.0	242.0	196.0	61.0	201.0	168.0	172.0	37.0	0.0	0.0	2.0	0.0	0.0	8.0	0.0	77.0	215.0	166.0	206.0	127.0	214.0	236.0	244.0	230.0	222.0	215.0	220.0	230.0	214.0	199.0	216.0	238.0	226.0	179.0	171.0	171.0	100.0	8.0	0.0	2.0	4.0	0.0	9.0	220.0	193.0	188.0	140.0	121.0	139.0	136.0	135.0	146.0	129.0	107.0	118.0	127.0	125.0	117.0	108.0	100.0	101.0	143.0	195.0	189.0	119.0	104.0	17.0	0.0	0.0	0.0	186.0	224.0	195.0	208.0	154.0	128.0	136.0	135.0	130.0	132.0	136.0	136.0	138.0	136.0	137.0	143.0	154.0	175.0	188.0	186.0	215.0	163.0	188.0	117.0	86.0	0.0	0.0	118.0	193.0	152.0	209.0	198.0	211.0	211.0	219.0	220.0	224.0	226.0	226.0	232.0	232.0	234.0	236.0	234.0	227.0	215.0	214.0	203.0	208.0	178.0	232.0	193.0	109.0	43.0	0.0	255.0	23.0	145.0	210.0	183.0	229.0	212.0	214.0	213.0	213.0	211.0	205.0	213.0	215.0	215.0	215.0	217.0	222.0	212.0	206.0	215.0	179.0	187.0	198.0	62.0	34.0	119.0	49.0	255.0	0.0	226.0	194.0	187.0	231.0	197.0	213.0	215.0	209.0	210.0	215.0	217.0	216.0	216.0	216.0	215.0	216.0	207.0	207.0	231.0	167.0	164.0	69.0	0.0	20.0	149.0	132.0	216.0	0.0	230.0	202.0	184.0	236.0	208.0	207.0	220.0	220.0	222.0	222.0	223.0	224.0	223.0	222.0	222.0	219.0	209.0	218.0	238.0	177.0	176.0	89.0	0.0	27.0	127.0	145.0	162.0	0.0	231.0	208.0	201.0	250.0	209.0	215.0	222.0	221.0	221.0	221.0	224.0	223.0	222.0	220.0	221.0	224.0	211.0	218.0	226.0	187.0	199.0	39.0	0.0	81.0	100.0	116.0	150.0	0.0	195.0	220.0	217.0	195.0	161.0	229.0	219.0	220.0	225.0	222.0	222.0	223.0	223.0	223.0	222.0	226.0	212.0	220.0	230.0	196.0	199.0	17.0	0.0	154.0	10.0	50.0	180.0	0.0	125.0	229.0	215.0	218.0	210.0	242.0	234.0	224.0	223.0	223.0	224.0	224.0	224.0	225.0	223.0	224.0	212.0	220.0	229.0	201.0	187.0	0.0	80.0	88.0	0.0	0.0	170.0	82.0	33.0	233.0	211.0	241.0	225.0	197.0	225.0	246.0	231.0	223.0	222.0	222.0	221.0	220.0	219.0	221.0	209.0	219.0	226.0	210.0	157.0	128.0	101.0	0.0	4.0	0.0	0.0	255.0	199.0	196.0	206.0	245.0	255.0	255.0	209.0	222.0	243.0	241.0	223.0	221.0	217.0	211.0	210.0	209.0	202.0	212.0	220.0	214.0	150.0	26.0	0.0	0.0	0.0	6.0	0.0	27.0	177.0	208.0	194.0	203.0	152.0	186.0	236.0	189.0	205.0	210.0	208.0	203.0	196.0	206.0	200.0	199.0	199.0	207.0	211.0	231.0	101.0	0.0	7.0	0.0	0.0	0.0	3.0	0.0	20.0	214.0	209.0	198.0	160.0	178.0	198.0	208.0	210.0	197.0	204.0	247.0	255.0	209.0	213.0	213.0	206.0	203.0	201.0	172.0	19.0	0.0	4.0	0.0	0.0	0.0	1.0	0.0	0.0	132.0	206.0	217.0	251.0	234.0	240.0	229.0	243.0	234.0	210.0	1.0	6.0	8.0	17.0	17.0	14.0	12.0	14.0	0.0	0.0	0.0	0.0	0.0	0.0	0.0	0.0	1.0	0.0	0.0	13.0	47.0	57.0	60.0	74.0	80.0	88.0	87.0	40.0	0.0	0.0	0.0	0.0	0.0	0.0	0.0	0.0	0.0	1.0	0.0	0.0	0.0	0.0	0.0	0.0	0.0	0.0	0.0	0.0	0.0	0.0	0.0	0.0	0.0	0.0	0.0	0.0	0.0	0.0	0.0	0.0	0.0	0.0	0.0	0.0	0.0	0.0	0.0	0.0	0.0	0.0	0.0	0.0	0.0	0.0	0.0	0.0	0.0	0.0	0.0	0.0	0.0	0.0	0.0	0.0	0.0	0.0	0.0	0.0	0.0	0.0	0.0	0.0	0.0	0.0	0.0	0.0	0.0	0.0	0.0	0.0	0.0	0.0	0.0	0.0	0.0	0.0	0.0	0.0	0.0	0.0	0.0	0.0	0.0	0.0	0.0	0.0	0.0	0.0	0.0	0.0	0.0	0.0	0.0	0.0	0.0	0.0	0.0	0.0	0.0	0.0	0.0	0.0	0.0	0.0	0.0	0.0	0.0	0.0	0.0	0.0	0.0	0.0	0.0	0.0	0.0	0.0	0.0	0.0	0.0	0.0	0.0	0.0	0.0	0.0	0.0	0.0	0.0	0.0	0.0	0.0	0.0	0.0	0.0	0.0	0.0	0.0	0.0	0.0	0.0	0.0	0.0	0.0	0.0	0.0	0.0	0.0	0.0	0.0	0.0	0.0	0.0	0.0
0.0	0.0	0.0	0.0	0.0	0.0	0.0	0.0	0.0	228.0	215.0	204.0	211.0	63.0	114.0	224.0	200.0	218.0	208.0	0.0	0.0	0.0	0.0	0.0	0.0	0.0	0.0	0.0	0.0	0.0	0.0	0.0	0.0	0.0	0.0	0.0	0.0	232.0	204.0	203.0	215.0	228.0	221.0	209.0	204.0	205.0	236.0	0.0	0.0	0.0	0.0	0.0	0.0	0.0	0.0	0.0	0.0	0.0	0.0	0.0	0.0	0.0	0.0	0.0	34.0	243.0	193.0	196.0	188.0	195.0	192.0	192.0	196.0	198.0	244.0	21.0	0.0	0.0	0.0	0.0	0.0	0.0	0.0	0.0	0.0	0.0	0.0	0.0	0.0	0.0	0.0	0.0	90.0	239.0	193.0	200.0	198.0	201.0	198.0	198.0	199.0	193.0	242.0	74.0	0.0	0.0	0.0	0.0	0.0	0.0	0.0	0.0	0.0	0.0	0.0	0.0	0.0	0.0	0.0	0.0	116.0	228.0	193.0	200.0	197.0	200.0	198.0	197.0	200.0	192.0	236.0	105.0	0.0	0.0	0.0	0.0	0.0	0.0	0.0	0.0	0.0	0.0	0.0	0.0	0.0	0.0	0.0	0.0	146.0	221.0	195.0	199.0	197.0	199.0	197.0	198.0	198.0	193.0	226.0	133.0	0.0	0.0	0.0	0.0	0.0	0.0	0.0	0.0	0.0	0.0	0.0	0.0	0.0	0.0	0.0	0.0	157.0	216.0	196.0	199.0	198.0	201.0	200.0	198.0	199.0	193.0	215.0	162.0	0.0	0.0	0.0	0.0	0.0	0.0	0.0	0.0	0.0	0.0	0.0	0.0	0.0	0.0	0.0	0.0	161.0	216.0	194.0	201.0	201.0	205.0	198.0	203.0	198.0	195.0	212.0	166.0	0.0	0.0	0.0	0.0	0.0	0.0	0.0	0.0	0.0	0.0	0.0	0.0	0.0	0.0	0.0	0.0	151.0	218.0	194.0	196.0	229.0	152.0	127.0	233.0	192.0	194.0	216.0	157.0	0.0	0.0	0.0	0.0	0.0	0.0	0.0	0.0	0.0	0.0	0.0	0.0	0.0	0.0	0.0	0.0	123.0	225.0	194.0	189.0	243.0	122.0	108.0	250.0	188.0	193.0	228.0	127.0	0.0	0.0	0.0	0.0	0.0	0.0	0.0	0.0	0.0	0.0	0.0	0.0	0.0	0.0	0.0	0.0	100.0	236.0	191.0	188.0	254.0	56.0	58.0	254.0	188.0	192.0	237.0	81.0	0.0	0.0	0.0	0.0	0.0	0.0	0.0	0.0	0.0	0.0	0.0	0.0	0.0	0.0	0.0	0.0	62.0	242.0	195.0	198.0	255.0	3.0	19.0	254.0	196.0	197.0	241.0	49.0	0.0	0.0	0.0	0.0	0.0	0.0	0.0	0.0	0.0	0.0	0.0	0.0	0.0	0.0	0.0	0.0	36.0	242.0	196.0	199.0	253.0	0.0	0.0	253.0	200.0	197.0	244.0	18.0	0.0	0.0	0.0	0.0	0.0	0.0	0.0	0.0	0.0	0.0	0.0	0.0	0.0	0.0	0.0	0.0	13.0	239.0	198.0	203.0	236.0	0.0	0.0	242.0	202.0	201.0	230.0	0.0	0.0	0.0	0.0	0.0	0.0	0.0	0.0	0.0	0.0	0.0	0.0	0.0	0.0	0.0	0.0	0.0	0.0	231.0	200.0	207.0	210.0	0.0	0.0	238.0	205.0	206.0	200.0	0.0	0.0	0.0	0.0	0.0	0.0	0.0	0.0	0.0	0.0	0.0	0.0	0.0	0.0	0.0	0.0	0.0	0.0	215.0	203.0	215.0	164.0	0.0	0.0	218.0	207.0	210.0	179.0	0.0	0.0	0.0	0.0	0.0	0.0	0.0	0.0	0.0	0.0	0.0	0.0	0.0	0.0	0.0	0.0	0.0	0.0	204.0	206.0	218.0	121.0	0.0	0.0	212.0	208.0	212.0	161.0	0.0	0.0	0.0	0.0	0.0	0.0	0.0	0.0	0.0	0.0	0.0	0.0	0.0	0.0	0.0	0.0	0.0	0.0	200.0	208.0	219.0	129.0	0.0	0.0	206.0	212.0	216.0	145.0	0.0	0.0	0.0	0.0	0.0	0.0	0.0	0.0	0.0	0.0	0.0	0.0	0.0	0.0	0.0	0.0	0.0	0.0	202.0	207.0	223.0	121.0	0.0	0.0	184.0	215.0	215.0	140.0	0.0	0.0	0.0	0.0	0.0	0.0	0.0	0.0	0.0	0.0	0.0	0.0	0.0	0.0	0.0	0.0	0.0	0.0	212.0	205.0	222.0	97.0	0.0	0.0	184.0	215.0	214.0	143.0	0.0	0.0	0.0	0.0	0.0	0.0	0.0	0.0	0.0	0.0	0.0	0.0	0.0	0.0	0.0	0.0	0.0	0.0	225.0	203.0	223.0	80.0	0.0	0.0	176.0	216.0	214.0	156.0	0.0	0.0	0.0	0.0	0.0	0.0	0.0	0.0	0.0	0.0	0.0	0.0	0.0	0.0	0.0	0.0	0.0	0.0	199.0	204.0	225.0	66.0	0.0	0.0	181.0	216.0	215.0	144.0	0.0	0.0	0.0	0.0	0.0	0.0	0.0	0.0	0.0	0.0	0.0	0.0	0.0	0.0	0.0	0.0	0.0	0.0	206.0	204.0	222.0	44.0	0.0	0.0	211.0	214.0	219.0	125.0	0.0	0.0	0.0	0.0	0.0	0.0	0.0	0.0	0.0	0.0	0.0	0.0	0.0	0.0	0.0	0.0	0.0	0.0	208.0	206.0	214.0	23.0	0.0	0.0	217.0	215.0	224.0	122.0	0.0	0.0	0.0	0.0	0.0	0.0	0.0	0.0	0.0	0.0	0.0	0.0	0.0	0.0	0.0	0.0	0.0	0.0	202.0	209.0	208.0	4.0	0.0	0.0	189.0	219.0	222.0	109.0	0.0	0.0	0.0	0.0	0.0	0.0	0.0	0.0	0.0	0.0	0.0	0.0	0.0	0.0	0.0	0.0	0.0	0.0	194.0	213.0	192.0	0.0	0.0	0.0	128.0	220.0	216.0	101.0	0.0	0.0	0.0	0.0	0.0	0.0	0.0	0.0	0.0	0.0	0.0	0.0	0.0	0.0	0.0	0.0	0.0	0.0	198.0	215.0	195.0	0.0	0.0	0.0	106.0	221.0	219.0	137.0	0.0	0.0	0.0	0.0	0.0	0.0	0.0	0.0	0.0	0.0	0.0	0.0	0.0	0.0	0.0	0.0	0.0	0.0	170.0	216.0	165.0	0.0	0.0	0.0	50.0	211.0	202.0	81.0	0.0	0.0	0.0	0.0	0.0	0.0	0.0	0.0	0.0
0.0	0.0	0.0	0.0	0.0	0.0	0.0	0.0	0.0	0.0	0.0	0.0	0.0	0.0	0.0	0.0	0.0	0.0	0.0	0.0	0.0	0.0	0.0	0.0	0.0	0.0	0.0	0.0	0.0	0.0	0.0	0.0	0.0	0.0	0.0	0.0	0.0	0.0	0.0	0.0	0.0	0.0	0.0	0.0	0.0	0.0	0.0	0.0	0.0	0.0	0.0	0.0	0.0	0.0	0.0	0.0	0.0	0.0	0.0	0.0	0.0	0.0	0.0	0.0	0.0	0.0	0.0	0.0	0.0	0.0	0.0	0.0	0.0	0.0	0.0	0.0	0.0	0.0	0.0	0.0	0.0	0.0	0.0	0.0	0.0	0.0	0.0	0.0	0.0	0.0	0.0	0.0	0.0	0.0	0.0	0.0	0.0	0.0	0.0	0.0	0.0	0.0	0.0	0.0	0.0	0.0	0.0	0.0	0.0	0.0	0.0	0.0	0.0	0.0	0.0	0.0	0.0	0.0	0.0	0.0	0.0	0.0	0.0	0.0	0.0	0.0	0.0	0.0	0.0	0.0	0.0	0.0	0.0	0.0	0.0	0.0	0.0	0.0	0.0	0.0	0.0	0.0	0.0	0.0	0.0	0.0	0.0	0.0	0.0	0.0	0.0	0.0	0.0	0.0	0.0	0.0	0.0	0.0	0.0	0.0	0.0	0.0	0.0	0.0	0.0	0.0	0.0	0.0	0.0	0.0	0.0	0.0	0.0	0.0	0.0	0.0	0.0	0.0	0.0	0.0	0.0	0.0	0.0	0.0	0.0	0.0	0.0	3.0	83.0	0.0	0.0	0.0	3.0	0.0	1.0	0.0	0.0	0.0	0.0	0.0	0.0	0.0	0.0	0.0	0.0	0.0	0.0	0.0	0.0	0.0	0.0	0.0	0.0	0.0	2.0	143.0	200.0	188.0	100.0	0.0	0.0	0.0	3.0	2.0	0.0	0.0	0.0	0.0	0.0	0.0	0.0	0.0	0.0	0.0	0.0	0.0	0.0	0.0	1.0	1.0	0.0	66.0	213.0	208.0	183.0	205.0	223.0	0.0	0.0	4.0	0.0	0.0	0.0	0.0	0.0	0.0	0.0	0.0	0.0	0.0	0.0	0.0	0.0	0.0	0.0	0.0	0.0	0.0	61.0	188.0	197.0	193.0	185.0	200.0	188.0	18.0	0.0	0.0	0.0	28.0	0.0	0.0	0.0	0.0	0.0	0.0	0.0	0.0	0.0	0.0	0.0	0.0	2.0	0.0	0.0	130.0	209.0	182.0	199.0	198.0	218.0	219.0	209.0	238.0	185.0	61.0	154.0	135.0	0.0	0.0	0.0	0.0	0.0	0.0	0.0	0.0	0.0	0.0	0.0	3.0	0.0	0.0	18.0	219.0	186.0	185.0	212.0	223.0	225.0	231.0	223.0	213.0	219.0	222.0	224.0	35.0	0.0	0.0	0.0	0.0	0.0	0.0	0.0	0.0	2.0	0.0	0.0	0.0	0.0	51.0	202.0	192.0	186.0	209.0	197.0	225.0	229.0	223.0	227.0	225.0	216.0	208.0	202.0	9.0	0.0	0.0	0.0	0.0	0.0	0.0	0.0	1.0	8.0	0.0	0.0	0.0	110.0	204.0	185.0	204.0	216.0	192.0	227.0	221.0	220.0	221.0	221.0	222.0	217.0	222.0	212.0	0.0	1.0	4.0	5.0	0.0	1.0	0.0	0.0	0.0	0.0	0.0	27.0	232.0	203.0	178.0	199.0	186.0	177.0	210.0	232.0	229.0	217.0	219.0	224.0	216.0	221.0	219.0	239.0	0.0	0.0	0.0	0.0	0.0	0.0	0.0	0.0	0.0	6.0	115.0	218.0	185.0	188.0	206.0	180.0	184.0	209.0	217.0	217.0	223.0	221.0	219.0	222.0	213.0	224.0	101.0	213.0	6.0	0.0	71.0	181.0	144.0	123.0	126.0	146.0	196.0	196.0	202.0	181.0	191.0	197.0	181.0	199.0	212.0	215.0	216.0	215.0	213.0	221.0	221.0	212.0	216.0	211.0	202.0	255.0	38.0	44.0	195.0	183.0	192.0	195.0	196.0	197.0	195.0	185.0	185.0	190.0	192.0	198.0	207.0	215.0	221.0	222.0	221.0	222.0	223.0	226.0	222.0	220.0	219.0	216.0	208.0	222.0	82.0	138.0	197.0	180.0	175.0	175.0	178.0	183.0	182.0	189.0	208.0	211.0	207.0	218.0	224.0	222.0	223.0	226.0	227.0	229.0	231.0	223.0	220.0	217.0	212.0	217.0	210.0	222.0	126.0	129.0	181.0	188.0	184.0	183.0	182.0	181.0	192.0	197.0	207.0	225.0	223.0	225.0	234.0	236.0	236.0	230.0	225.0	230.0	225.0	220.0	227.0	232.0	226.0	222.0	211.0	209.0	123.0	6.0	177.0	194.0	200.0	204.0	204.0	205.0	206.0	206.0	195.0	203.0	208.0	208.0	210.0	215.0	218.0	221.0	223.0	224.0	222.0	222.0	212.0	208.0	209.0	193.0	183.0	193.0	162.0	0.0	0.0	69.0	180.0	195.0	205.0	211.0	216.0	238.0	239.0	233.0	235.0	236.0	233.0	234.0	230.0	229.0	227.0	232.0	232.0	226.0	223.0	216.0	218.0	230.0	210.0	242.0	49.0	0.0	0.0	0.0	0.0	0.0	41.0	63.0	133.0	143.0	133.0	151.0	131.0	163.0	94.0	131.0	78.0	46.0	103.0	86.0	133.0	132.0	129.0	156.0	144.0	143.0	104.0	52.0	0.0	0.0	0.0	0.0	0.0	0.0	0.0	0.0	0.0	0.0	0.0	0.0	0.0	0.0	0.0	0.0	0.0	0.0	0.0	0.0	0.0	0.0	0.0	0.0	0.0	0.0	0.0	0.0	0.0	0.0	0.0	0.0	0.0	0.0	0.0	0.0	0.0	0.0	0.0	0.0	0.0	0.0	0.0	0.0	0.0	0.0	0.0	0.0	0.0	0.0	0.0	0.0	0.0	0.0	0.0	0.0	0.0	0.0	0.0	0.0	0.0	0.0	0.0	0.0	0.0	0.0	0.0	0.0	0.0	0.0	0.0	0.0	0.0	0.0	0.0	0.0	0.0	0.0	0.0	0.0	0.0	0.0	0.0	0.0	0.0	0.0	0.0	0.0	0.0	0.0	0.0	0.0	0.0	0.0	0.0	0.0	0.0	0.0	0.0	0.0	0.0	0.0	0.0	0.0	0.0	0.0	0.0	0.0	0.0	0.0	0.0	0.0	0.0	0.0	0.0	0.0	0.0	0.0	0.0	0.0	0.0	0.0	0.0	0.0	0.0	0.0	0.0	0.0	0.0	0.0	0.0	0.0	0.0	0.0	0.0	0.0	0.0	0.0	0.0	0.0	0.0
0.0	0.0	0.0	0.0	0.0	0.0	0.0	0.0	0.0	0.0	0.0	0.0	0.0	0.0	0.0	0.0	0.0	0.0	0.0	0.0	0.0	0.0	0.0	0.0	0.0	0.0	0.0	0.0	0.0	0.0	0.0	0.0	0.0	0.0	0.0	0.0	0.0	0.0	0.0	0.0	0.0	0.0	0.0	0.0	0.0	0.0	0.0	0.0	0.0	0.0	0.0	0.0	0.0	0.0	0.0	0.0	0.0	0.0	0.0	0.0	0.0	0.0	0.0	0.0	0.0	0.0	0.0	0.0	0.0	0.0	0.0	0.0	0.0	0.0	0.0	0.0	0.0	0.0	0.0	0.0	0.0	0.0	0.0	0.0	0.0	0.0	0.0	0.0	0.0	0.0	0.0	0.0	0.0	0.0	0.0	0.0	0.0	0.0	0.0	0.0	0.0	0.0	0.0	0.0	0.0	0.0	0.0	0.0	0.0	0.0	0.0	0.0	0.0	0.0	0.0	0.0	0.0	0.0	0.0	0.0	0.0	0.0	0.0	0.0	0.0	0.0	0.0	0.0	0.0	0.0	0.0	0.0	0.0	0.0	0.0	0.0	0.0	0.0	0.0	0.0	0.0	0.0	0.0	0.0	0.0	0.0	0.0	0.0	0.0	0.0	0.0	0.0	0.0	0.0	0.0	0.0	0.0	0.0	0.0	0.0	0.0	0.0	0.0	0.0	0.0	0.0	0.0	0.0	0.0	0.0	0.0	0.0	0.0	0.0	0.0	0.0	0.0	0.0	0.0	0.0	0.0	0.0	0.0	0.0	0.0	0.0	0.0	0.0	0.0	0.0	0.0	0.0	0.0	0.0	0.0	0.0	0.0	0.0	0.0	0.0	0.0	0.0	0.0	0.0	0.0	0.0	0.0	0.0	0.0	0.0	0.0	0.0	0.0	0.0	0.0	0.0	0.0	0.0	0.0	0.0	0.0	0.0	0.0	0.0	0.0	0.0	0.0	0.0	0.0	0.0	0.0	0.0	0.0	1.0	2.0	0.0	0.0	0.0	84.0	125.0	43.0	0.0	0.0	0.0	0.0	0.0	0.0	0.0	20.0	102.0	0.0	0.0	0.0	0.0	0.0	0.0	0.0	0.0	0.0	1.0	4.0	0.0	0.0	0.0	40.0	156.0	151.0	167.0	207.0	146.0	61.0	0.0	0.0	0.0	0.0	13.0	181.0	230.0	55.0	0.0	0.0	0.0	0.0	0.0	0.0	0.0	3.0	0.0	0.0	0.0	0.0	68.0	151.0	127.0	111.0	129.0	189.0	185.0	207.0	153.0	74.0	79.0	109.0	227.0	214.0	208.0	107.0	0.0	0.0	1.0	4.0	5.0	0.0	0.0	0.0	0.0	32.0	104.0	192.0	180.0	107.0	127.0	157.0	136.0	183.0	214.0	214.0	198.0	213.0	234.0	217.0	212.0	197.0	207.0	156.0	0.0	4.0	0.0	0.0	0.0	0.0	0.0	31.0	126.0	169.0	148.0	147.0	159.0	122.0	154.0	137.0	127.0	118.0	125.0	141.0	169.0	204.0	215.0	196.0	199.0	202.0	206.0	174.0	0.0	0.0	0.0	4.0	60.0	118.0	156.0	170.0	88.0	91.0	73.0	98.0	216.0	131.0	96.0	133.0	148.0	170.0	210.0	206.0	208.0	203.0	177.0	169.0	189.0	196.0	198.0	201.0	0.0	0.0	110.0	192.0	162.0	147.0	125.0	123.0	207.0	192.0	234.0	255.0	190.0	236.0	216.0	231.0	247.0	248.0	230.0	230.0	231.0	217.0	223.0	229.0	221.0	201.0	196.0	214.0	9.0	42.0	183.0	177.0	155.0	144.0	137.0	168.0	209.0	233.0	204.0	168.0	123.0	195.0	255.0	242.0	233.0	222.0	214.0	207.0	206.0	200.0	212.0	214.0	219.0	205.0	189.0	219.0	30.0	107.0	202.0	196.0	199.0	206.0	203.0	196.0	174.0	177.0	173.0	182.0	197.0	182.0	189.0	194.0	197.0	200.0	200.0	194.0	197.0	199.0	197.0	194.0	197.0	204.0	200.0	242.0	92.0	77.0	215.0	196.0	203.0	199.0	200.0	203.0	216.0	218.0	209.0	206.0	200.0	197.0	196.0	195.0	196.0	198.0	199.0	201.0	202.0	204.0	205.0	210.0	205.0	203.0	196.0	226.0	101.0	15.0	221.0	212.0	215.0	249.0	238.0	232.0	222.0	216.0	220.0	219.0	219.0	219.0	225.0	226.0	226.0	226.0	223.0	219.0	221.0	223.0	223.0	224.0	224.0	225.0	211.0	255.0	91.0	0.0	0.0	24.0	52.0	104.0	127.0	150.0	172.0	179.0	179.0	178.0	177.0	180.0	167.0	164.0	163.0	162.0	161.0	161.0	163.0	164.0	165.0	171.0	168.0	161.0	155.0	141.0	0.0	0.0	0.0	0.0	0.0	0.0	0.0	0.0	0.0	0.0	0.0	0.0	0.0	0.0	0.0	0.0	0.0	0.0	0.0	0.0	0.0	0.0	0.0	0.0	0.0	0.0	0.0	0.0	0.0	0.0	0.0	0.0	0.0	0.0	0.0	0.0	0.0	0.0	0.0	0.0	0.0	0.0	0.0	0.0	0.0	0.0	0.0	0.0	0.0	0.0	0.0	0.0	0.0	0.0	0.0	0.0	0.0	0.0	0.0	0.0	0.0	0.0	0.0	0.0	0.0	0.0	0.0	0.0	0.0	0.0	0.0	0.0	0.0	0.0	0.0	0.0	0.0	0.0	0.0	0.0	0.0	0.0	0.0	0.0	0.0	0.0	0.0	0.0	0.0	0.0	0.0	0.0	0.0	0.0	0.0	0.0	0.0	0.0	0.0	0.0	0.0	0.0	0.0	0.0	0.0	0.0	0.0	0.0	0.0	0.0	0.0	0.0	0.0	0.0	0.0	0.0	0.0	0.0	0.0	0.0	0.0	0.0	0.0	0.0	0.0	0.0	0.0	0.0	0.0	0.0	0.0	0.0	0.0	0.0	0.0	0.0	0.0	0.0	0.0	0.0	0.0	0.0	0.0	0.0	0.0	0.0	0.0	0.0	0.0	0.0	0.0	0.0	0.0	0.0	0.0	0.0	0.0	0.0	0.0	0.0	0.0	0.0	0.0	0.0	0.0	0.0	0.0	0.0	0.0	0.0	0.0	0.0	0.0	0.0	0.0	0.0	0.0	0.0	0.0	0.0	0.0	0.0	0.0	0.0	0.0	0.0	0.0	0.0	0.0	0.0	0.0	0.0	0.0	0.0	0.0	0.0	0.0	0.0	0.0	0.0	0.0	0.0	0.0	0.0	0.0	0.0	0.0	0.0	0.0	0.0	0.0	0.0	0.0	0.0	0.0	0.0	0.0	0.0	0.0	0.0	0.0	0.0	0.0	0.0	0.0
0.0	0.0	0.0	0.0	0.0	0.0	0.0	0.0	0.0	0.0	0.0	0.0	0.0	0.0	0.0	0.0	0.0	0.0	0.0	0.0	0.0	0.0	0.0	0.0	0.0	0.0	0.0	0.0	0.0	0.0	0.0	0.0	0.0	0.0	0.0	0.0	0.0	0.0	0.0	0.0	0.0	0.0	0.0	0.0	0.0	0.0	0.0	0.0	0.0	0.0	0.0	0.0	0.0	0.0	0.0	0.0	0.0	0.0	0.0	0.0	0.0	0.0	0.0	0.0	0.0	0.0	0.0	0.0	0.0	0.0	0.0	0.0	0.0	0.0	0.0	0.0	0.0	0.0	0.0	0.0	0.0	0.0	0.0	0.0	0.0	0.0	0.0	0.0	0.0	0.0	0.0	0.0	0.0	0.0	0.0	0.0	0.0	0.0	0.0	0.0	0.0	0.0	0.0	0.0	0.0	0.0	0.0	0.0	0.0	0.0	0.0	0.0	0.0	0.0	0.0	0.0	0.0	0.0	1.0	0.0	2.0	0.0	0.0	107.0	74.0	0.0	50.0	0.0	0.0	2.0	0.0	0.0	0.0	0.0	0.0	0.0	0.0	0.0	0.0	0.0	0.0	0.0	0.0	2.0	7.0	5.0	0.0	0.0	6.0	0.0	49.0	255.0	203.0	154.0	255.0	84.0	0.0	7.0	0.0	1.0	1.0	1.0	0.0	0.0	0.0	0.0	0.0	0.0	0.0	0.0	0.0	0.0	0.0	0.0	0.0	0.0	0.0	0.0	0.0	135.0	118.0	80.0	170.0	0.0	0.0	0.0	0.0	0.0	0.0	0.0	6.0	0.0	0.0	0.0	1.0	0.0	1.0	0.0	0.0	0.0	72.0	168.0	134.0	0.0	0.0	0.0	0.0	0.0	40.0	98.0	0.0	0.0	0.0	0.0	0.0	0.0	0.0	0.0	0.0	0.0	2.0	2.0	2.0	0.0	2.0	0.0	0.0	132.0	242.0	250.0	104.0	113.0	255.0	255.0	248.0	246.0	255.0	220.0	221.0	244.0	231.0	182.0	101.0	89.0	156.0	213.0	96.0	0.0	0.0	0.0	1.0	0.0	2.0	0.0	29.0	211.0	244.0	237.0	246.0	250.0	245.0	244.0	253.0	249.0	244.0	244.0	255.0	242.0	253.0	255.0	249.0	243.0	254.0	250.0	251.0	204.0	53.0	0.0	0.0	0.0	0.0	0.0	141.0	248.0	245.0	243.0	239.0	238.0	248.0	241.0	239.0	243.0	242.0	225.0	242.0	242.0	235.0	242.0	243.0	244.0	243.0	235.0	229.0	253.0	238.0	16.0	0.0	0.0	0.0	18.0	239.0	246.0	242.0	241.0	245.0	248.0	241.0	248.0	245.0	246.0	251.0	237.0	246.0	248.0	236.0	240.0	248.0	244.0	247.0	251.0	243.0	227.0	255.0	198.0	0.0	0.0	0.0	85.0	255.0	242.0	246.0	247.0	246.0	245.0	246.0	246.0	246.0	246.0	248.0	232.0	246.0	248.0	241.0	230.0	244.0	245.0	241.0	244.0	249.0	245.0	230.0	244.0	34.0	0.0	0.0	170.0	255.0	241.0	248.0	244.0	245.0	245.0	245.0	246.0	246.0	245.0	249.0	234.0	237.0	252.0	242.0	233.0	239.0	241.0	243.0	244.0	244.0	249.0	237.0	255.0	129.0	0.0	0.0	255.0	247.0	243.0	246.0	245.0	245.0	245.0	245.0	246.0	246.0	245.0	250.0	238.0	229.0	253.0	243.0	236.0	234.0	237.0	243.0	244.0	244.0	246.0	243.0	255.0	197.0	0.0	78.0	255.0	238.0	250.0	243.0	246.0	245.0	245.0	245.0	246.0	246.0	245.0	250.0	243.0	223.0	251.0	246.0	239.0	225.0	230.0	239.0	240.0	242.0	245.0	242.0	251.0	243.0	0.0	124.0	255.0	237.0	252.0	245.0	244.0	243.0	246.0	245.0	245.0	247.0	245.0	242.0	249.0	215.0	244.0	246.0	238.0	230.0	240.0	242.0	236.0	241.0	238.0	241.0	245.0	255.0	18.0	148.0	255.0	240.0	244.0	247.0	244.0	244.0	247.0	246.0	244.0	245.0	245.0	240.0	250.0	218.0	235.0	252.0	236.0	239.0	238.0	238.0	237.0	239.0	242.0	253.0	235.0	255.0	44.0	161.0	255.0	238.0	232.0	244.0	248.0	251.0	245.0	243.0	245.0	244.0	246.0	246.0	246.0	247.0	210.0	253.0	246.0	245.0	241.0	238.0	240.0	234.0	249.0	237.0	219.0	255.0	82.0	144.0	255.0	242.0	243.0	232.0	233.0	237.0	243.0	250.0	252.0	249.0	245.0	248.0	240.0	253.0	222.0	224.0	252.0	242.0	240.0	239.0	244.0	247.0	231.0	219.0	238.0	255.0	138.0	92.0	249.0	246.0	249.0	255.0	242.0	231.0	237.0	231.0	215.0	219.0	241.0	246.0	255.0	250.0	253.0	211.0	254.0	245.0	248.0	241.0	235.0	219.0	214.0	242.0	239.0	254.0	192.0	90.0	247.0	232.0	232.0	239.0	220.0	209.0	226.0	230.0	228.0	227.0	227.0	203.0	218.0	206.0	205.0	173.0	215.0	244.0	239.0	229.0	219.0	214.0	228.0	255.0	239.0	217.0	125.0	93.0	255.0	234.0	239.0	239.0	225.0	206.0	211.0	213.0	225.0	229.0	226.0	226.0	230.0	228.0	238.0	221.0	254.0	255.0	255.0	250.0	238.0	202.0	178.0	118.0	4.0	0.0	0.0	0.0	0.0	16.0	44.0	82.0	117.0	146.0	153.0	152.0	144.0	137.0	136.0	131.0	117.0	107.0	100.0	93.0	84.0	79.0	56.0	28.0	16.0	0.0	0.0	0.0	0.0	0.0	0.0	0.0	0.0	0.0	0.0	0.0	0.0	0.0	0.0	0.0	0.0	0.0	0.0	0.0	0.0	0.0	0.0	0.0	0.0	0.0	0.0	0.0	0.0	0.0	0.0	0.0	0.0	0.0	0.0	0.0	0.0	0.0	0.0	0.0	0.0	0.0	0.0	0.0	0.0	0.0	0.0	0.0	0.0	0.0	0.0	0.0	0.0	0.0	0.0	0.0	0.0	0.0	0.0	0.0	0.0	0.0	0.0	0.0	0.0	0.0	0.0	0.0	0.0	0.0	0.0	0.0	0.0	0.0	0.0	0.0	0.0	0.0	0.0	0.0	0.0	0.0	0.0	0.0	0.0	0.0	0.0	0.0	0.0	0.0	0.0	0.0	0.0	0.0	0.0	0.0	0.0	0.0	0.0	0.0	0.0	0.0	0.0	0.0	0.0	0.0	0.0	0.0	0.0	0.0	0.0	0.0	0.0	0.0	0.0	0.0	0.0	0.0	0.0
0.0	0.0	0.0	0.0	0.0	0.0	0.0	0.0	0.0	0.0	0.0	0.0	0.0	0.0	0.0	0.0	0.0	0.0	0.0	0.0	0.0	0.0	0.0	0.0	0.0	0.0	0.0	0.0	0.0	0.0	0.0	0.0	0.0	0.0	0.0	0.0	0.0	0.0	0.0	0.0	0.0	0.0	0.0	0.0	0.0	0.0	0.0	0.0	0.0	0.0	0.0	0.0	0.0	0.0	0.0	0.0	0.0	0.0	0.0	0.0	0.0	0.0	0.0	0.0	0.0	0.0	0.0	0.0	0.0	0.0	0.0	0.0	0.0	0.0	0.0	0.0	0.0	0.0	0.0	0.0	0.0	0.0	0.0	0.0	0.0	0.0	0.0	0.0	0.0	0.0	0.0	0.0	0.0	0.0	0.0	0.0	0.0	0.0	0.0	0.0	0.0	0.0	0.0	0.0	0.0	0.0	0.0	0.0	0.0	0.0	0.0	0.0	0.0	0.0	0.0	0.0	0.0	0.0	0.0	0.0	0.0	0.0	0.0	0.0	0.0	0.0	0.0	0.0	0.0	0.0	0.0	0.0	0.0	0.0	0.0	0.0	0.0	0.0	0.0	0.0	0.0	0.0	0.0	0.0	0.0	0.0	0.0	0.0	0.0	0.0	0.0	0.0	0.0	0.0	0.0	0.0	0.0	0.0	0.0	0.0	0.0	0.0	0.0	0.0	0.0	0.0	0.0	0.0	0.0	0.0	0.0	100.0	116.0	122.0	118.0	117.0	116.0	106.0	104.0	100.0	96.0	92.0	91.0	92.0	93.0	94.0	106.0	109.0	111.0	107.0	113.0	105.0	98.0	96.0	50.0	0.0	0.0	0.0	166.0	233.0	209.0	227.0	224.0	220.0	218.0	218.0	218.0	217.0	216.0	224.0	231.0	230.0	231.0	231.0	232.0	228.0	222.0	215.0	213.0	215.0	220.0	202.0	246.0	16.0	0.0	0.0	203.0	210.0	204.0	204.0	202.0	197.0	195.0	198.0	202.0	207.0	211.0	205.0	199.0	198.0	195.0	194.0	188.0	185.0	184.0	184.0	193.0	192.0	187.0	186.0	207.0	60.0	0.0	0.0	220.0	211.0	200.0	207.0	210.0	208.0	204.0	206.0	210.0	206.0	199.0	194.0	193.0	194.0	192.0	188.0	184.0	185.0	189.0	193.0	194.0	195.0	196.0	204.0	223.0	102.0	0.0	70.0	242.0	201.0	214.0	209.0	210.0	207.0	204.0	197.0	193.0	189.0	188.0	190.0	189.0	185.0	185.0	186.0	188.0	188.0	191.0	193.0	198.0	211.0	212.0	220.0	252.0	0.0	0.0	205.0	103.0	177.0	234.0	208.0	212.0	210.0	209.0	203.0	200.0	200.0	204.0	203.0	200.0	199.0	201.0	204.0	210.0	211.0	215.0	218.0	223.0	234.0	226.0	237.0	184.0	0.0	0.0	255.0	98.0	155.0	246.0	209.0	216.0	218.0	220.0	219.0	217.0	213.0	211.0	208.0	210.0	216.0	217.0	218.0	220.0	221.0	225.0	230.0	233.0	235.0	226.0	246.0	114.0	0.0	0.0	242.0	137.0	109.0	255.0	211.0	219.0	219.0	222.0	220.0	223.0	220.0	219.0	218.0	216.0	220.0	224.0	221.0	221.0	224.0	227.0	229.0	229.0	235.0	228.0	243.0	42.0	0.0	0.0	225.0	177.0	27.0	255.0	209.0	222.0	220.0	222.0	222.0	220.0	218.0	221.0	224.0	242.0	227.0	224.0	221.0	223.0	226.0	228.0	229.0	232.0	228.0	233.0	241.0	0.0	0.0	0.0	184.0	223.0	0.0	243.0	225.0	222.0	223.0	223.0	223.0	216.0	217.0	229.0	211.0	126.0	182.0	231.0	221.0	229.0	228.0	229.0	233.0	233.0	225.0	246.0	185.0	0.0	0.0	0.0	91.0	255.0	0.0	178.0	250.0	219.0	221.0	223.0	219.0	216.0	222.0	227.0	229.0	146.0	200.0	235.0	227.0	232.0	228.0	227.0	233.0	235.0	227.0	245.0	93.0	0.0	1.0	0.0	0.0	255.0	52.0	99.0	255.0	204.0	222.0	224.0	222.0	215.0	228.0	227.0	227.0	226.0	229.0	230.0	230.0	227.0	226.0	227.0	230.0	230.0	226.0	235.0	10.0	0.0	2.0	0.0	0.0	75.0	202.0	93.0	255.0	223.0	221.0	218.0	217.0	218.0	222.0	216.0	214.0	217.0	220.0	223.0	225.0	217.0	220.0	223.0	222.0	233.0	234.0	226.0	0.0	0.0	2.0	0.0	2.0	0.0	100.0	239.0	233.0	244.0	244.0	244.0	237.0	221.0	240.0	239.0	232.0	232.0	234.0	235.0	235.0	235.0	237.0	238.0	241.0	234.0	250.0	215.0	0.0	0.0	1.0	2.0	4.0	0.0	52.0	238.0	210.0	215.0	214.0	221.0	226.0	247.0	255.0	255.0	255.0	255.0	255.0	255.0	255.0	255.0	255.0	255.0	255.0	242.0	246.0	163.0	0.0	0.0	0.0	0.0	4.0	0.0	1.0	199.0	190.0	207.0	210.0	217.0	226.0	238.0	46.0	6.0	26.0	21.0	22.0	21.0	20.0	18.0	19.0	20.0	20.0	28.0	28.0	0.0	0.0	0.0	0.0	0.0	0.0	0.0	0.0	0.0	0.0	0.0	0.0	0.0	0.0	0.0	0.0	0.0	0.0	0.0	0.0	0.0	0.0	0.0	0.0	0.0	0.0	0.0	0.0	0.0	0.0	0.0	0.0	0.0	0.0	0.0	0.0	0.0	0.0	0.0	0.0	0.0	0.0	0.0	0.0	0.0	0.0	0.0	0.0	0.0	0.0	0.0	0.0	0.0	0.0	0.0	0.0	0.0	0.0	0.0	0.0	0.0	0.0	0.0	0.0	0.0	0.0	0.0	0.0	0.0	0.0	0.0	0.0	0.0	0.0	0.0	0.0	0.0	0.0	0.0	0.0	0.0	0.0	0.0	0.0	0.0	0.0	0.0	0.0	0.0	0.0	0.0	0.0	0.0	0.0	0.0	0.0	0.0	0.0	0.0	0.0	0.0	0.0	0.0	0.0	0.0	0.0	0.0	0.0	0.0	0.0	0.0	0.0	0.0	0.0	0.0	0.0	0.0	0.0	0.0	0.0	0.0	0.0	0.0	0.0	0.0	0.0	0.0	0.0	0.0	0.0	0.0	0.0	0.0	0.0	0.0	0.0	0.0	0.0	0.0	0.0	0.0	0.0	0.0	0.0	0.0	0.0	0.0	0.0	0.0	0.0	0.0	0.0	0.0	0.0	0.0	0.0	0.0	0.0	0.0	0.0	0.0	0.0	0.0	0.0	0.0	0.0	0.0	0.0	0.0	0.0	0.0	0.0
0.0	0.0	0.0	0.0	0.0	0.0	0.0	0.0	0.0	0.0	0.0	0.0	0.0	0.0	0.0	0.0	0.0	0.0	0.0	0.0	0.0	0.0	0.0	0.0	0.0	0.0	0.0	0.0	0.0	0.0	0.0	0.0	0.0	0.0	0.0	0.0	0.0	0.0	0.0	0.0	0.0	0.0	0.0	0.0	0.0	0.0	0.0	0.0	0.0	0.0	0.0	0.0	0.0	0.0	0.0	0.0	0.0	0.0	0.0	0.0	0.0	0.0	0.0	0.0	0.0	0.0	0.0	0.0	0.0	0.0	0.0	0.0	0.0	0.0	0.0	0.0	0.0	0.0	0.0	0.0	0.0	0.0	0.0	0.0	0.0	0.0	0.0	0.0	0.0	0.0	0.0	0.0	0.0	0.0	0.0	0.0	0.0	0.0	0.0	0.0	0.0	0.0	0.0	0.0	0.0	0.0	0.0	0.0	0.0	0.0	0.0	0.0	0.0	0.0	0.0	0.0	0.0	0.0	0.0	0.0	0.0	0.0	0.0	0.0	0.0	0.0	0.0	0.0	0.0	0.0	0.0	0.0	0.0	0.0	0.0	0.0	0.0	0.0	0.0	0.0	0.0	0.0	0.0	0.0	0.0	0.0	0.0	0.0	0.0	0.0	0.0	0.0	0.0	0.0	0.0	0.0	0.0	0.0	0.0	0.0	0.0	0.0	0.0	0.0	0.0	0.0	0.0	0.0	0.0	0.0	0.0	0.0	0.0	0.0	0.0	0.0	0.0	0.0	0.0	0.0	0.0	0.0	0.0	0.0	0.0	0.0	0.0	0.0	0.0	0.0	0.0	0.0	0.0	0.0	0.0	0.0	0.0	0.0	0.0	0.0	0.0	0.0	0.0	0.0	0.0	0.0	0.0	0.0	0.0	0.0	0.0	0.0	0.0	0.0	0.0	0.0	0.0	0.0	0.0	0.0	0.0	0.0	67.0	22.0	0.0	0.0	0.0	0.0	0.0	0.0	0.0	0.0	0.0	1.0	0.0	0.0	0.0	0.0	1.0	0.0	0.0	68.0	62.0	0.0	0.0	0.0	0.0	0.0	33.0	64.0	40.0	0.0	0.0	0.0	0.0	0.0	0.0	0.0	0.0	0.0	0.0	0.0	0.0	0.0	0.0	0.0	1.0	0.0	52.0	104.0	122.0	205.0	201.0	181.0	204.0	147.0	153.0	171.0	64.0	0.0	0.0	0.0	0.0	0.0	0.0	0.0	0.0	0.0	0.0	0.0	0.0	0.0	0.0	4.0	0.0	7.0	99.0	62.0	145.0	239.0	228.0	239.0	241.0	134.0	110.0	126.0	67.0	0.0	0.0	0.0	0.0	0.0	0.0	0.0	0.0	0.0	0.0	0.0	0.0	0.0	1.0	0.0	0.0	62.0	96.0	67.0	196.0	233.0	220.0	227.0	219.0	110.0	117.0	140.0	71.0	0.0	0.0	0.0	0.0	0.0	0.0	0.0	0.0	0.0	0.0	0.0	1.0	1.0	0.0	1.0	61.0	85.0	87.0	85.0	235.0	230.0	225.0	231.0	238.0	110.0	128.0	139.0	66.0	0.0	0.0	0.0	0.0	0.0	0.0	0.0	0.0	0.0	0.0	2.0	0.0	0.0	10.0	74.0	87.0	85.0	86.0	104.0	253.0	224.0	226.0	240.0	230.0	99.0	120.0	133.0	86.0	0.0	0.0	0.0	0.0	0.0	0.0	1.0	1.0	1.0	0.0	0.0	0.0	34.0	71.0	81.0	83.0	97.0	79.0	130.0	233.0	222.0	223.0	229.0	226.0	104.0	124.0	119.0	117.0	0.0	0.0	1.0	0.0	0.0	0.0	0.0	0.0	0.0	0.0	20.0	56.0	82.0	76.0	73.0	80.0	86.0	76.0	177.0	228.0	212.0	219.0	225.0	234.0	94.0	112.0	100.0	123.0	20.0	0.0	0.0	0.0	0.0	0.0	0.0	4.0	25.0	50.0	68.0	71.0	76.0	77.0	78.0	86.0	96.0	79.0	151.0	252.0	242.0	241.0	251.0	201.0	67.0	94.0	91.0	113.0	37.0	0.0	14.0	51.0	62.0	62.0	61.0	60.0	62.0	70.0	69.0	72.0	79.0	84.0	91.0	99.0	108.0	103.0	81.0	96.0	109.0	110.0	96.0	79.0	93.0	116.0	116.0	120.0	55.0	1.0	57.0	55.0	59.0	59.0	66.0	67.0	67.0	77.0	78.0	80.0	85.0	99.0	104.0	114.0	118.0	116.0	122.0	108.0	99.0	99.0	93.0	100.0	111.0	112.0	106.0	109.0	24.0	109.0	183.0	151.0	137.0	119.0	87.0	75.0	78.0	76.0	76.0	75.0	74.0	86.0	104.0	113.0	114.0	125.0	139.0	149.0	160.0	153.0	169.0	178.0	177.0	178.0	168.0	196.0	39.0	6.0	114.0	154.0	188.0	202.0	205.0	199.0	220.0	205.0	193.0	196.0	196.0	208.0	224.0	246.0	217.0	215.0	255.0	253.0	252.0	221.0	216.0	215.0	235.0	215.0	207.0	255.0	69.0	0.0	0.0	0.0	0.0	31.0	70.0	118.0	154.0	175.0	180.0	183.0	178.0	176.0	146.0	104.0	62.0	33.0	14.0	0.0	0.0	141.0	201.0	165.0	164.0	151.0	141.0	128.0	5.0	0.0	0.0	0.0	0.0	0.0	0.0	0.0	0.0	0.0	0.0	0.0	0.0	0.0	0.0	0.0	0.0	0.0	0.0	0.0	0.0	0.0	0.0	0.0	0.0	0.0	0.0	0.0	0.0	0.0	0.0	0.0	0.0	0.0	0.0	0.0	0.0	0.0	0.0	0.0	0.0	0.0	0.0	0.0	0.0	0.0	0.0	0.0	0.0	0.0	0.0	0.0	0.0	0.0	0.0	0.0	0.0	0.0	0.0	0.0	0.0	0.0	0.0	0.0	0.0	0.0	0.0	0.0	0.0	0.0	0.0	0.0	0.0	0.0	0.0	0.0	0.0	0.0	0.0	0.0	0.0	0.0	0.0	0.0	0.0	0.0	0.0	0.0	0.0	0.0	0.0	0.0	0.0	0.0	0.0	0.0	0.0	0.0	0.0	0.0	0.0	0.0	0.0	0.0	0.0	0.0	0.0	0.0	0.0	0.0	0.0	0.0	0.0	0.0	0.0	0.0	0.0	0.0	0.0	0.0	0.0	0.0	0.0	0.0	0.0	0.0	0.0	0.0	0.0	0.0	0.0	0.0	0.0	0.0	0.0	0.0	0.0	0.0	0.0	0.0	0.0	0.0	0.0	0.0	0.0	0.0	0.0	0.0	0.0	0.0	0.0	0.0	0.0	0.0	0.0	0.0	0.0	0.0	0.0	0.0	0.0	0.0	0.0	0.0	0.0	0.0	0.0	0.0	0.0
0.0	0.0	0.0	0.0	0.0	0.0	0.0	0.0	1.0	2.0	0.0	0.0	152.0	116.0	108.0	143.0	0.0	0.0	3.0	2.0	0.0	0.0	0.0	0.0	0.0	0.0	0.0	0.0	0.0	0.0	0.0	0.0	0.0	0.0	3.0	1.0	0.0	0.0	0.0	72.0	212.0	229.0	221.0	234.0	102.0	0.0	0.0	0.0	1.0	2.0	0.0	0.0	0.0	0.0	0.0	0.0	0.0	0.0	0.0	0.0	0.0	1.0	0.0	0.0	5.0	82.0	194.0	201.0	166.0	222.0	248.0	222.0	181.0	167.0	87.0	14.0	0.0	0.0	2.0	0.0	0.0	0.0	0.0	0.0	0.0	0.0	0.0	0.0	2.0	0.0	16.0	161.0	170.0	178.0	168.0	186.0	193.0	220.0	206.0	191.0	223.0	172.0	170.0	178.0	149.0	11.0	0.0	3.0	0.0	0.0	0.0	0.0	0.0	0.0	0.0	0.0	0.0	0.0	142.0	169.0	127.0	135.0	140.0	164.0	196.0	206.0	169.0	187.0	199.0	154.0	92.0	139.0	172.0	148.0	0.0	0.0	0.0	0.0	0.0	0.0	0.0	0.0	0.0	0.0	0.0	44.0	178.0	148.0	166.0	160.0	182.0	158.0	123.0	162.0	198.0	147.0	180.0	136.0	154.0	155.0	156.0	166.0	54.0	0.0	0.0	0.0	0.0	0.0	0.0	0.0	0.0	0.0	0.0	109.0	194.0	178.0	153.0	129.0	166.0	154.0	143.0	134.0	146.0	138.0	176.0	158.0	135.0	147.0	167.0	168.0	112.0	0.0	0.0	0.0	0.0	0.0	0.0	0.0	0.0	0.0	0.0	143.0	170.0	181.0	166.0	177.0	160.0	170.0	151.0	117.0	152.0	141.0	160.0	149.0	126.0	152.0	171.0	170.0	110.0	0.0	0.0	0.0	0.0	0.0	0.0	0.0	0.0	0.0	0.0	167.0	181.0	185.0	190.0	168.0	153.0	197.0	134.0	171.0	165.0	179.0	163.0	138.0	143.0	169.0	190.0	177.0	125.0	0.0	0.0	0.0	0.0	0.0	0.0	0.0	0.0	0.0	0.0	192.0	180.0	198.0	225.0	162.0	159.0	192.0	148.0	155.0	127.0	154.0	155.0	137.0	140.0	184.0	209.0	177.0	153.0	0.0	0.0	0.0	0.0	0.0	0.0	0.0	0.0	0.0	0.0	200.0	170.0	202.0	232.0	143.0	160.0	179.0	146.0	159.0	165.0	161.0	161.0	155.0	104.0	195.0	215.0	169.0	189.0	0.0	0.0	0.0	0.0	0.0	0.0	0.0	0.0	0.0	9.0	180.0	150.0	202.0	205.0	159.0	181.0	170.0	141.0	175.0	181.0	139.0	188.0	151.0	141.0	205.0	206.0	159.0	194.0	0.0	0.0	0.0	0.0	0.0	0.0	0.0	0.0	0.0	40.0	213.0	175.0	206.0	163.0	153.0	185.0	164.0	150.0	150.0	162.0	144.0	185.0	136.0	145.0	179.0	216.0	158.0	204.0	31.0	0.0	0.0	0.0	0.0	0.0	0.0	0.0	0.0	71.0	173.0	185.0	214.0	98.0	167.0	167.0	153.0	149.0	126.0	145.0	130.0	171.0	151.0	129.0	129.0	224.0	165.0	197.0	47.0	0.0	0.0	0.0	0.0	0.0	0.0	0.0	0.0	98.0	165.0	180.0	225.0	23.0	180.0	171.0	188.0	152.0	168.0	168.0	163.0	159.0	124.0	162.0	103.0	199.0	169.0	214.0	49.0	0.0	0.0	0.0	0.0	0.0	0.0	0.0	0.0	89.0	177.0	199.0	248.0	0.0	176.0	160.0	188.0	138.0	170.0	125.0	176.0	159.0	142.0	180.0	76.0	193.0	190.0	203.0	73.0	0.0	0.0	0.0	0.0	0.0	0.0	0.0	0.0	128.0	169.0	194.0	255.0	0.0	144.0	144.0	172.0	174.0	148.0	148.0	145.0	143.0	120.0	144.0	65.0	200.0	200.0	192.0	94.0	0.0	0.0	0.0	0.0	0.0	0.0	0.0	0.0	121.0	102.0	178.0	255.0	2.0	176.0	156.0	161.0	132.0	155.0	175.0	158.0	169.0	146.0	146.0	65.0	195.0	195.0	181.0	117.0	0.0	0.0	0.0	0.0	0.0	0.0	0.0	0.0	133.0	130.0	176.0	223.0	33.0	172.0	174.0	172.0	159.0	165.0	169.0	121.0	188.0	121.0	173.0	59.0	193.0	207.0	149.0	119.0	0.0	0.0	0.0	0.0	0.0	0.0	0.0	0.0	137.0	124.0	191.0	174.0	29.0	156.0	135.0	155.0	131.0	134.0	159.0	136.0	169.0	152.0	144.0	51.0	140.0	219.0	153.0	122.0	0.0	0.0	0.0	0.0	0.0	0.0	0.0	0.0	100.0	113.0	182.0	146.0	44.0	193.0	161.0	174.0	144.0	131.0	153.0	132.0	160.0	124.0	145.0	121.0	98.0	212.0	153.0	91.0	0.0	0.0	0.0	0.0	0.0	0.0	0.0	0.0	77.0	154.0	201.0	123.0	105.0	182.0	138.0	184.0	125.0	179.0	142.0	182.0	158.0	133.0	157.0	144.0	55.0	210.0	180.0	90.0	0.0	0.0	0.0	0.0	0.0	0.0	0.0	0.0	81.0	164.0	185.0	80.0	110.0	133.0	148.0	183.0	142.0	149.0	130.0	156.0	147.0	127.0	112.0	149.0	68.0	214.0	180.0	62.0	0.0	0.0	0.0	0.0	0.0	0.0	0.0	0.0	58.0	148.0	169.0	87.0	159.0	115.0	141.0	171.0	146.0	149.0	149.0	157.0	155.0	151.0	85.0	151.0	47.0	186.0	183.0	94.0	0.0	0.0	0.0	0.0	0.0	0.0	0.0	0.0	59.0	126.0	147.0	116.0	195.0	139.0	164.0	151.0	148.0	162.0	156.0	139.0	166.0	140.0	126.0	173.0	73.0	176.0	164.0	56.0	0.0	0.0	0.0	0.0	0.0	0.0	0.0	0.0	137.0	136.0	160.0	86.0	185.0	138.0	171.0	160.0	149.0	158.0	158.0	146.0	173.0	144.0	130.0	187.0	84.0	191.0	170.0	109.0	0.0	0.0	0.0	0.0	0.0	0.0	0.0	0.0	93.0	124.0	178.0	0.0	14.0	59.0	91.0	119.0	95.0	99.0	99.0	124.0	147.0	147.0	108.0	78.0	0.0	149.0	157.0	79.0	0.0	0.0	0.0	0.0	0.0	0.0	0.0	0.0	0.0	0.0	0.0	0.0	0.0	0.0	0.0	0.0	0.0	0.0	0.0	0.0	0.0	0.0	0.0	0.0	0.0	0.0	0.0	0.0	0.0	0.0	0.0	0.0
0.0	0.0	0.0	0.0	0.0	0.0	0.0	0.0	0.0	1.0	0.0	32.0	92.0	36.0	41.0	99.0	72.0	21.0	0.0	3.0	0.0	0.0	0.0	0.0	0.0	0.0	0.0	0.0	0.0	0.0	0.0	0.0	0.0	0.0	0.0	0.0	1.0	1.0	0.0	57.0	133.0	142.0	166.0	135.0	137.0	77.0	0.0	1.0	1.0	0.0	0.0	0.0	0.0	0.0	0.0	0.0	0.0	0.0	0.0	0.0	0.0	0.0	0.0	0.0	1.0	0.0	47.0	135.0	121.0	121.0	115.0	122.0	115.0	126.0	59.0	0.0	0.0	0.0	0.0	0.0	0.0	0.0	0.0	0.0	0.0	0.0	0.0	0.0	0.0	0.0	0.0	0.0	3.0	3.0	124.0	117.0	121.0	115.0	104.0	130.0	110.0	117.0	126.0	14.0	0.0	3.0	0.0	0.0	0.0	0.0	0.0	0.0	0.0	0.0	0.0	0.0	0.0	0.0	0.0	1.0	0.0	48.0	146.0	104.0	106.0	113.0	101.0	144.0	94.0	112.0	122.0	66.0	0.0	3.0	0.0	0.0	0.0	0.0	0.0	0.0	0.0	0.0	0.0	0.0	0.0	0.0	0.0	1.0	0.0	95.0	128.0	97.0	97.0	121.0	110.0	135.0	92.0	104.0	103.0	97.0	0.0	0.0	0.0	0.0	0.0	0.0	0.0	0.0	0.0	0.0	0.0	0.0	0.0	0.0	0.0	1.0	0.0	113.0	110.0	97.0	97.0	108.0	112.0	121.0	101.0	95.0	92.0	119.0	7.0	0.0	0.0	0.0	0.0	0.0	0.0	0.0	0.0	0.0	0.0	0.0	0.0	0.0	0.0	0.0	0.0	126.0	117.0	110.0	97.0	104.0	121.0	119.0	108.0	103.0	92.0	135.0	34.0	0.0	0.0	0.0	0.0	0.0	0.0	0.0	0.0	0.0	0.0	0.0	0.0	0.0	0.0	0.0	16.0	151.0	126.0	115.0	117.0	122.0	141.0	150.0	97.0	132.0	104.0	144.0	56.0	0.0	0.0	0.0	0.0	0.0	0.0	0.0	0.0	0.0	0.0	0.0	0.0	0.0	0.0	0.0	37.0	141.0	126.0	113.0	122.0	132.0	137.0	177.0	95.0	133.0	101.0	141.0	74.0	0.0	0.0	0.0	0.0	0.0	0.0	0.0	0.0	0.0	0.0	0.0	0.0	0.0	0.0	0.0	39.0	144.0	124.0	119.0	121.0	139.0	124.0	204.0	92.0	133.0	99.0	130.0	99.0	0.0	0.0	0.0	0.0	0.0	0.0	0.0	0.0	0.0	0.0	0.0	0.0	0.0	0.0	0.0	45.0	146.0	117.0	128.0	122.0	148.0	112.0	238.0	90.0	137.0	101.0	119.0	121.0	0.0	0.0	0.0	0.0	0.0	0.0	0.0	0.0	0.0	0.0	0.0	0.0	0.0	0.0	0.0	66.0	137.0	117.0	126.0	124.0	157.0	104.0	255.0	85.0	133.0	110.0	103.0	133.0	0.0	0.0	0.0	0.0	0.0	0.0	0.0	0.0	0.0	0.0	0.0	0.0	0.0	0.0	0.0	83.0	141.0	128.0	124.0	122.0	166.0	97.0	218.0	88.0	126.0	121.0	95.0	133.0	0.0	0.0	0.0	0.0	0.0	0.0	0.0	0.0	0.0	0.0	0.0	0.0	0.0	0.0	0.0	92.0	133.0	135.0	126.0	121.0	177.0	94.0	227.0	92.0	117.0	130.0	88.0	133.0	0.0	0.0	0.0	0.0	0.0	0.0	0.0	0.0	0.0	0.0	0.0	0.0	0.0	0.0	0.0	113.0	130.0	139.0	130.0	117.0	191.0	88.0	229.0	103.0	108.0	139.0	86.0	139.0	3.0	0.0	0.0	0.0	0.0	0.0	0.0	0.0	0.0	0.0	0.0	0.0	0.0	0.0	0.0	117.0	132.0	144.0	126.0	110.0	200.0	88.0	229.0	124.0	94.0	141.0	99.0	130.0	12.0	0.0	0.0	0.0	0.0	0.0	0.0	0.0	0.0	0.0	0.0	0.0	0.0	0.0	0.0	121.0	135.0	144.0	124.0	106.0	204.0	94.0	233.0	148.0	83.0	133.0	108.0	124.0	19.0	0.0	0.0	0.0	0.0	0.0	0.0	0.0	0.0	0.0	0.0	0.0	0.0	0.0	0.0	146.0	135.0	148.0	124.0	101.0	207.0	97.0	229.0	168.0	75.0	130.0	110.0	130.0	23.0	0.0	0.0	0.0	0.0	0.0	0.0	0.0	0.0	0.0	0.0	0.0	0.0	0.0	10.0	157.0	133.0	151.0	119.0	101.0	211.0	94.0	220.0	184.0	72.0	130.0	112.0	132.0	27.0	0.0	0.0	0.0	0.0	0.0	0.0	0.0	0.0	0.0	0.0	0.0	0.0	0.0	12.0	160.0	139.0	144.0	119.0	106.0	207.0	97.0	206.0	204.0	74.0	124.0	113.0	126.0	28.0	0.0	0.0	0.0	0.0	0.0	0.0	0.0	0.0	0.0	0.0	0.0	0.0	0.0	16.0	162.0	142.0	139.0	122.0	106.0	200.0	115.0	188.0	215.0	74.0	121.0	115.0	126.0	34.0	0.0	0.0	0.0	0.0	0.0	0.0	0.0	0.0	0.0	0.0	0.0	0.0	0.0	23.0	164.0	148.0	135.0	122.0	110.0	189.0	133.0	173.0	227.0	70.0	117.0	119.0	122.0	43.0	0.0	0.0	0.0	0.0	0.0	0.0	0.0	0.0	0.0	0.0	0.0	0.0	0.0	32.0	157.0	121.0	126.0	119.0	101.0	153.0	117.0	153.0	180.0	81.0	113.0	113.0	117.0	45.0	0.0	0.0	0.0	0.0	0.0	0.0	0.0	0.0	0.0	0.0	0.0	0.0	0.0	41.0	150.0	103.0	121.0	119.0	97.0	139.0	113.0	141.0	155.0	86.0	108.0	103.0	113.0	48.0	0.0	0.0	0.0	0.0	0.0	0.0	0.0	0.0	0.0	0.0	0.0	0.0	0.0	48.0	168.0	101.0	112.0	112.0	99.0	130.0	110.0	155.0	160.0	83.0	92.0	97.0	113.0	45.0	0.0	0.0	0.0	0.0	0.0	0.0	0.0	0.0	0.0	0.0	0.0	0.0	0.0	57.0	175.0	122.0	128.0	133.0	104.0	141.0	115.0	128.0	155.0	130.0	110.0	90.0	130.0	56.0	0.0	0.0	0.0	0.0	0.0	0.0	0.0	0.0	0.0	0.0	0.0	0.0	0.0	0.0	9.0	1.0	39.0	94.0	48.0	97.0	92.0	50.0	77.0	70.0	3.0	14.0	43.0	1.0	0.0	0.0	0.0	0.0	0.0	0.0
0.0	0.0	0.0	0.0	0.0	0.0	0.0	1.0	0.0	62.0	105.0	0.0	0.0	0.0	0.0	0.0	10.0	116.0	30.0	0.0	3.0	0.0	0.0	0.0	0.0	0.0	0.0	0.0	0.0	0.0	0.0	0.0	0.0	0.0	0.0	0.0	0.0	130.0	144.0	155.0	160.0	100.0	92.0	146.0	149.0	147.0	124.0	0.0	3.0	0.0	0.0	0.0	0.0	0.0	0.0	0.0	0.0	0.0	0.0	0.0	0.0	0.0	0.0	1.0	0.0	142.0	121.0	119.0	155.0	190.0	191.0	165.0	119.0	127.0	127.0	0.0	4.0	1.0	0.0	0.0	0.0	0.0	0.0	0.0	0.0	0.0	0.0	0.0	0.0	0.0	0.0	1.0	0.0	136.0	132.0	114.0	102.0	96.0	95.0	100.0	114.0	140.0	136.0	0.0	4.0	2.0	0.0	0.0	0.0	0.0	0.0	0.0	0.0	0.0	0.0	0.0	0.0	0.0	0.0	4.0	0.0	103.0	133.0	110.0	121.0	121.0	120.0	124.0	116.0	132.0	38.0	0.0	3.0	1.0	0.0	0.0	0.0	0.0	0.0	0.0	0.0	0.0	0.0	0.0	0.0	0.0	0.0	4.0	0.0	63.0	134.0	119.0	125.0	124.0	122.0	122.0	124.0	155.0	17.0	0.0	3.0	0.0	0.0	0.0	0.0	0.0	0.0	0.0	0.0	0.0	0.0	0.0	0.0	0.0	0.0	3.0	0.0	36.0	140.0	132.0	132.0	125.0	127.0	133.0	136.0	146.0	0.0	0.0	1.0	0.0	0.0	0.0	0.0	0.0	0.0	0.0	0.0	0.0	0.0	0.0	0.0	0.0	0.0	2.0	0.0	5.0	160.0	135.0	134.0	130.0	133.0	138.0	140.0	127.0	0.0	0.0	0.0	0.0	0.0	0.0	0.0	0.0	0.0	0.0	0.0	0.0	0.0	0.0	0.0	0.0	0.0	1.0	0.0	0.0	138.0	135.0	133.0	132.0	150.0	125.0	133.0	105.0	0.0	2.0	0.0	0.0	0.0	0.0	0.0	0.0	0.0	0.0	0.0	0.0	0.0	0.0	0.0	0.0	0.0	1.0	2.0	1.0	118.0	135.0	133.0	146.0	136.0	142.0	151.0	111.0	0.0	2.0	0.0	0.0	0.0	0.0	0.0	0.0	0.0	0.0	0.0	0.0	0.0	0.0	0.0	0.0	0.0	0.0	1.0	0.0	134.0	143.0	161.0	182.0	170.0	160.0	152.0	118.0	0.0	0.0	0.0	0.0	0.0	0.0	0.0	0.0	0.0	0.0	0.0	0.0	0.0	0.0	0.0	0.0	0.0	2.0	0.0	14.0	150.0	134.0	141.0	126.0	149.0	155.0	144.0	136.0	0.0	0.0	2.0	0.0	0.0	0.0	0.0	0.0	0.0	0.0	0.0	0.0	0.0	0.0	0.0	0.0	0.0	2.0	0.0	83.0	140.0	140.0	128.0	140.0	147.0	159.0	140.0	155.0	55.0	0.0	3.0	1.0	0.0	0.0	0.0	0.0	0.0	0.0	0.0	0.0	0.0	0.0	0.0	0.0	0.0	0.0	0.0	125.0	140.0	138.0	124.0	214.0	141.0	162.0	136.0	136.0	111.0	0.0	0.0	1.0	0.0	0.0	0.0	0.0	0.0	0.0	0.0	0.0	0.0	0.0	0.0	0.0	0.0	0.0	4.0	146.0	137.0	133.0	140.0	226.0	125.0	170.0	140.0	133.0	153.0	3.0	0.0	1.0	0.0	0.0	0.0	0.0	0.0	0.0	0.0	0.0	0.0	0.0	0.0	0.0	0.0	0.0	39.0	136.0	136.0	141.0	158.0	188.0	125.0	167.0	140.0	132.0	143.0	56.0	0.0	4.0	0.0	0.0	0.0	0.0	0.0	0.0	0.0	0.0	0.0	0.0	0.0	0.0	0.0	0.0	71.0	141.0	132.0	161.0	163.0	150.0	134.0	170.0	142.0	128.0	142.0	108.0	0.0	1.0	0.0	0.0	0.0	0.0	0.0	0.0	0.0	0.0	0.0	0.0	0.0	0.0	0.0	0.0	103.0	141.0	126.0	165.0	159.0	142.0	133.0	162.0	143.0	127.0	136.0	144.0	0.0	0.0	0.0	0.0	0.0	0.0	0.0	0.0	0.0	0.0	0.0	0.0	0.0	0.0	0.0	0.0	124.0	138.0	129.0	161.0	165.0	144.0	130.0	163.0	145.0	128.0	132.0	135.0	17.0	0.0	0.0	0.0	0.0	0.0	0.0	0.0	0.0	0.0	0.0	0.0	0.0	0.0	0.0	0.0	143.0	137.0	132.0	151.0	160.0	142.0	124.0	163.0	143.0	132.0	130.0	143.0	47.0	0.0	0.0	0.0	0.0	0.0	0.0	0.0	0.0	0.0	0.0	0.0	0.0	0.0	0.0	2.0	154.0	133.0	134.0	145.0	138.0	166.0	207.0	135.0	137.0	130.0	126.0	144.0	89.0	0.0	0.0	0.0	0.0	0.0	0.0	0.0	0.0	0.0	0.0	0.0	0.0	0.0	0.0	19.0	157.0	132.0	135.0	147.0	126.0	193.0	250.0	125.0	135.0	133.0	127.0	141.0	119.0	0.0	0.0	0.0	0.0	0.0	0.0	0.0	0.0	0.0	0.0	0.0	0.0	0.0	0.0	40.0	159.0	132.0	140.0	144.0	120.0	203.0	255.0	141.0	128.0	135.0	126.0	137.0	143.0	0.0	0.0	0.0	0.0	0.0	0.0	0.0	0.0	0.0	0.0	0.0	0.0	0.0	0.0	61.0	153.0	129.0	137.0	137.0	119.0	218.0	248.0	157.0	125.0	137.0	128.0	134.0	157.0	14.0	0.0	0.0	0.0	0.0	0.0	0.0	0.0	0.0	0.0	0.0	0.0	0.0	0.0	69.0	149.0	133.0	135.0	135.0	129.0	224.0	231.0	171.0	125.0	137.0	129.0	133.0	138.0	36.0	0.0	0.0	0.0	0.0	0.0	0.0	0.0	0.0	0.0	0.0	0.0	0.0	0.0	103.0	138.0	132.0	134.0	132.0	159.0	234.0	228.0	187.0	151.0	128.0	130.0	132.0	145.0	99.0	0.0	0.0	0.0	0.0	0.0	0.0	0.0	0.0	0.0	0.0	0.0	0.0	0.0	95.0	170.0	144.0	147.0	168.0	153.0	174.0	160.0	124.0	149.0	167.0	140.0	138.0	165.0	64.0	0.0	0.0	0.0	0.0	0.0	0.0	0.0	0.0	0.0	0.0	0.0	0.0	0.0	0.0	19.0	66.0	78.0	122.0	9.0	0.0	0.0	0.0	34.0	102.0	56.0	30.0	0.0	0.0	0.0	0.0	0.0	0.0	0.0	0.0
0.0	0.0	0.0	0.0	0.0	0.0	0.0	0.0	0.0	0.0	255.0	166.0	136.0	135.0	69.0	85.0	105.0	108.0	157.0	0.0	0.0	0.0	0.0	0.0	0.0	0.0	0.0	0.0	0.0	0.0	0.0	0.0	0.0	0.0	0.0	0.0	0.0	31.0	186.0	159.0	148.0	178.0	175.0	171.0	156.0	148.0	108.0	0.0	0.0	0.0	0.0	0.0	0.0	0.0	0.0	0.0	0.0	0.0	0.0	0.0	0.0	0.0	0.0	0.0	0.0	128.0	216.0	158.0	157.0	163.0	161.0	133.0	142.0	79.0	35.0	1.0	0.0	0.0	0.0	0.0	0.0	0.0	0.0	0.0	0.0	0.0	0.0	0.0	0.0	0.0	0.0	0.0	0.0	68.0	158.0	115.0	132.0	185.0	156.0	51.0	128.0	141.0	85.0	13.0	0.0	0.0	0.0	0.0	0.0	0.0	0.0	0.0	0.0	0.0	0.0	0.0	0.0	0.0	0.0	0.0	0.0	89.0	120.0	102.0	139.0	146.0	132.0	153.0	146.0	92.0	73.0	8.0	0.0	0.0	0.0	0.0	0.0	0.0	0.0	0.0	0.0	0.0	0.0	0.0	0.0	0.0	0.0	0.0	0.0	129.0	149.0	75.0	147.0	141.0	163.0	223.0	136.0	114.0	79.0	53.0	0.0	0.0	0.0	0.0	0.0	0.0	0.0	0.0	0.0	0.0	0.0	0.0	0.0	0.0	0.0	0.0	0.0	135.0	144.0	83.0	114.0	115.0	155.0	162.0	122.0	59.0	28.0	42.0	0.0	0.0	0.0	0.0	0.0	0.0	0.0	0.0	0.0	0.0	0.0	0.0	0.0	0.0	0.0	0.0	0.0	93.0	98.0	74.0	114.0	126.0	198.0	161.0	143.0	176.0	231.0	20.0	0.0	0.0	0.0	0.0	0.0	0.0	0.0	0.0	0.0	0.0	0.0	0.0	0.0	0.0	0.0	0.0	0.0	83.0	193.0	134.0	67.0	106.0	169.0	164.0	128.0	157.0	93.0	5.0	0.0	0.0	0.0	0.0	0.0	0.0	0.0	0.0	0.0	0.0	0.0	0.0	0.0	0.0	0.0	0.0	0.0	59.0	238.0	200.0	45.0	78.0	89.0	195.0	88.0	63.0	24.0	0.0	0.0	0.0	0.0	0.0	0.0	0.0	0.0	0.0	0.0	0.0	0.0	0.0	0.0	0.0	0.0	0.0	0.0	30.0	151.0	150.0	49.0	69.0	54.0	188.0	127.0	79.0	41.0	3.0	0.0	0.0	0.0	0.0	0.0	0.0	0.0	0.0	0.0	0.0	0.0	0.0	0.0	0.0	0.0	0.0	0.0	31.0	90.0	23.0	41.0	68.0	0.0	178.0	137.0	61.0	53.0	1.0	0.0	0.0	0.0	0.0	0.0	0.0	0.0	0.0	0.0	0.0	0.0	0.0	0.0	0.0	0.0	0.0	0.0	12.0	159.0	125.0	74.0	63.0	0.0	194.0	144.0	34.0	31.0	0.0	0.0	0.0	0.0	0.0	0.0	0.0	0.0	0.0	0.0	0.0	0.0	0.0	0.0	0.0	0.0	0.0	0.0	0.0	135.0	201.0	98.0	42.0	0.0	136.0	158.0	108.0	130.0	0.0	0.0	0.0	0.0	0.0	0.0	0.0	0.0	0.0	0.0	0.0	0.0	0.0	0.0	0.0	0.0	0.0	0.0	11.0	111.0	86.0	63.0	54.0	0.0	76.0	219.0	210.0	173.0	0.0	0.0	0.0	0.0	0.0	0.0	0.0	0.0	0.0	0.0	0.0	0.0	0.0	0.0	0.0	0.0	0.0	0.0	0.0	107.0	64.0	55.0	62.0	0.0	74.0	121.0	2.0	17.0	5.0	0.0	0.0	0.0	0.0	0.0	0.0	0.0	0.0	0.0	0.0	0.0	0.0	0.0	0.0	0.0	0.0	0.0	0.0	119.0	113.0	49.0	66.0	0.0	89.0	154.0	4.0	32.0	4.0	0.0	0.0	0.0	0.0	0.0	0.0	0.0	0.0	0.0	0.0	0.0	0.0	0.0	0.0	0.0	0.0	0.0	0.0	106.0	184.0	69.0	47.0	0.0	66.0	168.0	35.0	44.0	0.0	0.0	0.0	0.0	0.0	0.0	0.0	0.0	0.0	0.0	0.0	0.0	0.0	0.0	0.0	0.0	0.0	0.0	0.0	117.0	99.0	70.0	46.0	0.0	37.0	194.0	95.0	25.0	3.0	0.0	0.0	0.0	0.0	0.0	0.0	0.0	0.0	0.0	0.0	0.0	0.0	0.0	0.0	0.0	0.0	0.0	0.0	113.0	95.0	102.0	48.0	0.0	23.0	157.0	129.0	59.0	0.0	0.0	0.0	0.0	0.0	0.0	0.0	0.0	0.0	0.0	0.0	0.0	0.0	0.0	0.0	0.0	0.0	0.0	0.0	125.0	125.0	110.0	33.0	0.0	35.0	142.0	119.0	103.0	0.0	0.0	0.0	0.0	0.0	0.0	0.0	0.0	0.0	0.0	0.0	0.0	0.0	0.0	0.0	0.0	0.0	0.0	0.0	124.0	121.0	100.0	33.0	0.0	37.0	165.0	106.0	76.0	0.0	0.0	0.0	0.0	0.0	0.0	0.0	0.0	0.0	0.0	0.0	0.0	0.0	0.0	0.0	0.0	0.0	0.0	0.0	111.0	125.0	98.0	44.0	0.0	31.0	161.0	114.0	76.0	0.0	0.0	0.0	0.0	0.0	0.0	0.0	0.0	0.0	0.0	0.0	0.0	0.0	0.0	0.0	0.0	0.0	0.0	0.0	106.0	128.0	93.0	34.0	0.0	26.0	149.0	122.0	59.0	0.0	0.0	0.0	0.0	0.0	0.0	0.0	0.0	0.0	0.0	0.0	0.0	0.0	0.0	0.0	0.0	0.0	0.0	0.0	82.0	117.0	95.0	44.0	0.0	28.0	143.0	126.0	45.0	0.0	0.0	0.0	0.0	0.0	0.0	0.0	0.0	0.0	0.0	0.0	0.0	0.0	0.0	0.0	0.0	0.0	0.0	0.0	53.0	119.0	97.0	56.0	0.0	17.0	144.0	117.0	39.0	0.0	0.0	0.0	0.0	0.0	0.0	0.0	0.0	0.0	0.0	0.0	0.0	0.0	0.0	0.0	0.0	0.0	0.0	0.0	55.0	124.0	98.0	45.0	0.0	23.0	154.0	115.0	28.0	0.0	0.0	0.0	0.0	0.0	0.0	0.0	0.0	0.0	0.0	0.0	0.0	0.0	0.0	0.0	0.0	0.0	0.0	0.0	10.0	118.0	88.0	5.0	0.0	0.0	99.0	108.0	12.0	0.0	0.0	0.0	0.0	0.0	0.0	0.0	0.0	0.0
0.0	0.0	0.0	0.0	0.0	0.0	0.0	0.0	0.0	0.0	0.0	0.0	0.0	0.0	0.0	0.0	0.0	0.0	0.0	0.0	0.0	0.0	0.0	0.0	0.0	0.0	0.0	0.0	0.0	0.0	0.0	0.0	0.0	0.0	0.0	0.0	0.0	0.0	0.0	0.0	0.0	0.0	0.0	0.0	0.0	0.0	0.0	0.0	0.0	0.0	0.0	0.0	0.0	0.0	0.0	0.0	0.0	0.0	0.0	0.0	0.0	0.0	0.0	0.0	0.0	0.0	0.0	0.0	0.0	0.0	0.0	29.0	37.0	0.0	0.0	33.0	53.0	12.0	171.0	196.0	188.0	160.0	177.0	28.0	0.0	0.0	0.0	0.0	0.0	0.0	0.0	0.0	0.0	0.0	0.0	4.0	0.0	55.0	177.0	194.0	220.0	197.0	192.0	222.0	255.0	243.0	239.0	242.0	233.0	197.0	186.0	0.0	0.0	0.0	0.0	0.0	0.0	0.0	0.0	0.0	0.0	0.0	0.0	4.0	0.0	38.0	158.0	201.0	205.0	192.0	186.0	219.0	207.0	144.0	174.0	188.0	94.0	0.0	0.0	0.0	0.0	0.0	0.0	0.0	0.0	0.0	0.0	0.0	0.0	0.0	0.0	0.0	0.0	0.0	0.0	25.0	3.0	0.0	0.0	200.0	206.0	0.0	0.0	0.0	0.0	0.0	0.0	3.0	0.0	0.0	0.0	0.0	0.0	0.0	0.0	0.0	0.0	0.0	0.0	0.0	0.0	1.0	0.0	0.0	0.0	0.0	0.0	204.0	231.0	0.0	0.0	3.0	10.0	2.0	0.0	0.0	0.0	0.0	0.0	0.0	0.0	0.0	0.0	0.0	0.0	0.0	0.0	0.0	0.0	0.0	1.0	4.0	3.0	0.0	0.0	200.0	226.0	0.0	0.0	0.0	0.0	2.0	5.0	4.0	0.0	0.0	0.0	0.0	0.0	0.0	0.0	0.0	0.0	0.0	0.0	0.0	0.0	0.0	0.0	0.0	0.0	1.0	0.0	189.0	223.0	0.0	0.0	4.0	3.0	0.0	0.0	0.0	0.0	0.0	0.0	0.0	0.0	0.0	0.0	0.0	0.0	0.0	0.0	0.0	0.0	0.0	0.0	0.0	0.0	1.0	0.0	182.0	226.0	0.0	0.0	0.0	0.0	3.0	98.0	13.0	0.0	0.0	0.0	0.0	0.0	0.0	0.0	0.0	0.0	0.0	0.0	0.0	0.0	0.0	0.0	0.0	0.0	2.0	0.0	189.0	226.0	0.0	0.0	49.0	99.0	141.0	191.0	51.0	0.0	0.0	0.0	0.0	0.0	0.0	0.0	0.0	0.0	0.0	0.0	0.0	0.0	0.0	3.0	1.0	0.0	3.0	0.0	167.0	208.0	45.0	192.0	185.0	167.0	196.0	187.0	0.0	0.0	0.0	0.0	0.0	0.0	0.0	0.0	0.0	0.0	0.0	0.0	0.0	0.0	0.0	1.0	0.0	1.0	0.0	0.0	145.0	209.0	161.0	156.0	185.0	200.0	192.0	119.0	0.0	0.0	0.0	0.0	0.0	1.0	0.0	0.0	0.0	1.0	0.0	1.0	0.0	2.0	1.0	1.0	0.0	3.0	0.0	0.0	161.0	198.0	168.0	203.0	203.0	184.0	223.0	126.0	0.0	0.0	0.0	0.0	0.0	0.0	0.0	0.0	0.0	0.0	0.0	1.0	0.0	0.0	1.0	0.0	3.0	0.0	11.0	146.0	175.0	227.0	222.0	184.0	210.0	222.0	176.0	243.0	0.0	0.0	0.0	0.0	0.0	0.0	0.0	0.0	0.0	0.0	0.0	0.0	1.0	0.0	0.0	4.0	0.0	0.0	167.0	147.0	191.0	209.0	173.0	243.0	254.0	0.0	0.0	255.0	68.0	0.0	0.0	0.0	1.0	1.0	0.0	0.0	0.0	0.0	1.0	0.0	1.0	0.0	5.0	0.0	0.0	139.0	155.0	196.0	228.0	202.0	239.0	130.0	0.0	0.0	0.0	255.0	77.0	0.0	0.0	0.0	0.0	0.0	0.0	1.0	3.0	4.0	0.0	0.0	1.0	2.0	7.0	0.0	52.0	167.0	169.0	138.0	207.0	217.0	180.0	164.0	210.0	77.0	120.0	255.0	28.0	0.0	0.0	0.0	0.0	0.0	1.0	0.0	0.0	0.0	2.0	3.0	0.0	0.0	3.0	0.0	117.0	180.0	202.0	0.0	150.0	223.0	195.0	225.0	235.0	249.0	255.0	158.0	0.0	0.0	0.0	1.0	1.0	0.0	0.0	0.0	35.0	35.0	0.0	0.0	4.0	1.0	0.0	8.0	150.0	198.0	57.0	0.0	236.0	186.0	213.0	255.0	255.0	236.0	247.0	151.0	0.0	0.0	1.0	0.0	0.0	1.0	47.0	83.0	122.0	233.0	157.0	0.0	0.0	7.0	0.0	58.0	173.0	192.0	0.0	75.0	255.0	0.0	11.0	105.0	112.0	0.0	143.0	250.0	0.0	0.0	1.0	0.0	39.0	100.0	124.0	122.0	104.0	139.0	249.0	174.0	0.0	0.0	0.0	108.0	195.0	165.0	0.0	129.0	211.0	0.0	0.0	0.0	0.0	0.0	61.0	255.0	31.0	7.0	1.0	9.0	121.0	120.0	121.0	122.0	141.0	123.0	144.0	245.0	217.0	0.0	20.0	164.0	166.0	0.0	0.0	99.0	221.0	3.0	0.0	10.0	4.0	0.0	123.0	255.0	5.0	0.0	0.0	0.0	137.0	129.0	120.0	126.0	133.0	133.0	132.0	146.0	188.0	123.0	163.0	193.0	24.0	0.0	0.0	0.0	211.0	177.0	0.0	0.0	0.0	22.0	246.0	180.0	0.0	76.0	91.0	64.0	154.0	150.0	147.0	151.0	156.0	159.0	170.0	164.0	154.0	186.0	204.0	20.0	0.0	9.0	5.0	0.0	66.0	248.0	233.0	164.0	182.0	254.0	224.0	0.0	0.0	85.0	149.0	143.0	143.0	154.0	153.0	151.0	150.0	151.0	136.0	130.0	83.0	16.0	0.0	0.0	4.0	0.0	0.0	0.0	0.0	155.0	222.0	220.0	209.0	214.0	92.0	0.0	0.0	0.0	0.0	0.0	0.0	0.0	0.0	0.0	0.0	0.0	0.0	0.0	0.0	0.0	0.0	0.0	0.0	0.0	0.0	0.0	0.0	0.0	0.0	0.0	0.0	0.0	0.0	0.0	0.0	0.0	0.0	0.0	0.0	0.0	0.0	0.0	0.0	0.0	0.0	0.0	0.0	0.0	0.0	0.0	0.0	0.0	0.0	0.0	0.0	0.0	0.0	0.0	0.0	0.0	0.0	0.0	0.0
0.0	0.0	0.0	0.0	0.0	0.0	1.0	0.0	1.0	0.0	54.0	195.0	195.0	195.0	190.0	193.0	187.0	208.0	185.0	13.0	0.0	1.0	1.0	1.0	1.0	0.0	0.0	0.0	0.0	0.0	0.0	0.0	0.0	1.0	0.0	0.0	0.0	0.0	142.0	195.0	207.0	178.0	232.0	208.0	237.0	208.0	171.0	64.0	0.0	2.0	1.0	0.0	2.0	0.0	0.0	0.0	0.0	0.0	0.0	0.0	1.0	0.0	2.0	1.0	0.0	0.0	139.0	100.0	87.0	81.0	217.0	86.0	93.0	94.0	106.0	99.0	0.0	0.0	1.0	1.0	1.0	0.0	0.0	0.0	0.0	0.0	0.0	1.0	0.0	0.0	0.0	0.0	38.0	137.0	155.0	113.0	129.0	106.0	190.0	103.0	111.0	118.0	128.0	140.0	106.0	16.0	0.0	0.0	2.0	0.0	0.0	0.0	0.0	0.0	0.0	3.0	2.0	0.0	46.0	119.0	142.0	114.0	128.0	116.0	105.0	94.0	232.0	110.0	105.0	104.0	112.0	114.0	127.0	140.0	62.0	0.0	1.0	0.0	0.0	0.0	0.0	0.0	0.0	1.0	0.0	59.0	164.0	114.0	116.0	100.0	111.0	110.0	105.0	91.0	220.0	106.0	102.0	107.0	102.0	110.0	110.0	114.0	151.0	69.0	0.0	0.0	0.0	0.0	0.0	0.0	0.0	0.0	6.0	140.0	128.0	103.0	110.0	110.0	106.0	105.0	105.0	92.0	216.0	106.0	101.0	108.0	110.0	115.0	110.0	116.0	111.0	142.0	10.0	0.0	0.0	0.0	0.0	0.0	0.0	0.0	37.0	147.0	141.0	95.0	112.0	106.0	110.0	103.0	105.0	90.0	214.0	106.0	100.0	107.0	96.0	92.0	100.0	108.0	107.0	136.0	65.0	0.0	0.0	0.0	0.0	0.0	0.0	0.0	73.0	133.0	152.0	97.0	108.0	107.0	111.0	103.0	105.0	90.0	216.0	106.0	99.0	106.0	105.0	103.0	104.0	111.0	101.0	110.0	62.0	0.0	0.0	0.0	0.0	0.0	0.0	0.0	104.0	120.0	144.0	98.0	105.0	105.0	111.0	102.0	105.0	88.0	214.0	107.0	98.0	104.0	106.0	106.0	110.0	104.0	106.0	151.0	122.0	0.0	0.0	0.0	0.0	0.0	0.0	0.0	119.0	103.0	139.0	104.0	102.0	108.0	108.0	101.0	104.0	87.0	210.0	108.0	96.0	103.0	103.0	101.0	102.0	92.0	157.0	200.0	179.0	0.0	0.0	0.0	0.0	0.0	0.0	2.0	123.0	103.0	135.0	105.0	99.0	105.0	108.0	101.0	105.0	85.0	208.0	108.0	95.0	104.0	108.0	102.0	101.0	94.0	155.0	170.0	161.0	0.0	0.0	0.0	0.0	0.0	0.0	18.0	124.0	101.0	154.0	103.0	111.0	104.0	108.0	102.0	104.0	83.0	210.0	108.0	94.0	100.0	106.0	106.0	105.0	98.0	155.0	163.0	166.0	0.0	0.0	0.0	0.0	0.0	0.0	28.0	127.0	99.0	165.0	94.0	99.0	106.0	107.0	100.0	102.0	82.0	210.0	110.0	94.0	102.0	101.0	106.0	102.0	96.0	155.0	162.0	149.0	17.0	0.0	0.0	0.0	0.0	0.0	31.0	114.0	88.0	156.0	105.0	97.0	101.0	103.0	98.0	102.0	81.0	211.0	110.0	94.0	103.0	99.0	100.0	100.0	104.0	149.0	219.0	190.0	57.0	0.0	0.0	0.0	0.0	0.0	40.0	133.0	106.0	174.0	97.0	103.0	106.0	104.0	102.0	102.0	84.0	213.0	111.0	94.0	102.0	102.0	104.0	99.0	106.0	87.0	124.0	170.0	34.0	0.0	0.0	0.0	0.0	0.0	85.0	244.0	211.0	230.0	88.0	79.0	87.0	82.0	85.0	85.0	68.0	195.0	92.0	74.0	83.0	81.0	87.0	79.0	97.0	135.0	112.0	142.0	32.0	0.0	0.0	0.0	0.0	0.0	81.0	232.0	187.0	220.0	211.0	159.0	157.0	153.0	155.0	156.0	144.0	210.0	175.0	168.0	174.0	171.0	179.0	171.0	197.0	235.0	217.0	255.0	77.0	0.0	0.0	0.0	0.0	0.0	91.0	227.0	177.0	216.0	227.0	201.0	216.0	214.0	214.0	216.0	211.0	212.0	214.0	208.0	213.0	209.0	211.0	207.0	210.0	200.0	191.0	223.0	76.0	0.0	0.0	0.0	0.0	0.0	101.0	223.0	187.0	225.0	211.0	186.0	193.0	188.0	192.0	190.0	188.0	204.0	201.0	188.0	196.0	192.0	190.0	188.0	199.0	210.0	185.0	229.0	85.0	0.0	0.0	0.0	0.0	0.0	114.0	221.0	179.0	219.0	206.0	188.0	192.0	196.0	195.0	197.0	190.0	201.0	202.0	190.0	197.0	201.0	193.0	192.0	196.0	214.0	187.0	225.0	98.0	0.0	0.0	0.0	0.0	0.0	122.0	217.0	183.0	229.0	210.0	187.0	192.0	195.0	192.0	198.0	192.0	202.0	199.0	193.0	194.0	202.0	194.0	187.0	189.0	213.0	188.0	217.0	118.0	0.0	0.0	0.0	0.0	0.0	140.0	216.0	171.0	230.0	222.0	181.0	195.0	197.0	194.0	191.0	195.0	204.0	198.0	196.0	192.0	194.0	197.0	189.0	188.0	220.0	192.0	212.0	136.0	0.0	0.0	0.0	0.0	0.0	160.0	208.0	204.0	238.0	214.0	195.0	202.0	190.0	196.0	195.0	194.0	206.0	198.0	194.0	197.0	191.0	195.0	198.0	194.0	244.0	205.0	199.0	152.0	0.0	0.0	0.0	0.0	0.0	131.0	247.0	199.0	0.0	150.0	217.0	191.0	199.0	193.0	192.0	191.0	207.0	198.0	194.0	199.0	199.0	194.0	195.0	190.0	222.0	231.0	215.0	181.0	0.0	0.0	0.0	0.0	0.0	0.0	0.0	0.0	0.0	159.0	222.0	191.0	187.0	188.0	198.0	190.0	205.0	196.0	193.0	193.0	188.0	189.0	229.0	188.0	0.0	81.0	122.0	87.0	0.0	0.0	0.0	0.0	0.0	0.0	0.0	0.0	0.0	9.0	201.0	250.0	244.0	228.0	215.0	200.0	209.0	200.0	206.0	210.0	235.0	252.0	232.0	56.0	0.0	0.0	0.0	0.0	0.0	0.0	0.0	0.0	0.0	0.0	0.0	0.0	0.0	0.0	0.0	16.0	82.0	127.0	162.0	180.0	190.0	190.0	192.0	180.0	127.0	55.0	0.0	0.0	0.0	1.0	3.0	1.0	0.0	0.0
0.0	0.0	0.0	0.0	0.0	0.0	0.0	0.0	0.0	0.0	0.0	0.0	48.0	75.0	11.0	32.0	127.0	14.0	0.0	0.0	1.0	0.0	0.0	0.0	0.0	0.0	0.0	0.0	0.0	0.0	0.0	0.0	0.0	0.0	0.0	0.0	0.0	0.0	0.0	30.0	115.0	38.0	30.0	30.0	115.0	210.0	0.0	0.0	0.0	0.0	0.0	0.0	0.0	0.0	0.0	0.0	0.0	0.0	0.0	0.0	0.0	0.0	0.0	0.0	0.0	50.0	162.0	191.0	201.0	50.0	58.0	96.0	113.0	160.0	108.0	68.0	17.0	0.0	0.0	0.0	0.0	0.0	0.0	0.0	0.0	0.0	0.0	0.0	0.0	0.0	0.0	22.0	181.0	194.0	39.0	59.0	159.0	99.0	40.0	113.0	155.0	118.0	76.0	51.0	96.0	79.0	0.0	0.0	1.0	0.0	0.0	0.0	0.0	0.0	0.0	0.0	1.0	0.0	0.0	100.0	129.0	37.0	29.0	94.0	129.0	170.0	39.0	107.0	179.0	108.0	89.0	35.0	42.0	84.0	37.0	0.0	0.0	0.0	0.0	0.0	0.0	0.0	0.0	0.0	1.0	0.0	19.0	66.0	22.0	37.0	126.0	242.0	147.0	147.0	90.0	188.0	139.0	137.0	153.0	22.0	54.0	58.0	43.0	0.0	0.0	0.0	0.0	0.0	0.0	0.0	0.0	0.0	0.0	0.0	13.0	66.0	58.0	33.0	21.0	58.0	180.0	217.0	11.0	188.0	95.0	32.0	49.0	35.0	58.0	32.0	101.0	7.0	0.0	0.0	0.0	0.0	0.0	0.0	0.0	0.0	0.0	0.0	13.0	51.0	60.0	28.0	34.0	4.0	92.0	94.0	1.0	29.0	25.0	32.0	38.0	40.0	69.0	96.0	120.0	0.0	0.0	0.0	0.0	0.0	0.0	0.0	0.0	0.0	0.0	0.0	18.0	58.0	134.0	44.0	24.0	34.0	18.0	25.0	45.0	39.0	37.0	44.0	44.0	34.0	131.0	76.0	126.0	32.0	0.0	0.0	0.0	0.0	0.0	0.0	0.0	0.0	1.0	0.0	22.0	117.0	143.0	53.0	14.0	28.0	28.0	29.0	25.0	8.0	7.0	6.0	6.0	38.0	138.0	40.0	152.0	85.0	0.0	0.0	0.0	0.0	0.0	0.0	0.0	0.0	0.0	0.0	28.0	113.0	184.0	108.0	4.0	16.0	19.0	24.0	22.0	103.0	73.0	61.0	80.0	58.0	169.0	22.0	152.0	99.0	0.0	0.0	0.0	0.0	0.0	0.0	0.0	0.0	0.0	0.0	25.0	86.0	183.0	147.0	39.0	24.0	131.0	175.0	132.0	142.0	121.0	85.0	82.0	138.0	116.0	50.0	64.0	100.0	0.0	0.0	0.0	0.0	0.0	0.0	0.0	0.0	0.0	6.0	35.0	82.0	181.0	191.0	81.0	85.0	85.0	69.0	47.0	81.0	64.0	55.0	186.0	177.0	33.0	63.0	43.0	59.0	0.0	0.0	0.0	0.0	0.0	0.0	0.0	0.0	0.0	8.0	33.0	65.0	190.0	132.0	80.0	55.0	160.0	125.0	138.0	157.0	137.0	174.0	159.0	91.0	54.0	66.0	48.0	70.0	0.0	0.0	0.0	0.0	0.0	0.0	0.0	0.0	0.0	13.0	37.0	84.0	189.0	70.0	127.0	58.0	205.0	55.0	158.0	0.0	103.0	167.0	101.0	71.0	38.0	58.0	39.0	65.0	0.0	0.0	0.0	0.0	0.0	0.0	0.0	0.0	0.0	30.0	43.0	71.0	79.0	53.0	198.0	29.0	154.0	44.0	149.0	125.0	173.0	126.0	143.0	34.0	89.0	191.0	16.0	68.0	0.0	0.0	0.0	0.0	0.0	0.0	0.0	0.0	0.0	30.0	8.0	55.0	48.0	37.0	106.0	18.0	69.0	199.0	95.0	122.0	118.0	65.0	102.0	30.0	86.0	254.0	24.0	60.0	16.0	0.0	0.0	0.0	0.0	0.0	0.0	0.0	0.0	60.0	112.0	188.0	86.0	11.0	58.0	50.0	9.0	131.0	129.0	82.0	174.0	162.0	44.0	48.0	25.0	186.0	29.0	40.0	25.0	0.0	0.0	0.0	0.0	0.0	0.0	0.0	0.0	32.0	172.0	152.0	4.0	30.0	40.0	35.0	18.0	54.0	198.0	34.0	61.0	122.0	43.0	70.0	51.0	51.0	40.0	125.0	43.0	0.0	0.0	0.0	0.0	0.0	0.0	0.0	0.0	22.0	101.0	94.0	0.0	153.0	155.0	54.0	14.0	18.0	23.0	30.0	7.0	13.0	40.0	97.0	105.0	3.0	139.0	236.0	58.0	0.0	0.0	0.0	0.0	0.0	0.0	0.0	0.0	59.0	22.0	56.0	23.0	153.0	194.0	97.0	14.0	40.0	42.0	34.0	42.0	45.0	43.0	79.0	173.0	32.0	37.0	144.0	108.0	0.0	0.0	0.0	0.0	0.0	0.0	0.0	1.0	70.0	42.0	58.0	60.0	155.0	151.0	65.0	19.0	60.0	97.0	30.0	131.0	87.0	43.0	38.0	162.0	51.0	33.0	32.0	66.0	0.0	0.0	0.0	0.0	0.0	0.0	0.0	14.0	55.0	63.0	34.0	127.0	164.0	84.0	19.0	16.0	18.0	129.0	55.0	70.0	146.0	55.0	35.0	120.0	48.0	48.0	37.0	34.0	0.0	0.0	0.0	0.0	0.0	0.0	0.0	24.0	19.0	44.0	3.0	168.0	90.0	17.0	118.0	68.0	91.0	80.0	207.0	103.0	73.0	61.0	43.0	86.0	40.0	25.0	42.0	50.0	0.0	0.0	0.0	0.0	0.0	0.0	0.0	47.0	139.0	189.0	48.0	100.0	65.0	30.0	201.0	149.0	185.0	108.0	169.0	117.0	159.0	76.0	44.0	85.0	21.0	111.0	50.0	71.0	0.0	0.0	0.0	0.0	0.0	0.0	0.0	50.0	90.0	138.0	0.0	0.0	70.0	50.0	56.0	143.0	178.0	108.0	181.0	103.0	80.0	71.0	63.0	17.0	0.0	152.0	155.0	85.0	0.0	0.0	0.0	0.0	0.0	0.0	0.0	79.0	54.0	65.0	0.0	0.0	0.0	19.0	1.0	59.0	160.0	0.0	84.0	29.0	0.0	14.0	0.0	0.0	0.0	177.0	178.0	148.0	0.0	0.0	0.0	0.0	0.0	0.0	0.0	11.0	25.0	33.0	0.0	0.0	0.0	0.0	0.0	0.0	0.0	0.0	0.0	0.0	0.0	0.0	0.0	0.0	0.0	61.0	49.0	17.0	0.0	0.0	0.0
0.0	0.0	0.0	0.0	0.0	0.0	0.0	0.0	0.0	0.0	0.0	0.0	0.0	0.0	0.0	0.0	0.0	0.0	0.0	0.0	0.0	0.0	0.0	0.0	0.0	0.0	0.0	0.0	0.0	0.0	0.0	0.0	0.0	0.0	0.0	0.0	0.0	0.0	0.0	0.0	0.0	0.0	0.0	0.0	0.0	0.0	0.0	0.0	0.0	0.0	0.0	0.0	0.0	0.0	0.0	0.0	0.0	0.0	0.0	0.0	0.0	0.0	0.0	0.0	0.0	0.0	0.0	0.0	0.0	0.0	0.0	0.0	0.0	0.0	0.0	0.0	0.0	0.0	0.0	0.0	0.0	0.0	0.0	0.0	0.0	0.0	0.0	0.0	0.0	0.0	0.0	0.0	0.0	0.0	0.0	0.0	0.0	0.0	0.0	0.0	0.0	0.0	0.0	0.0	0.0	0.0	0.0	0.0	0.0	0.0	0.0	0.0	0.0	0.0	0.0	0.0	0.0	0.0	0.0	0.0	0.0	0.0	0.0	0.0	0.0	0.0	0.0	0.0	0.0	0.0	0.0	0.0	0.0	0.0	0.0	0.0	0.0	0.0	0.0	0.0	0.0	0.0	0.0	0.0	0.0	0.0	0.0	0.0	0.0	0.0	0.0	0.0	0.0	0.0	0.0	0.0	0.0	0.0	0.0	0.0	0.0	0.0	0.0	0.0	0.0	0.0	0.0	0.0	0.0	0.0	0.0	0.0	0.0	0.0	0.0	0.0	0.0	0.0	0.0	0.0	0.0	0.0	0.0	0.0	0.0	0.0	0.0	0.0	0.0	0.0	0.0	0.0	0.0	0.0	0.0	0.0	0.0	0.0	0.0	0.0	0.0	0.0	0.0	0.0	0.0	0.0	0.0	0.0	0.0	0.0	0.0	0.0	0.0	0.0	0.0	0.0	0.0	0.0	0.0	0.0	0.0	0.0	0.0	0.0	0.0	0.0	0.0	0.0	0.0	0.0	0.0	0.0	0.0	0.0	0.0	0.0	0.0	0.0	0.0	0.0	0.0	0.0	0.0	0.0	0.0	0.0	0.0	0.0	0.0	0.0	0.0	0.0	0.0	0.0	0.0	0.0	0.0	0.0	0.0	0.0	0.0	0.0	4.0	0.0	0.0	0.0	0.0	9.0	0.0	73.0	114.0	0.0	0.0	0.0	0.0	0.0	11.0	23.0	2.0	0.0	0.0	0.0	1.0	2.0	1.0	2.0	2.0	1.0	0.0	0.0	0.0	0.0	0.0	34.0	115.0	240.0	91.0	206.0	255.0	0.0	0.0	0.0	0.0	0.0	0.0	0.0	0.0	0.0	2.0	0.0	0.0	0.0	0.0	0.0	0.0	0.0	0.0	0.0	77.0	163.0	236.0	213.0	222.0	216.0	215.0	56.0	201.0	70.0	0.0	0.0	0.0	56.0	128.0	125.0	141.0	0.0	0.0	0.0	0.0	0.0	0.0	16.0	43.0	72.0	141.0	237.0	215.0	215.0	212.0	205.0	198.0	199.0	213.0	243.0	157.0	111.0	103.0	114.0	185.0	225.0	229.0	230.0	221.0	7.0	4.0	132.0	174.0	195.0	213.0	221.0	224.0	241.0	218.0	208.0	206.0	202.0	198.0	206.0	202.0	204.0	202.0	217.0	248.0	241.0	246.0	255.0	227.0	209.0	215.0	214.0	215.0	36.0	181.0	209.0	203.0	195.0	190.0	188.0	178.0	197.0	205.0	196.0	215.0	204.0	196.0	206.0	212.0	212.0	214.0	201.0	211.0	210.0	212.0	205.0	197.0	209.0	216.0	218.0	217.0	63.0	208.0	227.0	211.0	210.0	210.0	209.0	204.0	209.0	215.0	195.0	197.0	211.0	208.0	201.0	210.0	211.0	217.0	220.0	211.0	209.0	207.0	205.0	208.0	214.0	217.0	222.0	242.0	102.0	61.0	212.0	219.0	236.0	224.0	219.0	215.0	213.0	216.0	212.0	191.0	197.0	217.0	202.0	205.0	209.0	213.0	217.0	211.0	216.0	224.0	230.0	237.0	233.0	218.0	199.0	203.0	28.0	0.0	0.0	33.0	126.0	214.0	209.0	229.0	234.0	232.0	228.0	224.0	215.0	212.0	222.0	227.0	231.0	233.0	229.0	252.0	207.0	154.0	124.0	106.0	77.0	49.0	26.0	12.0	2.0	0.0	0.0	0.0	0.0	0.0	0.0	61.0	115.0	159.0	189.0	212.0	226.0	227.0	219.0	206.0	171.0	118.0	75.0	39.0	13.0	0.0	8.0	14.0	14.0	23.0	26.0	21.0	12.0	0.0	0.0	1.0	2.0	0.0	0.0	0.0	0.0	0.0	0.0	0.0	0.0	0.0	0.0	0.0	0.0	0.0	0.0	0.0	3.0	12.0	13.0	10.0	9.0	10.0	1.0	0.0	0.0	0.0	0.0	0.0	0.0	0.0	0.0	0.0	0.0	0.0	0.0	0.0	0.0	0.0	0.0	0.0	0.0	0.0	0.0	0.0	0.0	0.0	0.0	0.0	0.0	0.0	0.0	0.0	0.0	0.0	0.0	0.0	0.0	0.0	0.0	0.0	0.0	0.0	0.0	0.0	0.0	0.0	0.0	0.0	0.0	0.0	0.0	0.0	0.0	0.0	0.0	0.0	0.0	0.0	0.0	0.0	0.0	0.0	0.0	0.0	0.0	0.0	0.0	0.0	0.0	0.0	0.0	0.0	0.0	0.0	0.0	0.0	0.0	0.0	0.0	0.0	0.0	0.0	0.0	0.0	0.0	0.0	0.0	0.0	0.0	0.0	0.0	0.0	0.0	0.0	0.0	0.0	0.0	0.0	0.0	0.0	0.0	0.0	0.0	0.0	0.0	0.0	0.0	0.0	0.0	0.0	0.0	0.0	0.0	0.0	0.0	0.0	0.0	0.0	0.0	0.0	0.0	0.0	0.0	0.0	0.0	0.0	0.0	0.0	0.0	0.0	0.0	0.0	0.0	0.0	0.0	0.0	0.0	0.0	0.0	0.0	0.0	0.0	0.0	0.0	0.0	0.0	0.0	0.0	0.0	0.0	0.0	0.0	0.0	0.0	0.0	0.0	0.0	0.0	0.0	0.0	0.0	0.0	0.0	0.0	0.0	0.0	0.0	0.0	0.0	0.0	0.0	0.0	0.0	0.0	0.0	0.0	0.0	0.0	0.0	0.0	0.0	0.0	0.0	0.0	0.0	0.0	0.0	0.0	0.0	0.0	0.0	0.0	0.0	0.0	0.0	0.0	0.0	0.0	0.0	0.0	0.0	0.0	0.0	0.0	0.0	0.0	0.0	0.0	0.0	0.0	0.0	0.0	0.0	0.0	0.0	0.0	0.0	0.0	0.0	0.0	0.0	0.0	0.0	0.0	0.0	0.0	0.0	0.0	0.0
0.0	0.0	0.0	0.0	0.0	0.0	0.0	0.0	0.0	0.0	0.0	0.0	0.0	0.0	0.0	0.0	0.0	0.0	0.0	0.0	0.0	0.0	0.0	0.0	0.0	0.0	0.0	0.0	0.0	0.0	0.0	0.0	0.0	0.0	0.0	0.0	0.0	0.0	0.0	0.0	0.0	0.0	0.0	0.0	0.0	0.0	0.0	0.0	0.0	0.0	0.0	0.0	0.0	0.0	0.0	0.0	0.0	0.0	0.0	0.0	0.0	0.0	0.0	0.0	0.0	0.0	0.0	0.0	0.0	0.0	0.0	0.0	0.0	0.0	0.0	0.0	0.0	0.0	0.0	0.0	0.0	0.0	0.0	0.0	0.0	0.0	0.0	0.0	0.0	0.0	0.0	0.0	0.0	0.0	0.0	0.0	0.0	0.0	0.0	0.0	0.0	0.0	0.0	0.0	0.0	0.0	0.0	0.0	0.0	0.0	0.0	0.0	0.0	0.0	0.0	0.0	0.0	0.0	0.0	0.0	0.0	0.0	0.0	0.0	0.0	0.0	0.0	0.0	0.0	0.0	0.0	0.0	0.0	0.0	0.0	0.0	0.0	0.0	0.0	0.0	0.0	0.0	0.0	0.0	0.0	0.0	0.0	0.0	0.0	0.0	0.0	0.0	0.0	0.0	0.0	0.0	0.0	0.0	0.0	0.0	0.0	0.0	0.0	0.0	0.0	0.0	0.0	0.0	0.0	0.0	0.0	0.0	0.0	0.0	0.0	0.0	0.0	0.0	0.0	0.0	0.0	0.0	0.0	0.0	0.0	0.0	0.0	0.0	0.0	0.0	0.0	0.0	0.0	0.0	0.0	0.0	0.0	0.0	0.0	0.0	0.0	0.0	0.0	0.0	0.0	0.0	0.0	0.0	0.0	0.0	0.0	0.0	0.0	0.0	0.0	0.0	0.0	0.0	0.0	0.0	0.0	0.0	0.0	0.0	0.0	0.0	0.0	0.0	0.0	0.0	0.0	0.0	0.0	0.0	0.0	0.0	0.0	0.0	0.0	0.0	0.0	0.0	0.0	0.0	0.0	0.0	0.0	0.0	0.0	0.0	0.0	0.0	0.0	0.0	0.0	0.0	0.0	0.0	0.0	0.0	0.0	5.0	0.0	0.0	0.0	17.0	150.0	80.0	2.0	0.0	0.0	0.0	0.0	0.0	0.0	0.0	0.0	0.0	0.0	0.0	0.0	0.0	0.0	0.0	0.0	0.0	0.0	2.0	2.0	0.0	1.0	65.0	99.0	172.0	138.0	126.0	195.0	167.0	137.0	119.0	38.0	1.0	0.0	0.0	0.0	0.0	0.0	0.0	0.0	0.0	0.0	0.0	0.0	3.0	5.0	0.0	0.0	99.0	188.0	71.0	3.0	0.0	0.0	35.0	172.0	216.0	234.0	234.0	226.0	223.0	164.0	204.0	153.0	183.0	2.0	0.0	1.0	3.0	0.0	0.0	2.0	0.0	0.0	54.0	223.0	204.0	7.0	0.0	0.0	1.0	0.0	0.0	0.0	0.0	122.0	233.0	188.0	182.0	159.0	210.0	146.0	145.0	0.0	0.0	0.0	1.0	1.0	1.0	0.0	49.0	215.0	220.0	119.0	0.0	0.0	7.0	0.0	0.0	0.0	0.0	0.0	0.0	33.0	254.0	76.0	0.0	0.0	0.0	0.0	0.0	0.0	0.0	1.0	2.0	0.0	2.0	84.0	132.0	184.0	51.0	0.0	0.0	5.0	0.0	2.0	0.0	1.0	2.0	1.0	0.0	53.0	221.0	100.0	0.0	1.0	0.0	0.0	1.0	2.0	1.0	1.0	2.0	0.0	15.0	142.0	109.0	119.0	221.0	0.0	1.0	0.0	2.0	6.0	0.0	1.0	0.0	0.0	0.0	51.0	202.0	94.0	0.0	0.0	0.0	0.0	0.0	0.0	0.0	0.0	0.0	0.0	0.0	212.0	184.0	183.0	251.0	19.0	0.0	0.0	0.0	0.0	0.0	0.0	6.0	22.0	5.0	102.0	239.0	165.0	19.0	56.0	51.0	51.0	44.0	43.0	10.0	81.0	95.0	48.0	24.0	195.0	198.0	192.0	183.0	82.0	30.0	40.0	52.0	73.0	103.0	114.0	130.0	144.0	141.0	137.0	164.0	150.0	151.0	165.0	163.0	160.0	130.0	165.0	61.0	71.0	142.0	167.0	165.0	146.0	136.0	131.0	142.0	154.0	173.0	170.0	174.0	167.0	156.0	156.0	147.0	141.0	142.0	140.0	127.0	136.0	146.0	140.0	141.0	147.0	149.0	154.0	17.0	0.0	3.0	29.0	36.0	48.0	48.0	54.0	66.0	68.0	66.0	67.0	67.0	66.0	70.0	70.0	67.0	71.0	77.0	75.0	79.0	70.0	77.0	70.0	65.0	58.0	59.0	39.0	0.0	0.0	0.0	0.0	0.0	0.0	0.0	0.0	0.0	0.0	0.0	0.0	0.0	0.0	0.0	0.0	0.0	0.0	0.0	0.0	0.0	0.0	0.0	0.0	0.0	0.0	0.0	0.0	0.0	0.0	0.0	0.0	0.0	0.0	0.0	0.0	0.0	0.0	0.0	0.0	0.0	0.0	0.0	0.0	0.0	0.0	0.0	0.0	0.0	0.0	0.0	0.0	0.0	0.0	0.0	0.0	0.0	0.0	0.0	0.0	0.0	0.0	0.0	0.0	0.0	0.0	0.0	0.0	0.0	0.0	0.0	0.0	0.0	0.0	0.0	0.0	0.0	0.0	0.0	0.0	0.0	0.0	0.0	0.0	0.0	0.0	0.0	0.0	0.0	0.0	0.0	0.0	0.0	0.0	0.0	0.0	0.0	0.0	0.0	0.0	0.0	0.0	0.0	0.0	0.0	0.0	0.0	0.0	0.0	0.0	0.0	0.0	0.0	0.0	0.0	0.0	0.0	0.0	0.0	0.0	0.0	0.0	0.0	0.0	0.0	0.0	0.0	0.0	0.0	0.0	0.0	0.0	0.0	0.0	0.0	0.0	0.0	0.0	0.0	0.0	0.0	0.0	0.0	0.0	0.0	0.0	0.0	0.0	0.0	0.0	0.0	0.0	0.0	0.0	0.0	0.0	0.0	0.0	0.0	0.0	0.0	0.0	0.0	0.0	0.0	0.0	0.0	0.0	0.0	0.0	0.0	0.0	0.0	0.0	0.0	0.0	0.0	0.0	0.0	0.0	0.0	0.0	0.0	0.0	0.0	0.0	0.0	0.0	0.0	0.0	0.0	0.0	0.0	0.0	0.0	0.0	0.0	0.0	0.0	0.0	0.0	0.0	0.0	0.0	0.0	0.0	0.0	0.0	0.0	0.0	0.0	0.0	0.0	0.0	0.0	0.0	0.0	0.0	0.0	0.0	0.0	0.0	0.0	0.0	0.0
0.0	0.0	0.0	0.0	0.0	0.0	0.0	0.0	0.0	0.0	0.0	0.0	0.0	0.0	0.0	0.0	0.0	0.0	0.0	0.0	0.0	0.0	0.0	0.0	0.0	0.0	0.0	0.0	0.0	0.0	0.0	0.0	0.0	0.0	0.0	0.0	0.0	0.0	0.0	0.0	0.0	0.0	0.0	0.0	0.0	0.0	0.0	0.0	0.0	0.0	0.0	0.0	0.0	0.0	0.0	0.0	0.0	0.0	0.0	0.0	0.0	0.0	0.0	0.0	0.0	0.0	0.0	0.0	0.0	0.0	0.0	0.0	0.0	0.0	0.0	0.0	0.0	0.0	0.0	0.0	0.0	0.0	0.0	0.0	0.0	0.0	0.0	0.0	0.0	0.0	0.0	0.0	0.0	0.0	0.0	0.0	0.0	0.0	0.0	0.0	0.0	0.0	0.0	0.0	0.0	0.0	0.0	0.0	0.0	0.0	0.0	0.0	0.0	0.0	0.0	0.0	0.0	0.0	0.0	0.0	0.0	0.0	0.0	0.0	0.0	0.0	0.0	0.0	0.0	0.0	0.0	0.0	0.0	0.0	0.0	0.0	0.0	0.0	0.0	0.0	0.0	0.0	0.0	0.0	0.0	0.0	0.0	0.0	0.0	0.0	0.0	0.0	0.0	0.0	0.0	0.0	0.0	0.0	0.0	0.0	0.0	0.0	0.0	0.0	0.0	0.0	0.0	0.0	0.0	0.0	0.0	0.0	0.0	0.0	0.0	0.0	0.0	0.0	0.0	0.0	0.0	0.0	0.0	0.0	0.0	0.0	0.0	0.0	0.0	0.0	0.0	0.0	0.0	0.0	0.0	0.0	0.0	0.0	0.0	0.0	0.0	0.0	0.0	0.0	0.0	0.0	0.0	0.0	0.0	0.0	0.0	0.0	0.0	0.0	0.0	0.0	0.0	0.0	0.0	0.0	0.0	0.0	0.0	0.0	0.0	0.0	0.0	0.0	0.0	0.0	0.0	0.0	0.0	0.0	0.0	0.0	1.0	0.0	49.0	143.0	24.0	0.0	0.0	0.0	0.0	1.0	0.0	0.0	0.0	0.0	0.0	0.0	0.0	0.0	0.0	0.0	0.0	0.0	0.0	0.0	1.0	0.0	1.0	2.0	0.0	55.0	139.0	143.0	155.0	72.0	39.0	0.0	0.0	0.0	0.0	5.0	28.0	0.0	0.0	0.0	0.0	0.0	0.0	0.0	0.0	0.0	2.0	0.0	0.0	1.0	1.0	2.0	0.0	94.0	189.0	98.0	93.0	226.0	232.0	173.0	128.0	127.0	153.0	181.0	57.0	0.0	1.0	0.0	0.0	0.0	0.0	0.0	0.0	0.0	0.0	0.0	0.0	0.0	1.0	3.0	0.0	0.0	141.0	227.0	239.0	223.0	194.0	222.0	228.0	208.0	203.0	202.0	105.0	0.0	1.0	0.0	0.0	1.0	1.0	1.0	0.0	0.0	21.0	202.0	90.0	0.0	0.0	0.0	0.0	0.0	15.0	116.0	223.0	194.0	201.0	194.0	194.0	198.0	190.0	184.0	143.0	11.0	0.0	1.0	1.0	0.0	0.0	3.0	0.0	63.0	233.0	247.0	187.0	165.0	144.0	40.0	17.0	30.0	31.0	0.0	44.0	216.0	161.0	43.0	143.0	211.0	195.0	95.0	10.0	0.0	1.0	0.0	0.0	2.0	2.0	0.0	0.0	69.0	122.0	106.0	89.0	132.0	106.0	131.0	13.0	15.0	59.0	64.0	22.0	161.0	216.0	162.0	195.0	226.0	77.0	0.0	0.0	0.0	1.0	0.0	5.0	2.0	2.0	0.0	9.0	153.0	74.0	56.0	147.0	115.0	119.0	131.0	109.0	38.0	11.0	0.0	21.0	106.0	227.0	181.0	210.0	208.0	14.0	0.0	0.0	0.0	0.0	0.0	0.0	0.0	0.0	1.0	21.0	247.0	103.0	168.0	207.0	98.0	210.0	141.0	198.0	47.0	0.0	0.0	0.0	78.0	228.0	240.0	255.0	244.0	31.0	0.0	19.0	17.0	6.0	0.0	26.0	43.0	6.0	0.0	19.0	232.0	131.0	151.0	252.0	162.0	102.0	138.0	164.0	28.0	49.0	147.0	153.0	161.0	174.0	103.0	92.0	84.0	23.0	27.0	28.0	11.0	160.0	60.0	55.0	178.0	165.0	134.0	98.0	65.0	47.0	26.0	21.0	24.0	21.0	32.0	56.0	124.0	207.0	199.0	76.0	82.0	155.0	176.0	134.0	114.0	69.0	35.0	38.0	135.0	190.0	40.0	0.0	14.0	89.0	105.0	149.0	172.0	193.0	202.0	205.0	210.0	212.0	219.0	216.0	208.0	178.0	159.0	103.0	127.0	164.0	198.0	203.0	212.0	219.0	223.0	226.0	215.0	149.0	1.0	0.0	0.0	0.0	0.0	0.0	0.0	7.0	19.0	39.0	42.0	49.0	56.0	48.0	24.0	0.0	0.0	0.0	0.0	0.0	9.0	14.0	35.0	40.0	39.0	30.0	6.0	0.0	0.0	0.0	0.0	0.0	0.0	0.0	0.0	0.0	0.0	0.0	0.0	0.0	0.0	0.0	0.0	0.0	0.0	0.0	0.0	0.0	0.0	0.0	0.0	0.0	0.0	0.0	0.0	0.0	0.0	0.0	0.0	0.0	0.0	0.0	0.0	0.0	0.0	0.0	0.0	0.0	0.0	0.0	0.0	0.0	0.0	0.0	0.0	0.0	0.0	0.0	0.0	0.0	0.0	0.0	0.0	0.0	0.0	0.0	0.0	0.0	0.0	0.0	0.0	0.0	0.0	0.0	0.0	0.0	0.0	0.0	0.0	0.0	0.0	0.0	0.0	0.0	0.0	0.0	0.0	0.0	0.0	0.0	0.0	0.0	0.0	0.0	0.0	0.0	0.0	0.0	0.0	0.0	0.0	0.0	0.0	0.0	0.0	0.0	0.0	0.0	0.0	0.0	0.0	0.0	0.0	0.0	0.0	0.0	0.0	0.0	0.0	0.0	0.0	0.0	0.0	0.0	0.0	0.0	0.0	0.0	0.0	0.0	0.0	0.0	0.0	0.0	0.0	0.0	0.0	0.0	0.0	0.0	0.0	0.0	0.0	0.0	0.0	0.0	0.0	0.0	0.0	0.0	0.0	0.0	0.0	0.0	0.0	0.0	0.0	0.0	0.0	0.0	0.0	0.0	0.0	0.0	0.0	0.0	0.0	0.0	0.0	0.0	0.0	0.0	0.0	0.0	0.0	0.0	0.0	0.0	0.0	0.0	0.0	0.0	0.0	0.0	0.0	0.0	0.0	0.0	0.0	0.0	0.0	0.0	0.0	0.0	0.0	0.0	0.0	0.0	0.0	0.0	0.0	0.0	0.0	0.0	0.0
0.0	0.0	0.0	0.0	0.0	0.0	0.0	0.0	0.0	0.0	0.0	0.0	0.0	0.0	0.0	0.0	0.0	0.0	0.0	0.0	0.0	0.0	0.0	0.0	0.0	0.0	0.0	0.0	0.0	0.0	0.0	0.0	0.0	0.0	0.0	0.0	0.0	0.0	0.0	0.0	0.0	0.0	0.0	0.0	0.0	0.0	0.0	0.0	0.0	0.0	0.0	0.0	0.0	0.0	0.0	0.0	0.0	0.0	0.0	0.0	0.0	0.0	0.0	0.0	0.0	0.0	0.0	0.0	0.0	0.0	0.0	0.0	0.0	0.0	0.0	0.0	0.0	0.0	0.0	0.0	0.0	0.0	0.0	0.0	0.0	0.0	0.0	0.0	0.0	0.0	0.0	0.0	0.0	0.0	0.0	0.0	0.0	0.0	0.0	0.0	0.0	0.0	0.0	0.0	0.0	0.0	0.0	0.0	0.0	0.0	0.0	0.0	0.0	0.0	0.0	0.0	0.0	0.0	0.0	0.0	0.0	0.0	0.0	2.0	0.0	0.0	180.0	183.0	70.0	39.0	0.0	0.0	0.0	0.0	72.0	93.0	121.0	22.0	0.0	2.0	0.0	0.0	0.0	0.0	0.0	0.0	0.0	0.0	0.0	0.0	0.0	3.0	0.0	0.0	197.0	230.0	230.0	255.0	247.0	237.0	217.0	223.0	237.0	238.0	249.0	53.0	0.0	5.0	0.0	0.0	0.0	0.0	0.0	0.0	0.0	0.0	0.0	0.0	0.0	4.0	0.0	0.0	197.0	211.0	218.0	218.0	227.0	234.0	234.0	230.0	221.0	216.0	224.0	11.0	0.0	2.0	0.0	0.0	0.0	0.0	0.0	0.0	0.0	0.0	0.0	1.0	0.0	5.0	0.0	5.0	214.0	214.0	221.0	220.0	221.0	216.0	221.0	225.0	223.0	222.0	227.0	18.0	0.0	3.0	0.0	0.0	0.0	0.0	0.0	0.0	0.0	0.0	0.0	2.0	0.0	4.0	0.0	38.0	223.0	218.0	227.0	217.0	225.0	222.0	223.0	227.0	221.0	220.0	229.0	26.0	0.0	2.0	0.0	0.0	0.0	0.0	0.0	0.0	0.0	0.0	0.0	0.0	0.0	2.0	0.0	96.0	225.0	218.0	223.0	220.0	224.0	222.0	224.0	225.0	220.0	219.0	235.0	103.0	0.0	0.0	0.0	0.0	0.0	0.0	0.0	0.0	0.0	0.0	0.0	0.0	0.0	0.0	0.0	164.0	226.0	221.0	222.0	220.0	224.0	222.0	224.0	225.0	224.0	218.0	234.0	202.0	0.0	0.0	0.0	0.0	0.0	0.0	0.0	0.0	0.0	0.0	0.0	0.0	2.0	0.0	0.0	242.0	219.0	225.0	220.0	216.0	224.0	223.0	224.0	226.0	221.0	220.0	215.0	229.0	21.0	0.0	0.0	0.0	0.0	0.0	0.0	0.0	0.0	0.0	1.0	1.0	0.0	0.0	122.0	227.0	214.0	225.0	219.0	222.0	221.0	221.0	224.0	226.0	217.0	218.0	209.0	235.0	145.0	0.0	0.0	0.0	0.0	0.0	0.0	0.0	0.0	0.0	0.0	2.0	0.0	17.0	250.0	210.0	216.0	223.0	218.0	222.0	222.0	223.0	222.0	221.0	212.0	201.0	200.0	217.0	232.0	0.0	0.0	0.0	0.0	0.0	0.0	0.0	0.0	0.0	1.0	0.0	0.0	202.0	218.0	206.0	220.0	227.0	224.0	223.0	225.0	227.0	218.0	207.0	204.0	196.0	203.0	213.0	255.0	17.0	0.0	0.0	0.0	0.0	0.0	0.0	0.0	0.0	0.0	0.0	154.0	216.0	199.0	215.0	211.0	224.0	221.0	215.0	213.0	211.0	213.0	215.0	212.0	216.0	214.0	216.0	220.0	35.0	0.0	0.0	7.0	6.0	0.0	0.0	0.0	0.0	0.0	138.0	222.0	196.0	209.0	200.0	211.0	206.0	204.0	206.0	213.0	215.0	215.0	221.0	229.0	234.0	233.0	223.0	248.0	27.0	0.0	0.0	0.0	0.0	0.0	0.0	0.0	0.0	156.0	217.0	200.0	205.0	202.0	203.0	212.0	214.0	223.0	223.0	228.0	233.0	234.0	233.0	225.0	213.0	208.0	203.0	236.0	69.0	0.0	0.0	60.0	149.0	159.0	146.0	149.0	210.0	213.0	197.0	202.0	192.0	205.0	212.0	217.0	227.0	231.0	227.0	224.0	211.0	201.0	199.0	205.0	209.0	213.0	201.0	229.0	47.0	0.0	132.0	224.0	213.0	212.0	212.0	216.0	204.0	198.0	203.0	198.0	206.0	212.0	219.0	230.0	231.0	214.0	212.0	247.0	232.0	224.0	215.0	207.0	196.0	193.0	185.0	219.0	29.0	0.0	210.0	212.0	192.0	191.0	193.0	180.0	194.0	194.0	191.0	200.0	207.0	226.0	238.0	219.0	208.0	222.0	234.0	136.0	0.0	165.0	215.0	185.0	192.0	195.0	185.0	216.0	29.0	67.0	202.0	210.0	220.0	217.0	225.0	215.0	212.0	211.0	215.0	226.0	234.0	227.0	206.0	203.0	243.0	116.0	0.0	0.0	0.0	166.0	207.0	190.0	195.0	193.0	183.0	208.0	31.0	87.0	202.0	197.0	195.0	201.0	199.0	207.0	216.0	215.0	219.0	211.0	206.0	191.0	220.0	237.0	1.0	0.0	0.0	5.0	0.0	146.0	199.0	183.0	187.0	187.0	180.0	188.0	40.0	0.0	67.0	182.0	220.0	241.0	237.0	228.0	222.0	214.0	220.0	217.0	242.0	255.0	214.0	37.0	0.0	6.0	3.0	2.0	0.0	165.0	239.0	218.0	220.0	220.0	213.0	255.0	51.0	0.0	0.0	0.0	0.0	24.0	78.0	115.0	150.0	166.0	155.0	155.0	97.0	52.0	0.0	0.0	0.0	3.0	2.0	0.0	0.0	72.0	106.0	57.0	58.0	46.0	38.0	31.0	0.0	0.0	0.0	0.0	0.0	0.0	0.0	0.0	0.0	0.0	0.0	0.0	0.0	0.0	0.0	0.0	0.0	0.0	0.0	0.0	0.0	0.0	0.0	0.0	0.0	0.0	0.0	0.0	0.0	0.0	0.0	0.0	0.0	0.0	0.0	0.0	0.0	0.0	0.0	0.0	0.0	0.0	0.0	0.0	0.0	0.0	0.0	0.0	0.0	0.0	0.0	0.0	0.0	0.0	0.0	0.0	0.0	0.0	0.0	0.0	0.0	0.0	0.0	0.0	0.0	0.0	0.0	0.0	0.0	0.0	0.0	0.0	0.0	0.0	0.0	0.0	0.0	0.0	0.0	0.0	0.0	0.0	0.0	0.0	0.0
0.0	0.0	0.0	0.0	0.0	0.0	0.0	0.0	0.0	17.0	39.0	135.0	110.0	66.0	66.0	92.0	159.0	92.0	1.0	0.0	0.0	0.0	0.0	0.0	0.0	0.0	0.0	0.0	0.0	0.0	0.0	0.0	0.0	0.0	17.0	67.0	92.0	93.0	76.0	88.0	170.0	192.0	180.0	194.0	143.0	65.0	83.0	91.0	60.0	11.0	0.0	0.0	0.0	0.0	0.0	0.0	0.0	0.0	0.0	0.0	0.0	20.0	101.0	83.0	69.0	58.0	65.0	50.0	28.0	33.0	38.0	24.0	22.0	46.0	52.0	58.0	78.0	93.0	12.0	0.0	0.0	0.0	0.0	0.0	0.0	0.0	0.0	0.0	0.0	82.0	81.0	55.0	66.0	64.0	62.0	66.0	64.0	57.0	53.0	55.0	61.0	55.0	55.0	54.0	49.0	60.0	60.0	0.0	0.0	0.0	0.0	0.0	0.0	0.0	0.0	0.0	10.0	101.0	75.0	67.0	61.0	63.0	67.0	64.0	63.0	55.0	49.0	36.0	40.0	52.0	54.0	53.0	53.0	55.0	77.0	6.0	0.0	0.0	0.0	0.0	0.0	0.0	0.0	0.0	32.0	118.0	90.0	64.0	65.0	65.0	64.0	60.0	50.0	27.0	56.0	101.0	31.0	36.0	49.0	54.0	48.0	68.0	83.0	23.0	0.0	0.0	0.0	0.0	0.0	0.0	0.0	0.0	52.0	88.0	118.0	66.0	72.0	65.0	54.0	37.0	46.0	36.0	136.0	254.0	196.0	53.0	36.0	52.0	53.0	110.0	64.0	44.0	0.0	0.0	0.0	0.0	0.0	0.0	0.0	0.0	72.0	73.0	110.0	83.0	72.0	66.0	45.0	116.0	243.0	213.0	225.0	124.0	202.0	180.0	31.0	43.0	73.0	98.0	56.0	54.0	0.0	0.0	0.0	0.0	0.0	0.0	0.0	0.0	85.0	78.0	97.0	68.0	70.0	59.0	120.0	253.0	179.0	255.0	78.0	155.0	48.0	250.0	61.0	38.0	60.0	61.0	68.0	56.0	0.0	0.0	0.0	0.0	0.0	0.0	0.0	0.0	85.0	67.0	137.0	91.0	57.0	59.0	217.0	166.0	130.0	116.0	21.0	77.0	153.0	225.0	67.0	38.0	59.0	76.0	61.0	63.0	0.0	0.0	0.0	0.0	0.0	0.0	0.0	0.0	82.0	56.0	123.0	115.0	47.0	73.0	255.0	88.0	117.0	69.0	149.0	78.0	181.0	227.0	51.0	39.0	59.0	83.0	63.0	68.0	0.0	0.0	0.0	0.0	0.0	0.0	0.0	0.0	83.0	63.0	106.0	102.0	49.0	68.0	255.0	224.0	0.0	212.0	223.0	146.0	175.0	198.0	34.0	37.0	67.0	86.0	59.0	80.0	0.0	0.0	0.0	0.0	0.0	0.0	0.0	0.0	86.0	71.0	93.0	98.0	57.0	48.0	245.0	179.0	153.0	240.0	195.0	237.0	222.0	73.0	43.0	41.0	83.0	98.0	79.0	80.0	0.0	0.0	0.0	0.0	0.0	0.0	0.0	0.0	79.0	85.0	92.0	88.0	66.0	48.0	126.0	214.0	242.0	235.0	121.0	150.0	62.0	39.0	60.0	37.0	104.0	113.0	103.0	63.0	10.0	0.0	0.0	0.0	0.0	0.0	0.0	4.0	77.0	89.0	107.0	81.0	66.0	66.0	48.0	122.0	200.0	255.0	67.0	27.0	48.0	58.0	62.0	43.0	70.0	112.0	105.0	56.0	17.0	0.0	0.0	0.0	0.0	0.0	0.0	21.0	77.0	72.0	127.0	86.0	65.0	72.0	57.0	40.0	65.0	100.0	67.0	52.0	68.0	63.0	66.0	40.0	89.0	125.0	86.0	57.0	22.0	0.0	0.0	0.0	0.0	0.0	0.0	28.0	77.0	62.0	123.0	112.0	57.0	68.0	70.0	61.0	48.0	49.0	61.0	61.0	68.0	68.0	64.0	34.0	119.0	138.0	66.0	62.0	24.0	0.0	0.0	0.0	0.0	0.0	0.0	27.0	76.0	56.0	119.0	119.0	52.0	66.0	67.0	66.0	68.0	68.0	66.0	64.0	69.0	67.0	66.0	34.0	120.0	130.0	56.0	68.0	24.0	0.0	0.0	0.0	0.0	0.0	0.0	30.0	71.0	55.0	119.0	105.0	49.0	69.0	66.0	65.0	64.0	65.0	68.0	63.0	64.0	67.0	65.0	39.0	101.0	120.0	53.0	69.0	27.0	0.0	0.0	0.0	0.0	0.0	0.0	34.0	68.0	53.0	121.0	89.0	51.0	67.0	66.0	65.0	64.0	68.0	68.0	63.0	63.0	68.0	64.0	47.0	89.0	117.0	53.0	67.0	32.0	0.0	0.0	0.0	0.0	0.0	0.0	32.0	66.0	56.0	111.0	62.0	56.0	65.0	64.0	65.0	64.0	70.0	68.0	64.0	65.0	65.0	65.0	57.0	63.0	109.0	58.0	66.0	35.0	0.0	0.0	0.0	0.0	0.0	0.0	33.0	64.0	65.0	94.0	38.0	67.0	66.0	64.0	65.0	63.0	69.0	68.0	64.0	64.0	64.0	66.0	66.0	38.0	92.0	63.0	63.0	37.0	0.0	0.0	0.0	0.0	0.0	0.0	40.0	62.0	68.0	78.0	32.0	72.0	64.0	64.0	65.0	64.0	69.0	68.0	63.0	66.0	65.0	65.0	73.0	33.0	80.0	65.0	60.0	38.0	0.0	0.0	0.0	0.0	0.0	0.0	47.0	58.0	71.0	66.0	24.0	71.0	61.0	63.0	62.0	61.0	69.0	70.0	62.0	63.0	67.0	61.0	69.0	22.0	72.0	66.0	60.0	43.0	0.0	0.0	0.0	0.0	0.0	0.0	45.0	55.0	80.0	44.0	35.0	87.0	63.0	69.0	66.0	62.0	64.0	69.0	65.0	61.0	69.0	65.0	77.0	21.0	67.0	70.0	59.0	45.0	0.0	0.0	0.0	0.0	0.0	0.0	44.0	56.0	87.0	49.0	15.0	101.0	85.0	90.0	90.0	90.0	90.0	92.0	88.0	86.0	88.0	83.0	101.0	25.0	71.0	80.0	56.0	41.0	0.0	0.0	0.0	0.0	0.0	0.0	40.0	58.0	87.0	68.0	0.0	18.0	14.0	18.0	19.0	21.0	21.0	20.0	16.0	19.0	19.0	16.0	19.0	0.0	69.0	81.0	63.0	39.0	0.0	0.0	0.0	0.0	0.0	0.0	22.0	50.0	60.0	49.0	0.0	0.0	0.0	0.0	0.0	0.0	0.0	0.0	0.0	0.0	0.0	0.0	0.0	0.0	49.0	69.0	47.0	24.0	0.0	0.0	0.0
0.0	0.0	1.0	1.0	0.0	4.0	0.0	0.0	0.0	0.0	222.0	151.0	70.0	44.0	49.0	79.0	141.0	245.0	0.0	0.0	0.0	0.0	0.0	1.0	0.0	0.0	0.0	0.0	0.0	0.0	0.0	0.0	1.0	0.0	0.0	18.0	111.0	196.0	215.0	228.0	255.0	255.0	255.0	255.0	232.0	229.0	149.0	71.0	0.0	0.0	0.0	1.0	0.0	0.0	0.0	0.0	0.0	0.0	0.0	3.0	0.0	39.0	187.0	215.0	226.0	221.0	215.0	212.0	206.0	209.0	204.0	201.0	211.0	218.0	229.0	229.0	213.0	162.0	0.0	0.0	2.0	0.0	0.0	0.0	0.0	0.0	2.0	0.0	0.0	194.0	224.0	208.0	210.0	216.0	219.0	219.0	214.0	211.0	217.0	217.0	219.0	221.0	217.0	215.0	213.0	239.0	168.0	0.0	0.0	0.0	0.0	0.0	0.0	0.0	4.0	0.0	93.0	222.0	205.0	214.0	215.0	216.0	226.0	235.0	247.0	254.0	251.0	254.0	241.0	223.0	219.0	218.0	217.0	220.0	194.0	0.0	0.0	1.0	0.0	0.0	0.0	0.0	0.0	0.0	139.0	227.0	210.0	213.0	230.0	248.0	242.0	197.0	180.0	96.0	157.0	125.0	192.0	247.0	252.0	245.0	215.0	223.0	211.0	12.0	0.0	2.0	0.0	0.0	0.0	0.0	0.0	0.0	171.0	226.0	216.0	249.0	230.0	129.0	121.0	93.0	24.0	111.0	105.0	84.0	139.0	75.0	138.0	186.0	255.0	223.0	222.0	30.0	0.0	0.0	0.0	0.0	0.0	0.0	0.0	0.0	181.0	226.0	215.0	153.0	39.0	72.0	7.0	74.0	47.0	148.0	130.0	123.0	131.0	40.0	72.0	117.0	143.0	232.0	224.0	35.0	0.0	0.0	0.0	0.0	0.0	0.0	0.0	0.0	198.0	231.0	222.0	0.0	0.0	157.0	181.0	218.0	228.0	223.0	226.0	212.0	223.0	199.0	83.0	77.0	10.0	224.0	231.0	52.0	0.0	0.0	0.0	0.0	0.0	0.0	0.0	0.0	215.0	225.0	230.0	207.0	92.0	255.0	255.0	228.0	218.0	225.0	210.0	232.0	231.0	255.0	255.0	77.0	149.0	238.0	231.0	73.0	0.0	0.0	0.0	0.0	0.0	0.0	0.0	0.0	199.0	227.0	220.0	236.0	255.0	97.0	78.0	89.0	71.0	95.0	96.0	130.0	95.0	98.0	86.0	238.0	245.0	227.0	236.0	97.0	0.0	0.0	0.0	0.0	0.0	0.0	0.0	3.0	207.0	225.0	223.0	214.0	249.0	98.0	87.0	44.0	12.0	50.0	167.0	60.0	65.0	113.0	12.0	229.0	230.0	229.0	238.0	118.0	0.0	0.0	0.0	0.0	0.0	0.0	0.0	13.0	212.0	224.0	222.0	223.0	234.0	202.0	181.0	131.0	178.0	134.0	154.0	162.0	171.0	129.0	136.0	240.0	231.0	227.0	238.0	136.0	0.0	0.0	0.0	0.0	0.0	0.0	0.0	20.0	216.0	223.0	224.0	224.0	228.0	237.0	249.0	255.0	255.0	255.0	252.0	255.0	254.0	255.0	255.0	234.0	229.0	229.0	237.0	155.0	0.0	0.0	0.0	0.0	0.0	0.0	0.0	27.0	221.0	222.0	224.0	224.0	228.0	221.0	220.0	225.0	223.0	221.0	226.0	222.0	225.0	222.0	223.0	230.0	232.0	227.0	237.0	174.0	0.0	0.0	0.0	0.0	0.0	0.0	0.0	39.0	223.0	222.0	227.0	226.0	227.0	226.0	228.0	228.0	231.0	231.0	227.0	232.0	233.0	231.0	227.0	229.0	230.0	228.0	234.0	191.0	0.0	0.0	0.0	0.0	0.0	0.0	0.0	49.0	224.0	222.0	228.0	227.0	227.0	227.0	229.0	229.0	230.0	229.0	230.0	230.0	231.0	230.0	230.0	228.0	231.0	230.0	233.0	211.0	0.0	0.0	0.0	0.0	0.0	0.0	0.0	52.0	227.0	223.0	228.0	227.0	227.0	227.0	228.0	229.0	230.0	229.0	229.0	230.0	231.0	230.0	229.0	229.0	230.0	233.0	233.0	211.0	0.0	0.0	0.0	0.0	0.0	0.0	0.0	55.0	228.0	223.0	228.0	227.0	227.0	227.0	228.0	228.0	230.0	229.0	229.0	230.0	231.0	230.0	229.0	230.0	231.0	233.0	235.0	215.0	0.0	2.0	0.0	0.0	0.0	0.0	0.0	55.0	228.0	223.0	226.0	227.0	225.0	227.0	228.0	229.0	230.0	229.0	229.0	229.0	229.0	230.0	229.0	229.0	228.0	185.0	240.0	225.0	0.0	2.0	0.0	0.0	0.0	0.0	0.0	54.0	229.0	222.0	237.0	231.0	223.0	229.0	228.0	229.0	230.0	229.0	229.0	229.0	228.0	229.0	230.0	232.0	233.0	143.0	241.0	202.0	0.0	1.0	0.0	0.0	0.0	0.0	0.0	61.0	230.0	222.0	201.0	230.0	221.0	228.0	228.0	229.0	230.0	229.0	229.0	229.0	229.0	229.0	229.0	233.0	239.0	79.0	237.0	210.0	0.0	0.0	0.0	0.0	0.0	0.0	0.0	68.0	234.0	218.0	120.0	243.0	221.0	230.0	228.0	229.0	230.0	229.0	229.0	229.0	229.0	231.0	229.0	230.0	238.0	35.0	233.0	216.0	0.0	0.0	0.0	0.0	0.0	0.0	0.0	102.0	237.0	214.0	8.0	255.0	223.0	229.0	228.0	230.0	232.0	230.0	229.0	229.0	229.0	230.0	228.0	222.0	255.0	6.0	245.0	222.0	4.0	0.0	0.0	0.0	0.0	0.0	0.0	118.0	243.0	177.0	0.0	255.0	226.0	223.0	224.0	225.0	227.0	226.0	225.0	226.0	225.0	226.0	225.0	224.0	245.0	0.0	233.0	227.0	0.0	0.0	0.0	0.0	0.0	0.0	44.0	194.0	227.0	132.0	0.0	249.0	242.0	236.0	239.0	240.0	242.0	242.0	241.0	241.0	241.0	241.0	237.0	241.0	255.0	0.0	164.0	232.0	173.0	39.0	0.0	0.0	0.0	0.0	83.0	234.0	241.0	110.0	0.0	10.0	50.0	48.0	49.0	50.0	51.0	51.0	51.0	51.0	51.0	50.0	48.0	49.0	45.0	0.0	156.0	243.0	245.0	66.0	0.0	0.0	0.0	0.0	8.0	103.0	119.0	27.0	0.0	0.0	0.0	0.0	0.0	0.0	0.0	0.0	0.0	0.0	0.0	0.0	0.0	0.0	0.0	0.0	45.0	113.0	105.0	23.0	0.0	0.0
0.0	0.0	0.0	0.0	0.0	0.0	0.0	0.0	13.0	45.0	48.0	14.0	0.0	0.0	0.0	0.0	0.0	47.0	52.0	33.0	1.0	0.0	0.0	1.0	0.0	0.0	0.0	0.0	0.0	0.0	0.0	0.0	1.0	0.0	13.0	75.0	84.0	67.0	55.0	55.0	39.0	64.0	230.0	83.0	79.0	66.0	51.0	74.0	80.0	49.0	0.0	0.0	0.0	0.0	0.0	0.0	0.0	0.0	0.0	0.0	0.0	1.0	74.0	46.0	34.0	23.0	20.0	17.0	11.0	10.0	24.0	4.0	2.0	9.0	29.0	35.0	37.0	60.0	51.0	0.0	1.0	0.0	0.0	0.0	0.0	0.0	0.0	0.0	0.0	34.0	65.0	0.0	0.0	0.0	0.0	13.0	14.0	0.0	0.0	0.0	0.0	0.0	0.0	0.0	0.0	10.0	55.0	11.0	0.0	0.0	0.0	0.0	0.0	0.0	0.0	0.0	0.0	58.0	16.0	30.0	202.0	239.0	255.0	255.0	255.0	255.0	255.0	255.0	254.0	234.0	216.0	184.0	97.0	0.0	31.0	33.0	0.0	0.0	0.0	0.0	0.0	0.0	0.0	0.0	0.0	64.0	0.0	225.0	251.0	233.0	234.0	233.0	232.0	233.0	235.0	234.0	236.0	238.0	238.0	239.0	254.0	135.0	0.0	52.0	0.0	0.0	0.0	0.0	0.0	0.0	0.0	0.0	0.0	3.0	13.0	255.0	221.0	226.0	229.0	230.0	229.0	229.0	230.0	229.0	227.0	226.0	223.0	220.0	229.0	244.0	0.0	10.0	0.0	0.0	0.0	0.0	0.0	0.0	0.0	0.0	14.0	184.0	128.0	255.0	224.0	225.0	230.0	232.0	231.0	231.0	232.0	230.0	231.0	230.0	229.0	222.0	234.0	255.0	0.0	78.0	0.0	0.0	0.0	0.0	0.0	0.0	0.0	0.0	0.0	255.0	234.0	234.0	222.0	219.0	221.0	218.0	220.0	223.0	223.0	222.0	220.0	219.0	220.0	218.0	233.0	229.0	235.0	255.0	0.0	0.0	0.0	0.0	0.0	0.0	0.0	0.0	34.0	225.0	221.0	235.0	238.0	255.0	255.0	255.0	255.0	255.0	255.0	255.0	255.0	255.0	255.0	239.0	230.0	239.0	237.0	249.0	0.0	0.0	0.0	0.0	0.0	0.0	0.0	0.0	85.0	236.0	225.0	209.0	197.0	178.0	123.0	99.0	72.0	52.0	42.0	60.0	85.0	123.0	164.0	241.0	238.0	228.0	225.0	224.0	7.0	0.0	0.0	0.0	0.0	0.0	0.0	0.0	98.0	222.0	245.0	213.0	0.0	0.0	0.0	0.0	0.0	0.0	0.0	0.0	0.0	0.0	0.0	0.0	35.0	222.0	245.0	250.0	65.0	0.0	0.0	0.0	0.0	0.0	0.0	0.0	0.0	3.0	42.0	49.0	12.0	36.0	35.0	30.0	26.0	22.0	21.0	22.0	22.0	19.0	18.0	16.0	0.0	165.0	203.0	188.0	46.0	0.0	0.0	0.0	0.0	0.0	0.0	0.0	33.0	12.0	0.0	0.0	23.0	40.0	29.0	23.0	19.0	17.0	17.0	17.0	15.0	16.0	13.0	27.0	9.0	0.0	0.0	0.0	0.0	0.0	0.0	0.0	0.0	0.0	0.0	0.0	43.0	25.0	23.0	14.0	35.0	39.0	30.0	21.0	20.0	18.0	16.0	16.0	15.0	15.0	17.0	25.0	10.0	26.0	44.0	32.0	18.0	0.0	0.0	0.0	0.0	0.0	0.0	0.0	40.0	24.0	19.0	3.0	38.0	39.0	36.0	23.0	25.0	22.0	20.0	19.0	17.0	18.0	19.0	28.0	17.0	10.0	49.0	30.0	25.0	0.0	0.0	0.0	0.0	0.0	0.0	0.0	44.0	25.0	25.0	4.0	33.0	0.0	0.0	0.0	0.0	0.0	0.0	0.0	0.0	0.0	0.0	0.0	0.0	8.0	54.0	24.0	24.0	0.0	0.0	0.0	0.0	0.0	0.0	0.0	25.0	5.0	3.0	2.0	227.0	181.0	157.0	160.0	164.0	164.0	170.0	174.0	178.0	183.0	175.0	188.0	143.0	0.0	70.0	28.0	27.0	0.0	0.0	0.0	0.0	0.0	0.0	0.0	27.0	0.0	27.0	0.0	255.0	243.0	241.0	242.0	244.0	242.0	242.0	241.0	239.0	240.0	241.0	247.0	239.0	0.0	36.0	0.0	0.0	0.0	0.0	0.0	0.0	0.0	0.0	0.0	192.0	255.0	255.0	0.0	243.0	227.0	223.0	220.0	219.0	219.0	223.0	219.0	216.0	220.0	225.0	228.0	231.0	0.0	220.0	155.0	72.0	0.0	0.0	0.0	0.0	0.0	0.0	0.0	179.0	236.0	238.0	0.0	238.0	237.0	227.0	230.0	229.0	229.0	231.0	228.0	227.0	232.0	232.0	239.0	250.0	0.0	255.0	255.0	156.0	0.0	0.0	0.0	0.0	0.0	0.0	0.0	167.0	234.0	222.0	0.0	233.0	240.0	229.0	230.0	230.0	230.0	230.0	228.0	229.0	232.0	232.0	236.0	255.0	0.0	204.0	248.0	118.0	0.0	0.0	0.0	0.0	0.0	0.0	0.0	160.0	255.0	212.0	0.0	231.0	231.0	227.0	227.0	221.0	221.0	222.0	221.0	221.0	224.0	228.0	228.0	255.0	0.0	186.0	251.0	140.0	0.0	0.0	0.0	0.0	0.0	0.0	0.0	138.0	243.0	211.0	0.0	233.0	255.0	241.0	245.0	245.0	245.0	244.0	244.0	244.0	247.0	248.0	253.0	255.0	0.0	170.0	254.0	145.0	0.0	0.0	0.0	0.0	0.0	0.0	0.0	138.0	245.0	206.0	0.0	41.0	163.0	168.0	169.0	159.0	155.0	165.0	163.0	166.0	151.0	142.0	150.0	145.0	0.0	166.0	254.0	151.0	0.0	0.0	0.0	0.0	0.0	0.0	0.0	168.0	246.0	187.0	0.0	0.0	0.0	0.0	0.0	0.0	0.0	0.0	0.0	0.0	0.0	0.0	0.0	0.0	0.0	153.0	253.0	149.0	0.0	0.0	0.0	0.0	0.0	0.0	0.0	180.0	251.0	192.0	0.0	1.0	3.0	0.0	0.0	0.0	1.0	0.0	0.0	0.0	1.0	2.0	3.0	7.0	0.0	163.0	255.0	191.0	0.0	0.0	0.0	0.0	0.0	0.0	0.0	4.0	58.0	20.0	0.0	0.0	0.0	0.0	0.0	0.0	0.0	0.0	0.0	0.0	0.0	0.0	0.0	1.0	0.0	76.0	181.0	92.0	0.0	0.0	0.0
0.0	0.0	0.0	0.0	0.0	0.0	0.0	0.0	0.0	0.0	0.0	0.0	0.0	0.0	0.0	0.0	0.0	0.0	0.0	0.0	0.0	0.0	0.0	0.0	0.0	0.0	0.0	0.0	0.0	0.0	0.0	0.0	0.0	0.0	0.0	0.0	0.0	0.0	0.0	0.0	0.0	0.0	0.0	0.0	0.0	0.0	0.0	0.0	0.0	0.0	0.0	0.0	0.0	0.0	0.0	0.0	0.0	0.0	0.0	0.0	0.0	0.0	0.0	0.0	0.0	0.0	0.0	0.0	0.0	0.0	0.0	0.0	0.0	0.0	0.0	0.0	0.0	0.0	0.0	0.0	0.0	0.0	0.0	0.0	0.0	0.0	0.0	0.0	0.0	0.0	0.0	0.0	0.0	0.0	0.0	0.0	0.0	0.0	0.0	0.0	0.0	0.0	0.0	0.0	0.0	0.0	0.0	0.0	0.0	0.0	0.0	0.0	0.0	0.0	0.0	0.0	0.0	0.0	0.0	0.0	0.0	0.0	0.0	0.0	0.0	0.0	0.0	0.0	0.0	0.0	0.0	0.0	0.0	0.0	0.0	0.0	0.0	0.0	0.0	0.0	0.0	0.0	0.0	0.0	0.0	0.0	0.0	0.0	0.0	0.0	0.0	0.0	0.0	0.0	0.0	0.0	0.0	0.0	0.0	0.0	0.0	0.0	0.0	0.0	0.0	0.0	0.0	0.0	0.0	0.0	0.0	0.0	0.0	0.0	0.0	0.0	0.0	0.0	0.0	0.0	0.0	0.0	0.0	0.0	0.0	0.0	0.0	0.0	0.0	0.0	0.0	0.0	0.0	0.0	0.0	0.0	0.0	0.0	0.0	0.0	0.0	0.0	0.0	0.0	0.0	0.0	0.0	0.0	0.0	0.0	0.0	0.0	0.0	0.0	0.0	0.0	0.0	0.0	0.0	0.0	0.0	0.0	0.0	0.0	0.0	0.0	0.0	0.0	0.0	0.0	0.0	0.0	0.0	1.0	0.0	1.0	0.0	0.0	75.0	0.0	0.0	1.0	0.0	0.0	0.0	1.0	0.0	0.0	0.0	0.0	0.0	0.0	0.0	0.0	0.0	0.0	0.0	0.0	0.0	0.0	0.0	0.0	0.0	0.0	6.0	146.0	220.0	126.0	0.0	0.0	0.0	0.0	1.0	1.0	0.0	0.0	51.0	45.0	0.0	0.0	0.0	0.0	0.0	0.0	0.0	0.0	0.0	0.0	1.0	0.0	0.0	45.0	237.0	218.0	177.0	180.0	171.0	0.0	0.0	0.0	0.0	0.0	0.0	132.0	225.0	221.0	44.0	0.0	0.0	0.0	0.0	0.0	0.0	1.0	1.0	0.0	0.0	0.0	93.0	255.0	211.0	184.0	157.0	189.0	228.0	230.0	97.0	0.0	0.0	12.0	156.0	203.0	195.0	211.0	78.0	0.0	0.0	2.0	1.0	1.0	0.0	0.0	0.0	0.0	50.0	171.0	255.0	192.0	139.0	183.0	178.0	204.0	202.0	215.0	255.0	246.0	233.0	254.0	247.0	194.0	190.0	209.0	144.0	0.0	0.0	0.0	0.0	0.0	0.0	0.0	33.0	179.0	255.0	222.0	148.0	156.0	200.0	92.0	162.0	206.0	193.0	202.0	196.0	218.0	218.0	190.0	185.0	191.0	191.0	208.0	173.0	0.0	0.0	0.0	9.0	44.0	96.0	176.0	254.0	205.0	124.0	148.0	199.0	204.0	202.0	111.0	202.0	209.0	199.0	206.0	203.0	203.0	181.0	175.0	183.0	182.0	193.0	212.0	218.0	0.0	6.0	177.0	151.0	156.0	174.0	180.0	152.0	188.0	188.0	111.0	170.0	207.0	184.0	214.0	202.0	195.0	203.0	207.0	205.0	200.0	198.0	225.0	239.0	234.0	216.0	190.0	137.0	0.0	76.0	199.0	183.0	183.0	162.0	127.0	135.0	156.0	171.0	148.0	129.0	190.0	209.0	195.0	195.0	204.0	204.0	196.0	209.0	192.0	229.0	121.0	42.0	46.0	12.0	42.0	74.0	0.0	62.0	187.0	185.0	195.0	202.0	201.0	190.0	158.0	148.0	182.0	190.0	194.0	213.0	221.0	228.0	238.0	243.0	249.0	238.0	221.0	197.0	26.0	25.0	37.0	46.0	68.0	96.0	6.0	0.0	57.0	144.0	161.0	174.0	169.0	179.0	198.0	215.0	221.0	214.0	197.0	192.0	185.0	156.0	134.0	107.0	96.0	75.0	68.0	67.0	80.0	91.0	85.0	95.0	91.0	130.0	60.0	0.0	0.0	0.0	8.0	76.0	92.0	130.0	102.0	122.0	103.0	105.0	94.0	102.0	97.0	108.0	105.0	118.0	113.0	128.0	131.0	127.0	141.0	132.0	156.0	126.0	152.0	136.0	29.0	0.0	0.0	0.0	0.0	0.0	0.0	0.0	14.0	54.0	44.0	78.0	61.0	67.0	56.0	59.0	49.0	55.0	39.0	41.0	56.0	41.0	48.0	14.0	31.0	0.0	0.0	0.0	0.0	0.0	0.0	0.0	0.0	0.0	0.0	0.0	0.0	0.0	0.0	0.0	0.0	0.0	0.0	0.0	0.0	0.0	0.0	0.0	0.0	0.0	0.0	0.0	0.0	0.0	0.0	0.0	0.0	0.0	0.0	0.0	0.0	0.0	0.0	0.0	0.0	0.0	0.0	0.0	0.0	0.0	0.0	0.0	0.0	0.0	0.0	0.0	0.0	0.0	0.0	0.0	0.0	0.0	0.0	0.0	0.0	0.0	0.0	0.0	0.0	0.0	0.0	0.0	0.0	0.0	0.0	0.0	0.0	0.0	0.0	0.0	0.0	0.0	0.0	0.0	0.0	0.0	0.0	0.0	0.0	0.0	0.0	0.0	0.0	0.0	0.0	0.0	0.0	0.0	0.0	0.0	0.0	0.0	0.0	0.0	0.0	0.0	0.0	0.0	0.0	0.0	0.0	0.0	0.0	0.0	0.0	0.0	0.0	0.0	0.0	0.0	0.0	0.0	0.0	0.0	0.0	0.0	0.0	0.0	0.0	0.0	0.0	0.0	0.0	0.0	0.0	0.0	0.0	0.0	0.0	0.0	0.0	0.0	0.0	0.0	0.0	0.0	0.0	0.0	0.0	0.0	0.0	0.0	0.0	0.0	0.0	0.0	0.0	0.0	0.0	0.0	0.0	0.0	0.0	0.0	0.0	0.0	0.0	0.0	0.0	0.0	0.0	0.0	0.0	0.0	0.0	0.0	0.0	0.0	0.0	0.0	0.0	0.0	0.0	0.0	0.0	0.0	0.0	0.0	0.0	0.0	0.0	0.0	0.0	0.0	0.0	0.0	0.0	0.0	0.0	0.0	0.0	0.0	0.0	0.0	0.0
0.0	0.0	0.0	0.0	0.0	5.0	4.0	0.0	0.0	0.0	45.0	0.0	0.0	0.0	0.0	0.0	0.0	0.0	0.0	31.0	0.0	0.0	0.0	3.0	0.0	0.0	0.0	0.0	0.0	0.0	0.0	0.0	0.0	0.0	0.0	0.0	78.0	173.0	185.0	160.0	57.0	57.0	66.0	64.0	58.0	83.0	221.0	211.0	125.0	93.0	0.0	0.0	0.0	0.0	0.0	0.0	0.0	0.0	0.0	0.0	0.0	0.0	16.0	199.0	188.0	187.0	185.0	201.0	183.0	208.0	242.0	230.0	225.0	206.0	203.0	148.0	141.0	183.0	158.0	0.0	0.0	0.0	0.0	0.0	0.0	0.0	0.0	0.0	0.0	0.0	160.0	149.0	139.0	158.0	198.0	196.0	175.0	167.0	208.0	206.0	203.0	142.0	130.0	124.0	129.0	135.0	176.0	37.0	0.0	0.0	0.0	0.0	0.0	0.0	0.0	0.0	0.0	37.0	168.0	165.0	191.0	128.0	107.0	106.0	104.0	115.0	227.0	239.0	205.0	97.0	137.0	126.0	123.0	111.0	180.0	144.0	0.0	0.0	0.0	0.0	0.0	0.0	0.0	0.0	0.0	1.0	190.0	167.0	122.0	137.0	136.0	105.0	69.0	147.0	235.0	226.0	131.0	69.0	107.0	123.0	133.0	130.0	195.0	95.0	0.0	0.0	0.0	0.0	0.0	0.0	0.0	0.0	0.0	0.0	123.0	181.0	141.0	122.0	111.0	90.0	59.0	135.0	255.0	241.0	150.0	76.0	103.0	122.0	134.0	165.0	197.0	0.0	0.0	0.0	0.0	0.0	0.0	0.0	0.0	0.0	0.0	0.0	0.0	203.0	159.0	144.0	121.0	99.0	75.0	112.0	202.0	207.0	131.0	114.0	134.0	121.0	165.0	179.0	102.0	0.0	0.0	0.0	0.0	0.0	0.0	0.0	0.0	0.0	0.0	6.0	0.0	75.0	204.0	142.0	125.0	121.0	102.0	144.0	206.0	217.0	208.0	128.0	143.0	141.0	152.0	181.0	0.0	0.0	0.0	0.0	0.0	0.0	0.0	0.0	0.0	0.0	0.0	6.0	0.0	0.0	156.0	171.0	186.0	191.0	162.0	185.0	219.0	214.0	167.0	90.0	114.0	135.0	199.0	19.0	0.0	5.0	0.0	0.0	0.0	0.0	0.0	0.0	0.0	0.0	0.0	3.0	5.0	0.0	47.0	191.0	156.0	96.0	90.0	99.0	203.0	194.0	124.0	90.0	124.0	133.0	166.0	0.0	0.0	2.0	0.0	0.0	0.0	0.0	0.0	0.0	0.0	0.0	0.0	4.0	6.0	0.0	59.0	198.0	99.0	98.0	93.0	98.0	198.0	210.0	152.0	81.0	111.0	116.0	189.0	4.0	0.0	5.0	0.0	0.0	0.0	0.0	0.0	0.0	0.0	0.0	0.0	3.0	8.0	0.0	51.0	148.0	103.0	93.0	87.0	94.0	202.0	202.0	156.0	70.0	128.0	113.0	151.0	16.0	0.0	7.0	0.0	0.0	0.0	0.0	0.0	0.0	0.0	0.0	0.0	3.0	8.0	0.0	57.0	144.0	98.0	89.0	89.0	84.0	194.0	205.0	168.0	57.0	122.0	136.0	149.0	70.0	0.0	7.0	0.0	0.0	0.0	0.0	0.0	0.0	0.0	0.0	0.0	3.0	7.0	0.0	88.0	122.0	80.0	62.0	51.0	50.0	185.0	190.0	150.0	14.0	37.0	82.0	158.0	47.0	0.0	8.0	0.0	0.0	0.0	0.0	0.0	0.0	0.0	0.0	0.0	3.0	6.0	0.0	83.0	67.0	21.0	9.0	3.0	15.0	170.0	202.0	114.0	0.0	20.0	23.0	87.0	39.0	0.0	7.0	0.0	0.0	0.0	0.0	0.0	0.0	0.0	0.0	0.0	4.0	4.0	0.0	128.0	39.0	10.0	11.0	0.0	26.0	187.0	205.0	110.0	0.0	9.0	49.0	44.0	0.0	0.0	4.0	0.0	0.0	0.0	0.0	0.0	0.0	0.0	0.0	0.0	8.0	0.0	9.0	69.0	1.0	34.0	52.0	14.0	17.0	205.0	199.0	90.0	0.0	1.0	40.0	90.0	62.0	0.0	6.0	0.0	0.0	0.0	0.0	0.0	0.0	0.0	0.0	0.0	4.0	0.0	26.0	56.0	2.0	21.0	5.0	0.0	48.0	213.0	216.0	89.0	0.0	19.0	25.0	31.0	17.0	0.0	6.0	0.0	0.0	0.0	0.0	0.0	0.0	0.0	0.0	0.0	7.0	0.0	11.0	21.0	1.0	16.0	7.0	0.0	45.0	221.0	228.0	107.0	0.0	57.0	42.0	35.0	0.0	0.0	3.0	0.0	0.0	0.0	0.0	0.0	0.0	0.0	0.0	0.0	5.0	0.0	34.0	23.0	10.0	32.0	27.0	0.0	49.0	222.0	230.0	93.0	0.0	32.0	9.0	52.0	52.0	0.0	7.0	0.0	0.0	0.0	0.0	0.0	0.0	0.0	0.0	0.0	6.0	0.0	31.0	37.0	66.0	47.0	13.0	0.0	74.0	215.0	226.0	81.0	0.0	16.0	0.0	23.0	9.0	0.0	4.0	0.0	0.0	0.0	0.0	0.0	0.0	0.0	0.0	0.0	5.0	1.0	2.0	15.0	1.0	9.0	22.0	0.0	66.0	214.0	223.0	86.0	13.0	30.0	0.0	23.0	40.0	0.0	3.0	0.0	0.0	0.0	0.0	0.0	0.0	0.0	0.0	0.0	4.0	0.0	22.0	20.0	2.0	42.0	79.0	60.0	112.0	221.0	223.0	100.0	59.0	53.0	32.0	49.0	38.0	0.0	3.0	0.0	0.0	0.0	0.0	0.0	0.0	0.0	0.0	0.0	3.0	0.0	32.0	53.0	160.0	173.0	141.0	142.0	154.0	214.0	222.0	67.0	53.0	86.0	25.0	45.0	28.0	0.0	4.0	0.0	0.0	0.0	0.0	0.0	0.0	0.0	0.0	0.0	4.0	1.0	4.0	39.0	89.0	53.0	64.0	9.0	76.0	209.0	222.0	144.0	181.0	198.0	167.0	105.0	0.0	2.0	4.0	0.0	0.0	0.0	0.0	0.0	0.0	0.0	0.0	0.0	4.0	0.0	48.0	104.0	35.0	32.0	49.0	49.0	140.0	213.0	215.0	179.0	164.0	162.0	176.0	158.0	58.0	0.0	6.0	0.0	0.0	0.0	0.0	0.0	0.0	0.0	0.0	0.0	6.0	0.0	4.0	49.0	15.0	1.0	3.0	2.0	14.0	6.0	12.0	0.0	0.0	0.0	0.0	93.0	113.0	0.0	7.0	0.0	0.0	0.0	0.0
0.0	0.0	0.0	0.0	0.0	0.0	0.0	0.0	0.0	0.0	0.0	36.0	111.0	145.0	152.0	155.0	82.0	6.0	0.0	0.0	0.0	0.0	0.0	0.0	0.0	0.0	0.0	0.0	0.0	0.0	0.0	0.0	0.0	0.0	0.0	0.0	0.0	0.0	170.0	234.0	226.0	240.0	233.0	225.0	222.0	255.0	32.0	0.0	6.0	0.0	0.0	0.0	0.0	0.0	0.0	0.0	0.0	0.0	0.0	0.0	0.0	0.0	0.0	4.0	0.0	9.0	235.0	207.0	205.0	212.0	207.0	226.0	214.0	219.0	175.0	0.0	0.0	0.0	1.0	0.0	0.0	0.0	0.0	0.0	0.0	0.0	0.0	0.0	0.0	0.0	0.0	0.0	0.0	175.0	251.0	220.0	232.0	214.0	195.0	242.0	235.0	222.0	224.0	123.0	25.0	0.0	0.0	0.0	0.0	0.0	0.0	0.0	0.0	0.0	0.0	0.0	0.0	0.0	0.0	57.0	255.0	244.0	238.0	232.0	239.0	144.0	132.0	220.0	215.0	213.0	225.0	237.0	231.0	174.0	0.0	0.0	0.0	0.0	0.0	0.0	0.0	0.0	0.0	0.0	0.0	0.0	59.0	245.0	236.0	219.0	231.0	249.0	245.0	253.0	239.0	210.0	213.0	229.0	211.0	210.0	211.0	230.0	39.0	0.0	0.0	0.0	0.0	0.0	0.0	0.0	0.0	0.0	0.0	0.0	187.0	245.0	224.0	224.0	222.0	234.0	228.0	241.0	229.0	231.0	237.0	235.0	213.0	212.0	211.0	228.0	127.0	0.0	0.0	0.0	0.0	0.0	0.0	0.0	0.0	0.0	0.0	0.0	213.0	248.0	222.0	235.0	233.0	226.0	224.0	234.0	220.0	229.0	218.0	213.0	215.0	214.0	211.0	224.0	182.0	0.0	0.0	0.0	0.0	0.0	0.0	0.0	0.0	0.0	0.0	0.0	237.0	247.0	228.0	220.0	215.0	228.0	224.0	234.0	217.0	219.0	217.0	216.0	202.0	210.0	213.0	222.0	226.0	0.0	0.0	0.0	0.0	0.0	0.0	0.0	0.0	0.0	0.0	0.0	255.0	244.0	229.0	229.0	226.0	227.0	225.0	228.0	215.0	222.0	218.0	214.0	212.0	212.0	211.0	217.0	251.0	0.0	0.0	0.0	0.0	0.0	0.0	0.0	0.0	0.0	0.0	0.0	255.0	245.0	231.0	231.0	230.0	227.0	227.0	228.0	217.0	222.0	218.0	213.0	214.0	213.0	211.0	213.0	255.0	9.0	0.0	0.0	0.0	0.0	0.0	0.0	0.0	0.0	0.0	0.0	255.0	247.0	231.0	232.0	228.0	228.0	230.0	229.0	219.0	223.0	217.0	214.0	214.0	214.0	212.0	213.0	255.0	28.0	0.0	0.0	0.0	0.0	0.0	0.0	0.0	0.0	0.0	0.0	255.0	245.0	232.0	232.0	228.0	230.0	229.0	231.0	220.0	224.0	217.0	215.0	216.0	215.0	213.0	214.0	255.0	38.0	0.0	0.0	0.0	0.0	0.0	0.0	0.0	0.0	0.0	26.0	255.0	243.0	234.0	232.0	229.0	229.0	230.0	232.0	221.0	224.0	219.0	214.0	220.0	217.0	213.0	218.0	255.0	37.0	0.0	0.0	0.0	0.0	0.0	0.0	0.0	0.0	0.0	44.0	255.0	244.0	237.0	231.0	229.0	229.0	232.0	232.0	223.0	224.0	224.0	216.0	216.0	221.0	215.0	218.0	255.0	57.0	0.0	0.0	0.0	0.0	0.0	0.0	0.0	0.0	0.0	75.0	255.0	242.0	238.0	232.0	233.0	229.0	234.0	233.0	224.0	224.0	224.0	221.0	212.0	220.0	217.0	212.0	255.0	96.0	0.0	0.0	0.0	0.0	0.0	0.0	0.0	0.0	0.0	109.0	255.0	243.0	238.0	233.0	236.0	230.0	240.0	237.0	222.0	227.0	227.0	226.0	224.0	210.0	221.0	221.0	255.0	105.0	0.0	0.0	0.0	0.0	0.0	0.0	0.0	0.0	0.0	127.0	255.0	243.0	238.0	235.0	237.0	233.0	227.0	238.0	224.0	226.0	204.0	229.0	229.0	212.0	216.0	228.0	255.0	126.0	0.0	0.0	0.0	0.0	0.0	0.0	0.0	0.0	0.0	142.0	255.0	247.0	237.0	232.0	233.0	240.0	216.0	237.0	228.0	226.0	207.0	227.0	226.0	218.0	207.0	226.0	254.0	140.0	0.0	0.0	0.0	0.0	0.0	0.0	0.0	0.0	0.0	154.0	255.0	247.0	232.0	216.0	238.0	236.0	246.0	236.0	228.0	229.0	234.0	228.0	226.0	222.0	212.0	228.0	254.0	159.0	0.0	0.0	0.0	0.0	0.0	0.0	0.0	0.0	0.0	179.0	255.0	250.0	239.0	239.0	234.0	237.0	243.0	235.0	231.0	227.0	227.0	228.0	224.0	223.0	222.0	233.0	250.0	184.0	0.0	0.0	0.0	0.0	0.0	0.0	0.0	0.0	0.0	194.0	254.0	250.0	237.0	238.0	235.0	237.0	244.0	236.0	232.0	228.0	229.0	229.0	232.0	223.0	223.0	234.0	245.0	197.0	0.0	0.0	0.0	0.0	0.0	0.0	0.0	0.0	0.0	218.0	250.0	249.0	234.0	241.0	236.0	238.0	244.0	238.0	230.0	228.0	230.0	229.0	231.0	228.0	222.0	233.0	233.0	211.0	0.0	0.0	0.0	0.0	0.0	0.0	0.0	0.0	0.0	238.0	240.0	251.0	238.0	241.0	239.0	240.0	246.0	239.0	233.0	229.0	229.0	233.0	235.0	231.0	228.0	244.0	252.0	232.0	0.0	0.0	0.0	0.0	0.0	0.0	0.0	0.0	0.0	252.0	254.0	237.0	237.0	240.0	239.0	236.0	241.0	238.0	235.0	231.0	230.0	233.0	233.0	228.0	235.0	162.0	133.0	145.0	0.0	0.0	0.0	0.0	0.0	0.0	0.0	0.0	0.0	0.0	0.0	34.0	255.0	243.0	241.0	237.0	239.0	235.0	232.0	229.0	226.0	230.0	236.0	237.0	255.0	115.0	0.0	0.0	0.0	0.0	0.0	0.0	0.0	0.0	0.0	0.0	0.0	0.0	0.0	0.0	255.0	227.0	239.0	255.0	255.0	251.0	249.0	248.0	255.0	255.0	247.0	194.0	188.0	46.0	0.0	0.0	0.0	0.0	0.0	0.0	0.0	0.0	0.0	0.0	0.0	1.0	1.0	0.0	0.0	0.0	0.0	10.0	46.0	137.0	147.0	126.0	79.0	0.0	0.0	0.0	0.0	0.0	0.0	0.0	0.0	0.0	0.0	0.0
0.0	0.0	0.0	0.0	0.0	0.0	0.0	0.0	0.0	137.0	83.0	115.0	63.0	25.0	45.0	58.0	51.0	105.0	96.0	0.0	0.0	0.0	0.0	0.0	0.0	0.0	0.0	0.0	0.0	0.0	0.0	0.0	0.0	0.0	0.0	0.0	42.0	255.0	215.0	200.0	186.0	191.0	194.0	239.0	234.0	186.0	203.0	0.0	0.0	0.0	0.0	0.0	0.0	0.0	0.0	0.0	0.0	0.0	0.0	0.0	0.0	0.0	0.0	0.0	91.0	252.0	205.0	209.0	218.0	218.0	194.0	223.0	224.0	182.0	204.0	41.0	0.0	0.0	0.0	0.0	0.0	0.0	0.0	0.0	0.0	0.0	0.0	0.0	0.0	0.0	0.0	0.0	112.0	249.0	205.0	206.0	202.0	210.0	203.0	199.0	182.0	170.0	254.0	99.0	0.0	0.0	0.0	0.0	0.0	0.0	0.0	0.0	0.0	0.0	0.0	0.0	0.0	0.0	0.0	0.0	144.0	237.0	202.0	208.0	205.0	210.0	225.0	213.0	188.0	177.0	250.0	144.0	0.0	0.0	0.0	0.0	0.0	0.0	0.0	0.0	0.0	0.0	0.0	0.0	0.0	0.0	0.0	0.0	168.0	233.0	207.0	212.0	213.0	203.0	214.0	206.0	235.0	211.0	217.0	139.0	0.0	0.0	0.0	0.0	0.0	0.0	0.0	0.0	0.0	0.0	0.0	0.0	0.0	0.0	0.0	0.0	168.0	240.0	206.0	207.0	208.0	217.0	216.0	211.0	200.0	198.0	237.0	121.0	0.0	0.0	0.0	0.0	0.0	0.0	0.0	0.0	0.0	0.0	0.0	0.0	0.0	0.0	0.0	0.0	161.0	249.0	209.0	214.0	223.0	219.0	228.0	225.0	216.0	205.0	252.0	87.0	0.0	0.0	0.0	0.0	0.0	0.0	0.0	0.0	0.0	0.0	0.0	0.0	0.0	0.0	0.0	0.0	145.0	253.0	215.0	216.0	216.0	233.0	223.0	218.0	211.0	211.0	252.0	24.0	0.0	0.0	0.0	0.0	0.0	0.0	0.0	0.0	0.0	0.0	0.0	0.0	0.0	0.0	0.0	0.0	104.0	254.0	209.0	220.0	209.0	227.0	225.0	213.0	209.0	215.0	244.0	0.0	0.0	0.0	0.0	0.0	0.0	0.0	0.0	0.0	0.0	0.0	0.0	0.0	0.0	0.0	0.0	0.0	48.0	255.0	212.0	217.0	230.0	184.0	215.0	229.0	214.0	219.0	200.0	0.0	0.0	0.0	0.0	0.0	0.0	0.0	0.0	0.0	0.0	0.0	0.0	0.0	0.0	0.0	0.0	0.0	0.0	255.0	218.0	210.0	253.0	98.0	186.0	246.0	211.0	228.0	157.0	0.0	0.0	0.0	0.0	0.0	0.0	0.0	0.0	0.0	0.0	0.0	0.0	0.0	0.0	0.0	0.0	0.0	0.0	255.0	217.0	204.0	255.0	23.0	167.0	253.0	212.0	231.0	112.0	0.0	0.0	0.0	0.0	0.0	0.0	0.0	0.0	0.0	0.0	0.0	0.0	0.0	0.0	0.0	0.0	0.0	0.0	251.0	224.0	212.0	255.0	1.0	164.0	253.0	214.0	229.0	45.0	0.0	0.0	0.0	0.0	0.0	0.0	0.0	0.0	0.0	0.0	0.0	0.0	0.0	0.0	0.0	0.0	0.0	0.0	221.0	229.0	210.0	255.0	0.0	172.0	241.0	217.0	223.0	13.0	0.0	0.0	0.0	0.0	0.0	0.0	0.0	0.0	0.0	0.0	0.0	0.0	0.0	0.0	0.0	0.0	0.0	0.0	193.0	235.0	215.0	255.0	0.0	163.0	242.0	220.0	214.0	0.0	0.0	0.0	0.0	0.0	0.0	0.0	0.0	0.0	0.0	0.0	0.0	0.0	0.0	0.0	0.0	0.0	0.0	0.0	127.0	238.0	218.0	253.0	0.0	138.0	240.0	223.0	240.0	0.0	0.0	0.0	0.0	0.0	0.0	0.0	0.0	0.0	0.0	0.0	0.0	0.0	0.0	0.0	0.0	0.0	0.0	0.0	86.0	244.0	223.0	232.0	0.0	140.0	238.0	228.0	213.0	0.0	0.0	0.0	0.0	0.0	0.0	0.0	0.0	0.0	0.0	0.0	0.0	0.0	0.0	0.0	0.0	0.0	0.0	0.0	114.0	243.0	228.0	227.0	0.0	156.0	241.0	227.0	215.0	0.0	0.0	0.0	0.0	0.0	0.0	0.0	0.0	0.0	0.0	0.0	0.0	0.0	0.0	0.0	0.0	0.0	0.0	0.0	102.0	241.0	224.0	239.0	0.0	159.0	244.0	223.0	228.0	0.0	0.0	0.0	0.0	0.0	0.0	0.0	0.0	0.0	0.0	0.0	0.0	0.0	0.0	0.0	0.0	0.0	0.0	0.0	73.0	242.0	224.0	248.0	0.0	168.0	241.0	228.0	198.0	0.0	0.0	0.0	0.0	0.0	0.0	0.0	0.0	0.0	0.0	0.0	0.0	0.0	0.0	0.0	0.0	0.0	0.0	0.0	53.0	242.0	222.0	255.0	0.0	167.0	242.0	232.0	171.0	0.0	3.0	0.0	0.0	0.0	0.0	0.0	0.0	0.0	0.0	0.0	0.0	0.0	0.0	0.0	0.0	0.0	0.0	0.0	42.0	238.0	222.0	255.0	0.0	163.0	241.0	236.0	137.0	0.0	2.0	0.0	0.0	0.0	0.0	0.0	0.0	0.0	0.0	0.0	0.0	0.0	0.0	0.0	0.0	0.0	0.0	0.0	37.0	239.0	224.0	255.0	0.0	166.0	241.0	240.0	103.0	0.0	3.0	0.0	0.0	0.0	0.0	0.0	0.0	0.0	0.0	0.0	0.0	0.0	0.0	0.0	0.0	0.0	0.0	0.0	16.0	236.0	226.0	254.0	0.0	170.0	238.0	238.0	91.0	0.0	3.0	0.0	0.0	0.0	0.0	0.0	0.0	0.0	0.0	0.0	0.0	0.0	0.0	0.0	0.0	0.0	0.0	0.0	0.0	228.0	236.0	254.0	0.0	143.0	250.0	237.0	59.0	0.0	2.0	0.0	0.0	0.0	0.0	0.0	0.0	0.0	0.0	0.0	0.0	0.0	0.0	0.0	0.0	0.0	0.0	0.0	5.0	232.0	239.0	255.0	0.0	133.0	252.0	247.0	69.0	0.0	3.0	0.0	0.0	0.0	0.0	0.0	0.0	0.0	0.0	0.0	0.0	0.0	0.0	0.0	0.0	0.0	0.0	0.0	0.0	204.0	217.0	217.0	0.0	96.0	226.0	216.0	51.0	0.0	3.0	0.0	0.0	0.0	0.0	0.0	0.0	0.0	0.0
0.0	0.0	0.0	0.0	0.0	0.0	0.0	0.0	0.0	0.0	0.0	0.0	0.0	0.0	0.0	0.0	0.0	0.0	0.0	0.0	0.0	0.0	0.0	0.0	0.0	0.0	0.0	0.0	0.0	0.0	0.0	0.0	0.0	0.0	0.0	0.0	0.0	0.0	0.0	0.0	0.0	0.0	0.0	0.0	0.0	0.0	0.0	0.0	0.0	0.0	0.0	0.0	0.0	0.0	0.0	0.0	0.0	0.0	0.0	0.0	0.0	0.0	0.0	0.0	0.0	0.0	0.0	0.0	0.0	0.0	0.0	0.0	0.0	0.0	0.0	0.0	0.0	0.0	0.0	0.0	0.0	0.0	0.0	0.0	0.0	0.0	0.0	0.0	0.0	0.0	0.0	0.0	0.0	0.0	0.0	0.0	0.0	0.0	0.0	0.0	0.0	0.0	0.0	0.0	0.0	0.0	0.0	0.0	0.0	0.0	0.0	0.0	0.0	0.0	0.0	0.0	0.0	0.0	0.0	0.0	0.0	0.0	0.0	0.0	0.0	0.0	0.0	0.0	0.0	0.0	0.0	0.0	0.0	0.0	0.0	0.0	0.0	0.0	0.0	0.0	5.0	4.0	2.0	0.0	0.0	0.0	0.0	0.0	0.0	0.0	0.0	0.0	0.0	0.0	0.0	0.0	0.0	0.0	0.0	0.0	0.0	0.0	8.0	5.0	0.0	2.0	0.0	2.0	0.0	0.0	0.0	0.0	1.0	0.0	0.0	0.0	1.0	1.0	1.0	1.0	2.0	2.0	2.0	2.0	2.0	1.0	1.0	1.0	1.0	0.0	1.0	9.0	0.0	0.0	0.0	0.0	0.0	139.0	93.0	0.0	0.0	0.0	0.0	0.0	0.0	0.0	0.0	0.0	0.0	0.0	0.0	0.0	0.0	0.0	0.0	0.0	0.0	0.0	0.0	0.0	0.0	145.0	161.0	33.0	96.0	55.0	131.0	0.0	0.0	0.0	0.0	0.0	0.0	0.0	0.0	0.0	0.0	0.0	0.0	0.0	0.0	0.0	0.0	0.0	0.0	0.0	0.0	0.0	0.0	130.0	4.0	113.0	55.0	23.0	164.0	132.0	191.0	196.0	199.0	198.0	198.0	191.0	193.0	199.0	207.0	208.0	208.0	208.0	208.0	202.0	192.0	189.0	185.0	188.0	206.0	199.0	154.0	177.0	0.0	67.0	52.0	0.0	196.0	218.0	185.0	150.0	166.0	162.0	165.0	162.0	158.0	154.0	154.0	153.0	153.0	153.0	153.0	153.0	155.0	161.0	161.0	162.0	153.0	160.0	199.0	219.0	0.0	90.0	82.0	0.0	198.0	160.0	155.0	134.0	143.0	153.0	153.0	154.0	149.0	143.0	141.0	147.0	149.0	147.0	147.0	149.0	150.0	153.0	143.0	149.0	155.0	143.0	180.0	181.0	0.0	93.0	89.0	0.0	170.0	204.0	149.0	142.0	157.0	160.0	151.0	153.0	150.0	149.0	150.0	151.0	151.0	151.0	151.0	153.0	155.0	154.0	136.0	146.0	160.0	153.0	206.0	52.0	0.0	107.0	89.0	0.0	75.0	207.0	147.0	146.0	155.0	154.0	154.0	153.0	149.0	146.0	147.0	150.0	150.0	150.0	150.0	151.0	153.0	149.0	127.0	136.0	154.0	160.0	255.0	1.0	0.0	93.0	82.0	0.0	23.0	214.0	151.0	153.0	158.0	153.0	155.0	151.0	151.0	149.0	149.0	151.0	151.0	150.0	149.0	150.0	150.0	139.0	130.0	132.0	151.0	168.0	231.0	0.0	47.0	47.0	104.0	0.0	48.0	210.0	155.0	153.0	157.0	153.0	153.0	149.0	150.0	149.0	147.0	149.0	149.0	147.0	146.0	147.0	146.0	141.0	136.0	138.0	145.0	168.0	214.0	0.0	92.0	2.0	85.0	0.0	42.0	211.0	155.0	155.0	158.0	155.0	157.0	151.0	151.0	150.0	150.0	149.0	147.0	147.0	147.0	146.0	142.0	142.0	139.0	143.0	142.0	177.0	162.0	0.0	101.0	0.0	62.0	31.0	0.0	223.0	168.0	155.0	164.0	158.0	160.0	155.0	155.0	154.0	154.0	154.0	154.0	153.0	151.0	150.0	151.0	153.0	146.0	150.0	147.0	187.0	118.0	0.0	93.0	0.0	20.0	105.0	0.0	208.0	174.0	155.0	166.0	162.0	164.0	161.0	160.0	158.0	157.0	157.0	158.0	157.0	157.0	155.0	155.0	157.0	153.0	155.0	141.0	202.0	105.0	52.0	84.0	0.0	0.0	141.0	0.0	184.0	185.0	155.0	165.0	161.0	164.0	165.0	162.0	161.0	160.0	150.0	150.0	154.0	158.0	160.0	160.0	160.0	161.0	161.0	153.0	203.0	17.0	123.0	5.0	0.0	0.0	92.0	97.0	160.0	162.0	138.0	146.0	146.0	151.0	153.0	153.0	154.0	155.0	158.0	158.0	154.0	153.0	150.0	147.0	147.0	147.0	151.0	139.0	170.0	108.0	81.0	0.0	1.0	0.0	0.0	47.0	207.0	184.0	161.0	177.0	179.0	180.0	174.0	176.0	176.0	176.0	172.0	169.0	168.0	166.0	162.0	160.0	162.0	164.0	166.0	157.0	179.0	154.0	0.0	0.0	0.0	0.0	0.0	0.0	44.0	199.0	185.0	169.0	165.0	174.0	177.0	174.0	172.0	170.0	168.0	170.0	176.0	180.0	187.0	192.0	192.0	195.0	193.0	195.0	211.0	0.0	0.0	0.0	0.0	0.0	0.0	0.0	0.0	0.0	0.0	0.0	0.0	0.0	0.0	0.0	0.0	0.0	0.0	0.0	0.0	0.0	0.0	0.0	0.0	0.0	0.0	0.0	0.0	0.0	0.0	0.0	0.0	0.0	0.0	0.0	0.0	0.0	0.0	0.0	0.0	0.0	0.0	0.0	0.0	0.0	0.0	0.0	0.0	0.0	0.0	0.0	0.0	0.0	0.0	0.0	0.0	0.0	0.0	0.0	0.0	0.0	0.0	0.0	0.0	0.0	0.0	0.0	0.0	0.0	0.0	0.0	0.0	0.0	0.0	0.0	0.0	0.0	0.0	0.0	0.0	0.0	0.0	0.0	0.0	0.0	0.0	0.0	0.0	0.0	0.0	0.0	0.0	0.0	0.0	0.0	0.0	0.0	0.0	0.0	0.0	0.0	0.0	0.0	0.0	0.0	0.0	0.0	0.0	0.0	0.0	0.0	0.0	0.0	0.0	0.0	0.0	0.0	0.0	0.0	0.0	0.0	0.0	0.0	0.0	0.0	0.0	0.0	0.0	0.0	0.0	0.0	0.0	0.0	0.0	0.0	0.0	0.0	0.0	0.0	0.0	0.0	0.0	0.0	0.0
0.0	0.0	0.0	0.0	0.0	0.0	0.0	0.0	0.0	0.0	0.0	0.0	0.0	0.0	0.0	0.0	0.0	0.0	0.0	0.0	0.0	0.0	0.0	0.0	0.0	0.0	0.0	0.0	0.0	0.0	0.0	0.0	0.0	0.0	0.0	0.0	0.0	0.0	0.0	0.0	0.0	0.0	0.0	0.0	0.0	0.0	0.0	0.0	0.0	0.0	0.0	0.0	0.0	0.0	0.0	0.0	0.0	0.0	0.0	0.0	0.0	0.0	0.0	0.0	0.0	0.0	0.0	0.0	0.0	0.0	0.0	0.0	0.0	0.0	0.0	0.0	0.0	0.0	0.0	0.0	0.0	0.0	0.0	0.0	0.0	0.0	0.0	0.0	0.0	0.0	0.0	0.0	0.0	0.0	0.0	0.0	0.0	0.0	0.0	0.0	0.0	0.0	0.0	0.0	0.0	0.0	0.0	0.0	0.0	0.0	0.0	0.0	0.0	0.0	0.0	0.0	0.0	0.0	0.0	0.0	0.0	0.0	0.0	0.0	0.0	0.0	0.0	0.0	0.0	0.0	0.0	0.0	0.0	0.0	0.0	0.0	0.0	0.0	0.0	0.0	0.0	0.0	0.0	0.0	0.0	0.0	0.0	0.0	0.0	0.0	0.0	0.0	0.0	0.0	0.0	0.0	0.0	0.0	0.0	0.0	0.0	0.0	0.0	0.0	0.0	0.0	0.0	0.0	0.0	0.0	0.0	0.0	0.0	0.0	0.0	0.0	0.0	0.0	0.0	0.0	0.0	0.0	0.0	0.0	0.0	0.0	0.0	0.0	0.0	0.0	0.0	0.0	0.0	0.0	0.0	0.0	0.0	0.0	0.0	0.0	0.0	0.0	0.0	0.0	0.0	0.0	0.0	0.0	0.0	0.0	0.0	0.0	0.0	0.0	0.0	0.0	0.0	0.0	0.0	0.0	0.0	0.0	0.0	0.0	0.0	0.0	0.0	0.0	0.0	0.0	0.0	0.0	6.0	2.0	0.0	0.0	1.0	0.0	0.0	0.0	0.0	0.0	0.0	0.0	0.0	0.0	0.0	0.0	0.0	1.0	0.0	0.0	0.0	0.0	0.0	0.0	0.0	0.0	0.0	0.0	0.0	0.0	1.0	0.0	0.0	0.0	6.0	0.0	104.0	60.0	0.0	0.0	0.0	0.0	0.0	0.0	1.0	0.0	0.0	0.0	0.0	0.0	0.0	0.0	0.0	0.0	0.0	0.0	2.0	0.0	0.0	0.0	25.0	89.0	168.0	115.0	204.0	143.0	0.0	0.0	0.0	0.0	0.0	0.0	0.0	0.0	0.0	0.0	0.0	0.0	0.0	0.0	0.0	0.0	0.0	0.0	0.0	0.0	10.0	142.0	222.0	183.0	147.0	201.0	208.0	212.0	120.0	0.0	0.0	0.0	0.0	0.0	27.0	184.0	157.0	0.0	0.0	1.0	0.0	1.0	2.0	0.0	0.0	0.0	64.0	150.0	204.0	159.0	122.0	143.0	200.0	214.0	217.0	234.0	244.0	255.0	191.0	134.0	139.0	209.0	224.0	237.0	217.0	2.0	0.0	0.0	0.0	0.0	0.0	0.0	91.0	199.0	194.0	170.0	140.0	161.0	184.0	205.0	221.0	228.0	220.0	219.0	222.0	230.0	241.0	252.0	246.0	228.0	209.0	201.0	220.0	48.0	0.0	1.0	32.0	74.0	99.0	162.0	158.0	153.0	143.0	151.0	169.0	180.0	204.0	217.0	217.0	215.0	214.0	216.0	215.0	212.0	200.0	180.0	168.0	115.0	117.0	172.0	210.0	114.0	19.0	171.0	149.0	147.0	163.0	158.0	155.0	153.0	166.0	181.0	187.0	197.0	201.0	212.0	219.0	224.0	230.0	230.0	228.0	219.0	201.0	199.0	229.0	204.0	120.0	136.0	215.0	180.0	4.0	13.0	27.0	52.0	88.0	115.0	168.0	154.0	193.0	205.0	213.0	223.0	223.0	222.0	222.0	221.0	212.0	206.0	201.0	198.0	197.0	192.0	185.0	183.0	177.0	166.0	163.0	119.0	28.0	38.0	11.0	0.0	0.0	2.0	1.0	10.0	9.0	3.0	2.0	0.0	0.0	0.0	0.0	0.0	0.0	0.0	0.0	0.0	0.0	0.0	0.0	0.0	0.0	0.0	0.0	0.0	4.0	27.0	44.0	51.0	48.0	40.0	34.0	28.0	23.0	20.0	23.0	25.0	26.0	27.0	28.0	30.0	32.0	32.0	28.0	32.0	37.0	41.0	39.0	39.0	41.0	42.0	48.0	40.0	0.0	0.0	0.0	3.0	6.0	17.0	23.0	27.0	34.0	32.0	31.0	31.0	33.0	32.0	32.0	31.0	30.0	28.0	25.0	25.0	25.0	24.0	20.0	19.0	23.0	24.0	26.0	18.0	0.0	0.0	0.0	0.0	0.0	0.0	0.0	0.0	0.0	0.0	0.0	0.0	0.0	0.0	0.0	0.0	0.0	0.0	0.0	0.0	0.0	0.0	0.0	0.0	0.0	0.0	0.0	0.0	0.0	0.0	0.0	0.0	0.0	0.0	0.0	0.0	0.0	0.0	0.0	0.0	0.0	0.0	0.0	0.0	0.0	0.0	0.0	0.0	0.0	0.0	0.0	0.0	0.0	0.0	0.0	0.0	0.0	0.0	0.0	0.0	0.0	0.0	0.0	0.0	0.0	0.0	0.0	0.0	0.0	0.0	0.0	0.0	0.0	0.0	0.0	0.0	0.0	0.0	0.0	0.0	0.0	0.0	0.0	0.0	0.0	0.0	0.0	0.0	0.0	0.0	0.0	0.0	0.0	0.0	0.0	0.0	0.0	0.0	0.0	0.0	0.0	0.0	0.0	0.0	0.0	0.0	0.0	0.0	0.0	0.0	0.0	0.0	0.0	0.0	0.0	0.0	0.0	0.0	0.0	0.0	0.0	0.0	0.0	0.0	0.0	0.0	0.0	0.0	0.0	0.0	0.0	0.0	0.0	0.0	0.0	0.0	0.0	0.0	0.0	0.0	0.0	0.0	0.0	0.0	0.0	0.0	0.0	0.0	0.0	0.0	0.0	0.0	0.0	0.0	0.0	0.0	0.0	0.0	0.0	0.0	0.0	0.0	0.0	0.0	0.0	0.0	0.0	0.0	0.0	0.0	0.0	0.0	0.0	0.0	0.0	0.0	0.0	0.0	0.0	0.0	0.0	0.0	0.0	0.0	0.0	0.0	0.0	0.0	0.0	0.0	0.0	0.0	0.0	0.0	0.0	0.0	0.0	0.0	0.0	0.0	0.0	0.0	0.0	0.0	0.0	0.0	0.0	0.0	0.0	0.0	0.0	0.0	0.0	0.0	0.0	0.0	0.0	0.0	0.0	0.0	0.0	0.0	0.0	0.0
0.0	0.0	0.0	0.0	0.0	0.0	0.0	0.0	0.0	0.0	0.0	0.0	0.0	0.0	0.0	0.0	0.0	0.0	0.0	0.0	0.0	0.0	0.0	0.0	0.0	0.0	0.0	0.0	0.0	0.0	0.0	0.0	0.0	0.0	0.0	0.0	0.0	0.0	0.0	0.0	0.0	0.0	0.0	0.0	0.0	0.0	0.0	0.0	0.0	0.0	0.0	0.0	0.0	0.0	0.0	0.0	0.0	0.0	0.0	0.0	0.0	0.0	0.0	0.0	0.0	0.0	0.0	0.0	0.0	0.0	0.0	0.0	0.0	0.0	0.0	0.0	0.0	0.0	0.0	0.0	0.0	0.0	0.0	0.0	0.0	0.0	0.0	0.0	0.0	0.0	0.0	0.0	0.0	0.0	0.0	0.0	0.0	0.0	0.0	0.0	0.0	0.0	0.0	0.0	0.0	0.0	0.0	0.0	0.0	0.0	0.0	0.0	0.0	0.0	0.0	0.0	0.0	0.0	0.0	0.0	0.0	0.0	0.0	0.0	0.0	0.0	0.0	0.0	0.0	0.0	0.0	0.0	0.0	0.0	0.0	0.0	0.0	0.0	0.0	0.0	0.0	0.0	0.0	0.0	0.0	0.0	0.0	0.0	0.0	0.0	0.0	0.0	0.0	0.0	0.0	0.0	0.0	0.0	0.0	0.0	0.0	0.0	0.0	0.0	0.0	0.0	0.0	0.0	0.0	0.0	0.0	0.0	0.0	0.0	0.0	0.0	0.0	0.0	0.0	0.0	0.0	0.0	0.0	0.0	0.0	0.0	0.0	0.0	0.0	0.0	0.0	0.0	0.0	0.0	0.0	0.0	0.0	0.0	0.0	0.0	0.0	0.0	0.0	0.0	0.0	0.0	0.0	0.0	0.0	0.0	0.0	0.0	0.0	0.0	0.0	0.0	0.0	0.0	0.0	0.0	0.0	0.0	0.0	0.0	0.0	0.0	0.0	0.0	0.0	0.0	0.0	0.0	0.0	0.0	0.0	0.0	0.0	0.0	0.0	75.0	198.0	6.0	0.0	1.0	0.0	0.0	0.0	0.0	4.0	0.0	0.0	0.0	0.0	0.0	0.0	0.0	0.0	0.0	0.0	0.0	0.0	0.0	4.0	0.0	0.0	0.0	17.0	155.0	154.0	176.0	0.0	0.0	2.0	0.0	3.0	0.0	0.0	0.0	0.0	0.0	0.0	0.0	0.0	0.0	0.0	0.0	0.0	0.0	1.0	0.0	0.0	0.0	0.0	94.0	149.0	148.0	191.0	198.0	133.0	0.0	0.0	0.0	0.0	0.0	37.0	180.0	50.0	0.0	0.0	0.0	0.0	0.0	0.0	2.0	3.0	0.0	0.0	0.0	22.0	20.0	156.0	149.0	136.0	196.0	196.0	204.0	207.0	188.0	56.0	9.0	45.0	140.0	189.0	200.0	115.0	0.0	0.0	0.0	1.0	6.0	2.0	0.0	0.0	0.0	17.0	46.0	108.0	188.0	123.0	156.0	192.0	189.0	202.0	207.0	208.0	211.0	230.0	208.0	225.0	197.0	169.0	189.0	180.0	0.0	0.0	0.0	0.0	0.0	0.0	0.0	10.0	70.0	107.0	151.0	142.0	159.0	24.0	0.0	244.0	195.0	207.0	204.0	213.0	210.0	206.0	209.0	193.0	190.0	200.0	193.0	216.0	8.0	0.0	0.0	9.0	36.0	73.0	127.0	151.0	141.0	191.0	167.0	140.0	196.0	187.0	9.0	73.0	255.0	187.0	216.0	211.0	209.0	208.0	206.0	211.0	215.0	198.0	191.0	187.0	76.0	0.0	101.0	121.0	131.0	119.0	156.0	150.0	179.0	178.0	163.0	188.0	196.0	220.0	181.0	0.0	166.0	254.0	201.0	208.0	199.0	200.0	202.0	194.0	186.0	187.0	186.0	188.0	120.0	78.0	186.0	156.0	134.0	127.0	154.0	145.0	163.0	165.0	181.0	192.0	203.0	207.0	200.0	136.0	1.0	230.0	226.0	218.0	223.0	226.0	223.0	216.0	212.0	210.0	196.0	235.0	72.0	30.0	129.0	170.0	189.0	205.0	213.0	201.0	207.0	198.0	202.0	211.0	221.0	230.0	228.0	244.0	110.0	65.0	237.0	191.0	175.0	156.0	146.0	130.0	115.0	95.0	67.0	48.0	0.0	0.0	0.0	0.0	0.0	29.0	51.0	78.0	110.0	113.0	124.0	123.0	115.0	105.0	86.0	60.0	48.0	17.0	17.0	8.0	1.0	1.0	1.0	1.0	1.0	5.0	10.0	14.0	26.0	2.0	15.0	28.0	27.0	19.0	11.0	6.0	0.0	0.0	0.0	0.0	0.0	0.0	0.0	25.0	38.0	59.0	58.0	60.0	64.0	69.0	66.0	66.0	62.0	64.0	61.0	59.0	38.0	0.0	0.0	0.0	0.0	0.0	8.0	20.0	26.0	33.0	35.0	37.0	42.0	48.0	42.0	34.0	42.0	23.0	31.0	32.0	33.0	40.0	41.0	41.0	38.0	38.0	33.0	24.0	2.0	0.0	0.0	0.0	0.0	0.0	0.0	0.0	0.0	0.0	0.0	0.0	0.0	0.0	0.0	0.0	0.0	0.0	0.0	0.0	0.0	0.0	0.0	0.0	0.0	0.0	0.0	0.0	0.0	0.0	0.0	0.0	0.0	0.0	0.0	0.0	0.0	0.0	0.0	0.0	0.0	0.0	0.0	0.0	0.0	0.0	0.0	0.0	0.0	0.0	0.0	0.0	0.0	0.0	0.0	0.0	0.0	0.0	0.0	0.0	0.0	0.0	0.0	0.0	0.0	0.0	0.0	0.0	0.0	0.0	0.0	0.0	0.0	0.0	0.0	0.0	0.0	0.0	0.0	0.0	0.0	0.0	0.0	0.0	0.0	0.0	0.0	0.0	0.0	0.0	0.0	0.0	0.0	0.0	0.0	0.0	0.0	0.0	0.0	0.0	0.0	0.0	0.0	0.0	0.0	0.0	0.0	0.0	0.0	0.0	0.0	0.0	0.0	0.0	0.0	0.0	0.0	0.0	0.0	0.0	0.0	0.0	0.0	0.0	0.0	0.0	0.0	0.0	0.0	0.0	0.0	0.0	0.0	0.0	0.0	0.0	0.0	0.0	0.0	0.0	0.0	0.0	0.0	0.0	0.0	0.0	0.0	0.0	0.0	0.0	0.0	0.0	0.0	0.0	0.0	0.0	0.0	0.0	0.0	0.0	0.0	0.0	0.0	0.0	0.0	0.0	0.0	0.0	0.0	0.0	0.0	0.0	0.0	0.0	0.0	0.0	0.0	0.0	0.0	0.0	0.0	0.0	0.0	0.0	0.0	0.0	0.0	0.0	0.0	0.0	0.0	0.0	0.0	0.0	0.0	0.0	0.0
0.0	0.0	0.0	0.0	0.0	0.0	0.0	0.0	0.0	0.0	0.0	0.0	0.0	0.0	0.0	0.0	0.0	0.0	0.0	0.0	0.0	0.0	0.0	0.0	0.0	0.0	0.0	0.0	0.0	0.0	0.0	0.0	0.0	0.0	0.0	0.0	0.0	0.0	0.0	0.0	0.0	0.0	0.0	0.0	0.0	0.0	0.0	0.0	0.0	0.0	0.0	0.0	0.0	0.0	0.0	0.0	0.0	0.0	0.0	0.0	0.0	0.0	0.0	0.0	0.0	0.0	0.0	0.0	0.0	0.0	0.0	0.0	0.0	0.0	0.0	0.0	0.0	0.0	0.0	0.0	0.0	0.0	0.0	0.0	0.0	0.0	0.0	0.0	0.0	0.0	0.0	0.0	0.0	0.0	0.0	0.0	0.0	0.0	0.0	0.0	0.0	0.0	0.0	0.0	0.0	0.0	0.0	0.0	0.0	0.0	0.0	0.0	0.0	0.0	0.0	0.0	0.0	0.0	0.0	0.0	0.0	0.0	0.0	0.0	0.0	0.0	0.0	0.0	0.0	0.0	0.0	0.0	0.0	0.0	0.0	0.0	0.0	0.0	0.0	0.0	0.0	0.0	0.0	0.0	0.0	0.0	0.0	0.0	0.0	0.0	0.0	0.0	0.0	0.0	0.0	0.0	0.0	0.0	0.0	0.0	0.0	0.0	0.0	0.0	0.0	0.0	0.0	0.0	0.0	0.0	0.0	0.0	0.0	0.0	0.0	0.0	0.0	0.0	0.0	0.0	0.0	0.0	0.0	0.0	0.0	0.0	0.0	0.0	0.0	0.0	0.0	0.0	0.0	0.0	0.0	0.0	0.0	0.0	0.0	0.0	0.0	0.0	0.0	0.0	0.0	0.0	0.0	0.0	0.0	0.0	0.0	0.0	0.0	0.0	0.0	0.0	0.0	0.0	0.0	0.0	0.0	0.0	0.0	0.0	0.0	0.0	0.0	0.0	0.0	0.0	0.0	0.0	0.0	0.0	0.0	0.0	2.0	0.0	0.0	20.0	24.0	25.0	1.0	1.0	0.0	0.0	0.0	0.0	0.0	36.0	128.0	4.0	0.0	0.0	0.0	0.0	0.0	0.0	0.0	0.0	0.0	0.0	0.0	2.0	0.0	0.0	123.0	116.0	52.0	33.0	57.0	73.0	80.0	85.0	84.0	85.0	60.0	115.0	131.0	28.0	0.0	0.0	0.0	0.0	0.0	0.0	0.0	0.0	0.0	2.0	0.0	0.0	26.0	102.0	49.0	71.0	122.0	89.0	17.0	0.0	0.0	0.0	0.0	0.0	4.0	79.0	92.0	0.0	0.0	0.0	0.0	0.0	2.0	1.0	0.0	5.0	0.0	0.0	4.0	55.0	60.0	9.0	0.0	0.0	0.0	45.0	106.0	79.0	0.0	2.0	75.0	83.0	72.0	116.0	114.0	1.0	0.0	0.0	0.0	0.0	1.0	1.0	5.0	0.0	4.0	67.0	91.0	22.0	0.0	0.0	2.0	1.0	0.0	0.0	0.0	56.0	48.0	100.0	42.0	4.0	0.0	48.0	115.0	0.0	0.0	0.0	0.0	0.0	1.0	0.0	0.0	49.0	102.0	48.0	0.0	0.0	2.0	0.0	0.0	0.0	1.0	4.0	0.0	0.0	162.0	14.0	0.0	0.0	0.0	42.0	120.0	0.0	0.0	0.0	1.0	1.0	0.0	1.0	91.0	76.0	0.0	0.0	5.0	1.0	0.0	0.0	1.0	1.0	1.0	2.0	0.0	65.0	110.0	60.0	0.0	5.0	0.0	34.0	131.0	18.0	0.0	0.0	1.0	0.0	5.0	130.0	38.0	0.0	0.0	2.0	0.0	0.0	0.0	0.0	0.0	0.0	0.0	0.0	0.0	114.0	21.0	124.0	0.0	0.0	0.0	67.0	126.0	53.0	4.0	5.0	4.0	0.0	104.0	104.0	0.0	5.0	4.0	1.0	2.0	2.0	1.0	1.0	1.0	0.0	0.0	0.0	4.0	120.0	88.0	135.0	0.0	0.0	52.0	127.0	107.0	85.0	0.0	0.0	0.0	0.0	38.0	16.0	0.0	0.0	0.0	0.0	0.0	0.0	0.0	0.0	0.0	0.0	0.0	0.0	0.0	48.0	114.0	0.0	0.0	1.0	100.0	61.0	85.0	52.0	93.0	143.0	139.0	115.0	142.0	130.0	108.0	119.0	114.0	122.0	142.0	170.0	186.0	206.0	161.0	169.0	179.0	248.0	255.0	212.0	222.0	195.0	208.0	182.0	153.0	162.0	182.0	0.0	38.0	89.0	104.0	126.0	135.0	139.0	148.0	154.0	148.0	147.0	142.0	127.0	114.0	104.0	95.0	81.0	44.0	30.0	33.0	18.0	181.0	217.0	210.0	213.0	214.0	212.0	107.0	0.0	0.0	0.0	0.0	0.0	0.0	0.0	0.0	0.0	0.0	0.0	0.0	0.0	0.0	0.0	0.0	0.0	0.0	0.0	0.0	0.0	0.0	0.0	0.0	0.0	0.0	0.0	0.0	0.0	0.0	0.0	0.0	0.0	0.0	0.0	0.0	0.0	0.0	0.0	0.0	0.0	0.0	0.0	0.0	0.0	0.0	0.0	0.0	0.0	0.0	0.0	0.0	0.0	0.0	0.0	0.0	0.0	0.0	0.0	0.0	0.0	0.0	0.0	0.0	0.0	0.0	0.0	0.0	0.0	0.0	0.0	0.0	0.0	0.0	0.0	0.0	0.0	0.0	0.0	0.0	0.0	0.0	0.0	0.0	0.0	0.0	0.0	0.0	0.0	0.0	0.0	0.0	0.0	0.0	0.0	0.0	0.0	0.0	0.0	0.0	0.0	0.0	0.0	0.0	0.0	0.0	0.0	0.0	0.0	0.0	0.0	0.0	0.0	0.0	0.0	0.0	0.0	0.0	0.0	0.0	0.0	0.0	0.0	0.0	0.0	0.0	0.0	0.0	0.0	0.0	0.0	0.0	0.0	0.0	0.0	0.0	0.0	0.0	0.0	0.0	0.0	0.0	0.0	0.0	0.0	0.0	0.0	0.0	0.0	0.0	0.0	0.0	0.0	0.0	0.0	0.0	0.0	0.0	0.0	0.0	0.0	0.0	0.0	0.0	0.0	0.0	0.0	0.0	0.0	0.0	0.0	0.0	0.0	0.0	0.0	0.0	0.0	0.0	0.0	0.0	0.0	0.0	0.0	0.0	0.0	0.0	0.0	0.0	0.0	0.0	0.0	0.0	0.0	0.0	0.0	0.0	0.0	0.0	0.0	0.0	0.0	0.0	0.0	0.0	0.0	0.0	0.0	0.0	0.0	0.0	0.0	0.0	0.0	0.0	0.0	0.0	0.0	0.0	0.0	0.0	0.0	0.0	0.0	0.0	0.0
0.0	0.0	0.0	0.0	0.0	0.0	0.0	2.0	0.0	0.0	0.0	26.0	83.0	58.0	71.0	83.0	0.0	0.0	1.0	0.0	0.0	0.0	0.0	0.0	0.0	0.0	0.0	0.0	0.0	0.0	0.0	0.0	0.0	0.0	0.0	0.0	0.0	0.0	20.0	132.0	151.0	133.0	148.0	159.0	63.0	0.0	0.0	0.0	1.0	0.0	0.0	0.0	0.0	0.0	0.0	0.0	0.0	0.0	0.0	0.0	0.0	0.0	0.0	0.0	0.0	45.0	93.0	130.0	164.0	165.0	161.0	137.0	81.0	68.0	0.0	0.0	0.0	0.0	0.0	0.0	0.0	0.0	0.0	0.0	0.0	0.0	0.0	0.0	0.0	0.0	0.0	48.0	102.0	119.0	47.0	170.0	247.0	231.0	229.0	201.0	61.0	100.0	103.0	81.0	21.0	0.0	0.0	0.0	0.0	0.0	0.0	0.0	0.0	0.0	0.0	0.0	0.0	0.0	73.0	120.0	93.0	86.0	42.0	125.0	217.0	221.0	235.0	209.0	22.0	59.0	79.0	90.0	113.0	34.0	0.0	0.0	0.0	0.0	0.0	0.0	0.0	0.0	0.0	0.0	0.0	10.0	119.0	82.0	77.0	80.0	65.0	110.0	189.0	157.0	178.0	87.0	137.0	114.0	81.0	71.0	82.0	90.0	0.0	0.0	0.0	0.0	0.0	0.0	0.0	0.0	0.0	0.0	0.0	33.0	108.0	77.0	96.0	115.0	177.0	101.0	141.0	255.0	149.0	16.0	95.0	149.0	111.0	75.0	71.0	93.0	11.0	0.0	0.0	0.0	0.0	0.0	0.0	0.0	0.0	0.0	0.0	61.0	101.0	79.0	76.0	68.0	49.0	27.0	6.0	212.0	121.0	35.0	49.0	46.0	65.0	79.0	57.0	98.0	29.0	0.0	0.0	0.0	0.0	0.0	0.0	0.0	0.0	0.0	0.0	78.0	83.0	88.0	77.0	65.0	108.0	99.0	51.0	37.0	75.0	57.0	82.0	94.0	74.0	80.0	53.0	92.0	47.0	0.0	0.0	0.0	0.0	0.0	0.0	0.0	0.0	0.0	0.0	89.0	80.0	99.0	75.0	56.0	87.0	148.0	137.0	167.0	112.0	93.0	142.0	65.0	80.0	112.0	46.0	85.0	63.0	0.0	0.0	0.0	0.0	0.0	0.0	0.0	0.0	0.0	0.0	99.0	74.0	122.0	130.0	107.0	90.0	58.0	81.0	115.0	160.0	187.0	116.0	38.0	156.0	156.0	39.0	82.0	71.0	0.0	0.0	0.0	0.0	0.0	0.0	0.0	0.0	0.0	0.0	98.0	94.0	106.0	141.0	75.0	141.0	92.0	50.0	63.0	75.0	141.0	101.0	59.0	164.0	175.0	35.0	71.0	82.0	0.0	0.0	0.0	0.0	0.0	0.0	0.0	0.0	0.0	0.0	98.0	111.0	95.0	139.0	55.0	64.0	159.0	115.0	52.0	78.0	76.0	56.0	57.0	147.0	180.0	43.0	63.0	89.0	0.0	0.0	0.0	0.0	0.0	0.0	0.0	0.0	0.0	4.0	96.0	114.0	103.0	228.0	57.0	58.0	66.0	158.0	99.0	63.0	131.0	68.0	43.0	133.0	196.0	61.0	57.0	93.0	0.0	0.0	0.0	0.0	0.0	0.0	0.0	0.0	0.0	17.0	95.0	120.0	129.0	189.0	63.0	93.0	77.0	69.0	87.0	73.0	146.0	74.0	66.0	52.0	194.0	106.0	46.0	95.0	10.0	0.0	0.0	0.0	0.0	0.0	0.0	0.0	0.0	28.0	92.0	128.0	130.0	94.0	77.0	85.0	74.0	86.0	79.0	71.0	130.0	77.0	69.0	45.0	134.0	149.0	34.0	95.0	24.0	0.0	0.0	0.0	0.0	0.0	0.0	0.0	0.0	41.0	87.0	138.0	115.0	63.0	78.0	103.0	85.0	87.0	74.0	80.0	115.0	87.0	71.0	59.0	108.0	181.0	32.0	97.0	34.0	0.0	0.0	0.0	0.0	0.0	0.0	0.0	0.0	50.0	84.0	139.0	129.0	94.0	132.0	82.0	89.0	80.0	66.0	90.0	132.0	51.0	85.0	117.0	125.0	192.0	40.0	96.0	40.0	0.0	0.0	0.0	0.0	0.0	0.0	0.0	0.0	63.0	82.0	117.0	181.0	97.0	81.0	87.0	94.0	89.0	77.0	96.0	132.0	60.0	58.0	56.0	117.0	209.0	53.0	87.0	47.0	0.0	0.0	0.0	0.0	0.0	0.0	0.0	0.0	74.0	85.0	110.0	164.0	57.0	89.0	76.0	79.0	79.0	101.0	95.0	119.0	73.0	76.0	60.0	63.0	226.0	74.0	87.0	55.0	0.0	0.0	0.0	0.0	0.0	0.0	0.0	0.0	79.0	89.0	103.0	148.0	60.0	86.0	84.0	79.0	95.0	98.0	100.0	122.0	74.0	78.0	71.0	56.0	213.0	81.0	79.0	56.0	0.0	0.0	0.0	0.0	0.0	0.0	0.0	0.0	89.0	87.0	90.0	202.0	73.0	83.0	84.0	96.0	100.0	85.0	108.0	132.0	81.0	79.0	76.0	64.0	207.0	89.0	94.0	53.0	0.0	0.0	0.0	0.0	0.0	0.0	0.0	0.0	92.0	117.0	92.0	173.0	80.0	118.0	100.0	102.0	134.0	138.0	125.0	148.0	102.0	86.0	119.0	69.0	157.0	107.0	132.0	57.0	0.0	0.0	0.0	0.0	0.0	0.0	0.0	0.0	95.0	124.0	100.0	144.0	62.0	101.0	66.0	70.0	81.0	90.0	89.0	90.0	78.0	71.0	112.0	80.0	171.0	124.0	124.0	62.0	0.0	0.0	0.0	0.0	0.0	0.0	0.0	0.0	88.0	132.0	118.0	131.0	111.0	142.0	134.0	151.0	164.0	174.0	137.0	168.0	154.0	121.0	116.0	76.0	175.0	132.0	135.0	64.0	0.0	0.0	0.0	0.0	0.0	0.0	0.0	0.0	76.0	139.0	137.0	81.0	0.0	16.0	33.0	42.0	43.0	53.0	55.0	48.0	37.0	16.0	0.0	0.0	187.0	131.0	128.0	65.0	0.0	0.0	0.0	0.0	0.0	0.0	0.0	0.0	84.0	140.0	131.0	120.0	0.0	0.0	0.0	0.0	0.0	0.0	0.0	0.0	0.0	0.0	0.0	0.0	193.0	126.0	142.0	92.0	0.0	0.0	0.0	0.0	0.0	0.0	0.0	0.0	83.0	81.0	110.0	98.0	0.0	1.0	1.0	1.0	2.0	2.0	0.0	0.0	1.0	1.0	0.0	0.0	99.0	71.0	59.0	40.0	0.0	0.0	0.0	0.0
0.0	0.0	0.0	0.0	0.0	0.0	0.0	0.0	89.0	0.0	0.0	0.0	0.0	5.0	5.0	5.0	0.0	0.0	0.0	22.0	62.0	0.0	0.0	2.0	0.0	0.0	0.0	0.0	0.0	0.0	0.0	0.0	2.0	0.0	7.0	195.0	228.0	200.0	77.0	0.0	0.0	0.0	0.0	0.0	0.0	0.0	80.0	206.0	224.0	148.0	0.0	0.0	2.0	0.0	0.0	0.0	0.0	0.0	0.0	0.0	0.0	0.0	158.0	232.0	206.0	215.0	235.0	240.0	161.0	109.0	98.0	98.0	142.0	221.0	229.0	213.0	205.0	237.0	138.0	0.0	0.0	0.0	0.0	0.0	0.0	0.0	0.0	0.0	0.0	0.0	203.0	220.0	216.0	216.0	211.0	220.0	230.0	236.0	238.0	237.0	229.0	221.0	210.0	215.0	213.0	219.0	195.0	0.0	0.0	0.0	0.0	0.0	0.0	0.0	0.0	0.0	0.0	5.0	220.0	219.0	216.0	217.0	218.0	212.0	211.0	209.0	209.0	209.0	212.0	211.0	215.0	215.0	213.0	217.0	211.0	0.0	0.0	0.0	0.0	0.0	0.0	0.0	0.0	0.0	0.0	48.0	232.0	218.0	218.0	216.0	215.0	214.0	216.0	214.0	215.0	218.0	216.0	215.0	214.0	215.0	215.0	210.0	226.0	23.0	0.0	0.0	0.0	0.0	0.0	0.0	0.0	0.0	0.0	116.0	236.0	220.0	221.0	214.0	215.0	213.0	213.0	214.0	214.0	214.0	216.0	213.0	214.0	213.0	212.0	212.0	233.0	64.0	0.0	0.0	0.0	0.0	0.0	0.0	0.0	0.0	0.0	156.0	234.0	223.0	212.0	216.0	221.0	219.0	217.0	215.0	218.0	218.0	218.0	219.0	220.0	220.0	225.0	216.0	236.0	121.0	0.0	0.0	0.0	0.0	0.0	0.0	0.0	0.0	0.0	199.0	231.0	233.0	253.0	225.0	224.0	222.0	219.0	217.0	219.0	220.0	220.0	227.0	222.0	218.0	254.0	228.0	234.0	168.0	0.0	0.0	0.0	0.0	0.0	0.0	0.0	0.0	0.0	193.0	233.0	236.0	93.0	231.0	227.0	219.0	220.0	220.0	218.0	219.0	220.0	223.0	213.0	239.0	138.0	225.0	233.0	209.0	0.0	0.0	0.0	0.0	0.0	0.0	0.0	0.0	0.0	206.0	237.0	253.0	0.0	211.0	241.0	216.0	220.0	219.0	219.0	219.0	220.0	223.0	210.0	254.0	3.0	220.0	243.0	205.0	0.0	0.0	0.0	0.0	0.0	0.0	0.0	0.0	0.0	216.0	244.0	224.0	0.0	201.0	249.0	214.0	220.0	219.0	219.0	219.0	220.0	221.0	211.0	255.0	0.0	166.0	245.0	224.0	22.0	0.0	0.0	0.0	0.0	0.0	0.0	0.0	35.0	224.0	250.0	158.0	0.0	185.0	233.0	218.0	220.0	218.0	218.0	219.0	219.0	222.0	214.0	255.0	0.0	92.0	253.0	226.0	75.0	0.0	0.0	0.0	0.0	0.0	0.0	0.0	63.0	227.0	252.0	90.0	0.0	211.0	231.0	218.0	219.0	218.0	219.0	219.0	219.0	223.0	216.0	254.0	0.0	38.0	250.0	229.0	94.0	0.0	0.0	0.0	0.0	0.0	0.0	0.0	88.0	230.0	249.0	56.0	0.0	242.0	226.0	217.0	219.0	218.0	219.0	219.0	218.0	222.0	218.0	255.0	0.0	25.0	248.0	232.0	107.0	0.0	0.0	0.0	0.0	0.0	0.0	0.0	120.0	232.0	250.0	25.0	0.0	255.0	220.0	220.0	219.0	218.0	219.0	219.0	219.0	220.0	215.0	255.0	0.0	9.0	246.0	235.0	130.0	0.0	0.0	0.0	0.0	0.0	0.0	0.0	134.0	232.0	250.0	0.0	41.0	255.0	216.0	220.0	219.0	218.0	219.0	219.0	219.0	221.0	216.0	254.0	54.0	0.0	255.0	237.0	133.0	0.0	0.0	0.0	0.0	0.0	0.0	0.0	134.0	235.0	255.0	0.0	135.0	254.0	217.0	219.0	219.0	219.0	219.0	219.0	220.0	219.0	218.0	252.0	147.0	0.0	255.0	238.0	133.0	0.0	0.0	0.0	0.0	0.0	0.0	0.0	132.0	238.0	255.0	0.0	190.0	249.0	216.0	220.0	220.0	220.0	221.0	221.0	222.0	220.0	213.0	238.0	207.0	0.0	255.0	241.0	134.0	0.0	0.0	0.0	0.0	0.0	0.0	0.0	128.0	238.0	255.0	0.0	223.0	236.0	219.0	220.0	220.0	221.0	222.0	222.0	222.0	222.0	219.0	229.0	240.0	0.0	254.0	241.0	136.0	0.0	0.0	0.0	0.0	0.0	0.0	0.0	110.0	241.0	255.0	14.0	234.0	229.0	220.0	221.0	221.0	221.0	221.0	221.0	221.0	221.0	222.0	222.0	252.0	0.0	249.0	244.0	135.0	0.0	0.0	0.0	0.0	0.0	0.0	0.0	101.0	242.0	254.0	8.0	246.0	225.0	220.0	221.0	221.0	221.0	221.0	221.0	221.0	220.0	221.0	223.0	252.0	0.0	240.0	244.0	125.0	0.0	0.0	0.0	0.0	0.0	0.0	0.0	97.0	244.0	248.0	0.0	253.0	223.0	222.0	222.0	222.0	222.0	223.0	222.0	223.0	221.0	222.0	224.0	253.0	0.0	236.0	248.0	117.0	0.0	0.0	0.0	0.0	0.0	0.0	0.0	87.0	244.0	247.0	0.0	253.0	217.0	218.0	217.0	218.0	218.0	217.0	217.0	217.0	218.0	218.0	218.0	253.0	0.0	225.0	248.0	107.0	0.0	0.0	0.0	0.0	0.0	0.0	0.0	79.0	243.0	214.0	0.0	255.0	230.0	227.0	227.0	227.0	227.0	227.0	227.0	227.0	228.0	227.0	228.0	255.0	0.0	219.0	246.0	103.0	0.0	0.0	0.0	0.0	0.0	0.0	0.0	68.0	239.0	214.0	0.0	56.0	52.0	45.0	43.0	44.0	44.0	45.0	44.0	45.0	41.0	39.0	42.0	47.0	0.0	196.0	242.0	98.0	0.0	0.0	0.0	0.0	0.0	0.0	0.0	67.0	244.0	223.0	0.0	0.0	0.0	0.0	0.0	0.0	0.0	0.0	0.0	0.0	0.0	0.0	0.0	0.0	0.0	210.0	253.0	119.0	0.0	0.0	0.0	0.0	0.0	0.0	0.0	30.0	197.0	174.0	0.0	0.0	4.0	4.0	4.0	4.0	4.0	5.0	5.0	4.0	5.0	4.0	2.0	0.0	0.0	140.0	175.0	61.0	0.0	0.0	0.0
0.0	0.0	0.0	0.0	0.0	0.0	0.0	0.0	0.0	0.0	0.0	1.0	0.0	108.0	129.0	126.0	132.0	122.0	75.0	0.0	0.0	1.0	1.0	1.0	0.0	0.0	0.0	0.0	0.0	0.0	0.0	0.0	0.0	0.0	0.0	0.0	0.0	0.0	3.0	0.0	31.0	238.0	200.0	204.0	204.0	225.0	244.0	0.0	0.0	1.0	1.0	3.0	6.0	6.0	0.0	0.0	0.0	0.0	0.0	0.0	0.0	0.0	0.0	0.0	0.0	0.0	6.0	0.0	44.0	172.0	177.0	179.0	170.0	200.0	212.0	45.0	0.0	0.0	0.0	0.0	0.0	0.0	0.0	0.0	0.0	0.0	0.0	0.0	0.0	0.0	0.0	0.0	0.0	1.0	3.0	0.0	103.0	177.0	185.0	196.0	187.0	199.0	209.0	251.0	146.0	174.0	170.0	144.0	128.0	72.0	0.0	0.0	0.0	0.0	0.0	0.0	0.0	0.0	0.0	0.0	0.0	1.0	1.0	0.0	129.0	169.0	172.0	185.0	181.0	232.0	216.0	212.0	205.0	205.0	199.0	195.0	222.0	150.0	0.0	0.0	0.0	0.0	0.0	0.0	0.0	0.0	0.0	0.0	0.0	0.0	0.0	0.0	144.0	173.0	168.0	183.0	188.0	218.0	210.0	208.0	186.0	182.0	192.0	181.0	198.0	69.0	0.0	0.0	0.0	0.0	0.0	0.0	0.0	0.0	0.0	0.0	0.0	2.0	0.0	5.0	176.0	183.0	194.0	194.0	195.0	227.0	205.0	235.0	200.0	182.0	196.0	194.0	198.0	120.0	0.0	0.0	0.0	0.0	0.0	0.0	0.0	0.0	0.0	0.0	0.0	5.0	0.0	27.0	191.0	181.0	198.0	201.0	199.0	229.0	207.0	208.0	205.0	191.0	209.0	200.0	190.0	115.0	0.0	0.0	0.0	0.0	0.0	0.0	0.0	0.0	0.0	0.0	0.0	2.0	0.0	71.0	201.0	159.0	173.0	191.0	195.0	235.0	199.0	185.0	213.0	194.0	186.0	174.0	186.0	112.0	0.0	0.0	0.0	0.0	0.0	0.0	0.0	0.0	0.0	0.0	0.0	2.0	0.0	110.0	177.0	160.0	170.0	181.0	195.0	231.0	199.0	186.0	200.0	196.0	182.0	187.0	186.0	186.0	14.0	0.0	0.0	0.0	0.0	0.0	0.0	0.0	0.0	0.0	0.0	0.0	0.0	146.0	170.0	176.0	183.0	187.0	194.0	232.0	201.0	205.0	199.0	204.0	183.0	183.0	181.0	210.0	27.0	0.0	0.0	0.0	0.0	0.0	0.0	0.0	0.0	0.0	1.0	0.0	12.0	183.0	168.0	174.0	179.0	187.0	192.0	230.0	196.0	203.0	212.0	208.0	179.0	176.0	172.0	200.0	29.0	0.0	0.0	1.0	0.0	0.0	0.0	0.0	0.0	0.0	2.0	0.0	55.0	188.0	174.0	185.0	185.0	188.0	199.0	221.0	192.0	199.0	218.0	207.0	172.0	183.0	169.0	205.0	81.0	0.0	0.0	1.0	0.0	0.0	0.0	0.0	0.0	0.0	1.0	0.0	120.0	174.0	179.0	179.0	177.0	188.0	203.0	231.0	191.0	205.0	210.0	222.0	169.0	192.0	178.0	201.0	81.0	0.0	0.0	0.0	0.0	0.0	1.0	0.0	1.0	1.0	0.0	0.0	176.0	179.0	179.0	173.0	168.0	182.0	196.0	218.0	204.0	212.0	208.0	236.0	178.0	191.0	181.0	200.0	84.0	0.0	0.0	0.0	1.0	0.0	1.0	0.0	1.0	3.0	0.0	50.0	188.0	164.0	183.0	191.0	174.0	183.0	188.0	222.0	208.0	214.0	200.0	229.0	196.0	185.0	178.0	221.0	76.0	0.0	0.0	1.0	1.0	0.0	0.0	1.0	0.0	3.0	0.0	102.0	173.0	168.0	188.0	186.0	174.0	182.0	183.0	222.0	199.0	217.0	214.0	188.0	179.0	191.0	207.0	232.0	7.0	0.0	0.0	1.0	1.0	0.0	0.0	1.0	0.0	2.0	0.0	147.0	173.0	172.0	179.0	177.0	182.0	178.0	183.0	236.0	203.0	221.0	203.0	212.0	244.0	212.0	207.0	160.0	0.0	0.0	0.0	0.0	0.0	0.0	0.0	1.0	3.0	0.0	15.0	173.0	164.0	163.0	163.0	168.0	177.0	172.0	200.0	217.0	213.0	230.0	203.0	222.0	155.0	198.0	226.0	93.0	0.0	0.0	0.0	0.0	0.0	1.0	0.0	1.0	3.0	0.0	68.0	192.0	166.0	159.0	178.0	176.0	177.0	183.0	190.0	226.0	220.0	222.0	174.0	46.0	0.0	166.0	230.0	5.0	0.0	0.0	0.0	1.0	0.0	3.0	1.0	7.0	3.0	0.0	144.0	173.0	159.0	169.0	185.0	192.0	169.0	198.0	195.0	255.0	209.0	217.0	168.0	0.0	0.0	178.0	210.0	0.0	0.0	0.0	0.0	0.0	1.0	1.0	1.0	1.0	0.0	50.0	168.0	159.0	165.0	170.0	205.0	209.0	174.0	196.0	235.0	218.0	181.0	223.0	84.0	0.0	0.0	192.0	182.0	0.0	0.0	0.0	0.0	2.0	2.0	0.0	0.0	0.0	40.0	144.0	147.0	155.0	159.0	165.0	183.0	185.0	185.0	214.0	238.0	40.0	163.0	210.0	46.0	0.0	0.0	207.0	150.0	0.0	0.0	0.0	0.0	5.0	3.0	0.0	5.0	108.0	148.0	155.0	152.0	146.0	139.0	148.0	172.0	182.0	192.0	223.0	157.0	0.0	185.0	178.0	0.0	0.0	0.0	214.0	126.0	0.0	2.0	0.0	0.0	0.0	0.0	0.0	27.0	181.0	138.0	137.0	148.0	159.0	147.0	163.0	183.0	187.0	196.0	244.0	64.0	12.0	182.0	147.0	0.0	0.0	0.0	210.0	108.0	0.0	2.0	0.0	0.0	0.0	15.0	0.0	47.0	157.0	151.0	154.0	157.0	164.0	151.0	161.0	176.0	194.0	231.0	28.0	0.0	53.0	196.0	25.0	0.0	0.0	0.0	217.0	99.0	0.0	6.0	0.0	0.0	106.0	178.0	176.0	191.0	199.0	196.0	225.0	212.0	205.0	204.0	216.0	221.0	225.0	53.0	0.0	0.0	49.0	102.0	0.0	2.0	0.0	0.0	227.0	88.0	0.0	5.0	0.0	0.0	0.0	0.0	1.0	31.0	47.0	60.0	80.0	103.0	132.0	143.0	126.0	84.0	1.0	0.0	0.0	1.0	0.0	0.0	2.0	2.0	0.0	0.0	159.0	34.0	0.0	2.0	0.0
0.0	0.0	0.0	0.0	0.0	0.0	0.0	0.0	0.0	0.0	72.0	88.0	107.0	77.0	64.0	82.0	57.0	42.0	55.0	12.0	0.0	0.0	0.0	0.0	0.0	0.0	0.0	0.0	0.0	0.0	0.0	0.0	0.0	0.0	0.0	0.0	0.0	0.0	135.0	191.0	225.0	193.0	165.0	194.0	112.0	90.0	88.0	24.0	0.0	0.0	0.0	0.0	0.0	0.0	0.0	0.0	0.0	0.0	0.0	0.0	0.0	0.0	0.0	0.0	0.0	0.0	172.0	157.0	170.0	185.0	124.0	140.0	130.0	108.0	57.0	16.0	0.0	0.0	0.0	0.0	0.0	0.0	0.0	0.0	0.0	0.0	0.0	0.0	0.0	0.0	0.0	0.0	0.0	52.0	211.0	162.0	182.0	209.0	120.0	138.0	172.0	150.0	119.0	38.0	0.0	0.0	0.0	0.0	0.0	0.0	0.0	0.0	0.0	0.0	0.0	0.0	0.0	0.0	0.0	0.0	0.0	81.0	188.0	124.0	144.0	199.0	136.0	155.0	164.0	123.0	125.0	60.0	0.0	0.0	0.0	0.0	0.0	0.0	0.0	0.0	0.0	0.0	0.0	0.0	0.0	0.0	0.0	0.0	0.0	117.0	172.0	148.0	169.0	184.0	189.0	181.0	148.0	115.0	130.0	75.0	0.0	0.0	0.0	0.0	0.0	0.0	0.0	0.0	0.0	0.0	0.0	0.0	0.0	0.0	0.0	0.0	0.0	106.0	147.0	100.0	144.0	162.0	183.0	172.0	146.0	108.0	98.0	74.0	0.0	0.0	0.0	0.0	0.0	0.0	0.0	0.0	0.0	0.0	0.0	0.0	0.0	0.0	0.0	0.0	0.0	98.0	154.0	100.0	113.0	187.0	235.0	225.0	134.0	117.0	112.0	71.0	0.0	0.0	0.0	0.0	0.0	0.0	0.0	0.0	0.0	0.0	0.0	0.0	0.0	0.0	0.0	0.0	0.0	102.0	155.0	97.0	100.0	115.0	36.0	238.0	126.0	108.0	111.0	58.0	0.0	0.0	0.0	0.0	0.0	0.0	0.0	0.0	0.0	0.0	0.0	0.0	0.0	0.0	0.0	0.0	0.0	104.0	159.0	96.0	120.0	93.0	0.0	255.0	121.0	98.0	111.0	44.0	0.0	0.0	0.0	0.0	0.0	0.0	0.0	0.0	0.0	0.0	0.0	0.0	0.0	0.0	0.0	0.0	0.0	86.0	162.0	100.0	134.0	85.0	0.0	244.0	143.0	104.0	108.0	35.0	0.0	0.0	0.0	0.0	0.0	0.0	0.0	0.0	0.0	0.0	0.0	0.0	0.0	0.0	0.0	0.0	0.0	84.0	185.0	102.0	137.0	65.0	0.0	224.0	157.0	109.0	115.0	30.0	0.0	0.0	0.0	0.0	0.0	0.0	0.0	0.0	0.0	0.0	0.0	0.0	0.0	0.0	0.0	0.0	0.0	70.0	189.0	106.0	139.0	44.0	0.0	192.0	156.0	107.0	121.0	13.0	0.0	0.0	0.0	0.0	0.0	0.0	0.0	0.0	0.0	0.0	0.0	0.0	0.0	0.0	0.0	0.0	0.0	60.0	194.0	111.0	143.0	43.0	0.0	167.0	159.0	104.0	124.0	0.0	0.0	0.0	0.0	0.0	0.0	0.0	0.0	0.0	0.0	0.0	0.0	0.0	0.0	0.0	0.0	0.0	0.0	54.0	199.0	129.0	138.0	39.0	0.0	138.0	164.0	97.0	127.0	0.0	0.0	0.0	0.0	0.0	0.0	0.0	0.0	0.0	0.0	0.0	0.0	0.0	0.0	0.0	0.0	0.0	0.0	35.0	196.0	128.0	136.0	26.0	0.0	120.0	169.0	96.0	119.0	0.0	0.0	0.0	0.0	0.0	0.0	0.0	0.0	0.0	0.0	0.0	0.0	0.0	0.0	0.0	0.0	0.0	0.0	18.0	221.0	136.0	135.0	18.0	0.0	103.0	177.0	109.0	115.0	0.0	0.0	0.0	0.0	0.0	0.0	0.0	0.0	0.0	0.0	0.0	0.0	0.0	0.0	0.0	0.0	0.0	0.0	2.0	197.0	150.0	141.0	7.0	0.0	96.0	195.0	121.0	111.0	0.0	0.0	0.0	0.0	0.0	0.0	0.0	0.0	0.0	0.0	0.0	0.0	0.0	0.0	0.0	0.0	0.0	0.0	0.0	198.0	154.0	143.0	0.0	0.0	77.0	201.0	144.0	108.0	0.0	0.0	0.0	0.0	0.0	0.0	0.0	0.0	0.0	0.0	0.0	0.0	0.0	0.0	0.0	0.0	0.0	0.0	0.0	176.0	165.0	154.0	0.0	0.0	51.0	206.0	158.0	112.0	0.0	0.0	0.0	0.0	0.0	0.0	0.0	0.0	0.0	0.0	0.0	0.0	0.0	0.0	0.0	0.0	0.0	0.0	0.0	176.0	158.0	157.0	0.0	0.0	35.0	198.0	156.0	110.0	0.0	0.0	0.0	0.0	0.0	0.0	0.0	0.0	0.0	0.0	0.0	0.0	0.0	0.0	0.0	0.0	0.0	0.0	0.0	176.0	166.0	149.0	0.0	0.0	26.0	197.0	162.0	96.0	0.0	0.0	0.0	0.0	0.0	0.0	0.0	0.0	0.0	0.0	0.0	0.0	0.0	0.0	0.0	0.0	0.0	0.0	0.0	176.0	166.0	151.0	0.0	0.0	30.0	197.0	169.0	82.0	0.0	0.0	0.0	0.0	0.0	0.0	0.0	0.0	0.0	0.0	0.0	0.0	0.0	0.0	0.0	0.0	0.0	0.0	0.0	176.0	168.0	155.0	0.0	0.0	29.0	198.0	169.0	75.0	0.0	0.0	0.0	0.0	0.0	0.0	0.0	0.0	0.0	0.0	0.0	0.0	0.0	0.0	0.0	0.0	0.0	0.0	0.0	173.0	172.0	159.0	0.0	0.0	32.0	198.0	171.0	74.0	0.0	0.0	0.0	0.0	0.0	0.0	0.0	0.0	0.0	0.0	0.0	0.0	0.0	0.0	0.0	0.0	0.0	0.0	0.0	164.0	174.0	157.0	0.0	0.0	41.0	197.0	170.0	67.0	0.0	0.0	0.0	0.0	0.0	0.0	0.0	0.0	0.0	0.0	0.0	0.0	0.0	0.0	0.0	0.0	0.0	0.0	0.0	174.0	187.0	167.0	0.0	0.0	49.0	210.0	174.0	75.0	0.0	0.0	0.0	0.0	0.0	0.0	0.0	0.0	0.0	0.0	0.0	0.0	0.0	0.0	0.0	0.0	0.0	0.0	0.0	82.0	104.0	62.0	0.0	0.0	4.0	120.0	107.0	24.0	0.0	0.0	0.0	0.0	0.0	0.0	0.0	0.0	0.0
0.0	0.0	0.0	0.0	0.0	0.0	0.0	0.0	0.0	0.0	0.0	0.0	0.0	0.0	0.0	0.0	0.0	0.0	0.0	0.0	0.0	0.0	0.0	0.0	0.0	0.0	0.0	0.0	0.0	0.0	0.0	0.0	0.0	0.0	0.0	0.0	0.0	0.0	0.0	0.0	0.0	0.0	0.0	0.0	0.0	0.0	0.0	0.0	0.0	0.0	0.0	0.0	0.0	0.0	0.0	0.0	0.0	0.0	0.0	0.0	0.0	0.0	0.0	0.0	0.0	0.0	0.0	0.0	0.0	0.0	0.0	0.0	0.0	0.0	0.0	0.0	0.0	0.0	0.0	0.0	0.0	0.0	0.0	0.0	0.0	0.0	0.0	0.0	0.0	0.0	0.0	0.0	0.0	0.0	0.0	0.0	0.0	0.0	0.0	0.0	0.0	0.0	0.0	0.0	0.0	0.0	0.0	0.0	0.0	0.0	0.0	0.0	0.0	0.0	0.0	0.0	0.0	0.0	0.0	0.0	0.0	0.0	0.0	0.0	0.0	0.0	0.0	0.0	0.0	0.0	0.0	0.0	0.0	0.0	0.0	0.0	0.0	0.0	0.0	0.0	0.0	0.0	0.0	0.0	0.0	0.0	0.0	0.0	0.0	0.0	0.0	0.0	0.0	0.0	0.0	0.0	0.0	0.0	0.0	0.0	0.0	0.0	0.0	0.0	0.0	0.0	0.0	0.0	0.0	0.0	0.0	0.0	0.0	0.0	0.0	0.0	0.0	0.0	0.0	0.0	0.0	0.0	0.0	0.0	0.0	0.0	0.0	0.0	0.0	0.0	0.0	0.0	0.0	0.0	0.0	0.0	0.0	0.0	0.0	0.0	0.0	0.0	0.0	0.0	0.0	0.0	0.0	0.0	0.0	0.0	0.0	0.0	0.0	0.0	0.0	0.0	0.0	0.0	0.0	0.0	0.0	0.0	0.0	0.0	0.0	0.0	0.0	0.0	0.0	0.0	0.0	0.0	0.0	0.0	0.0	0.0	0.0	0.0	0.0	0.0	0.0	0.0	0.0	0.0	0.0	0.0	0.0	0.0	0.0	0.0	0.0	0.0	0.0	0.0	0.0	0.0	0.0	0.0	0.0	0.0	0.0	0.0	0.0	1.0	0.0	0.0	0.0	0.0	0.0	17.0	93.0	0.0	0.0	0.0	2.0	1.0	0.0	3.0	0.0	0.0	0.0	0.0	0.0	0.0	0.0	0.0	0.0	1.0	3.0	0.0	0.0	0.0	0.0	0.0	0.0	102.0	100.0	170.0	246.0	0.0	0.0	1.0	1.0	1.0	2.0	0.0	3.0	0.0	0.0	0.0	0.0	0.0	0.0	0.0	0.0	0.0	0.0	0.0	0.0	2.0	87.0	150.0	184.0	180.0	181.0	139.0	139.0	1.0	0.0	0.0	0.0	0.0	0.0	95.0	107.0	0.0	0.0	0.0	1.0	5.0	1.0	0.0	0.0	0.0	2.0	80.0	155.0	191.0	168.0	161.0	144.0	125.0	133.0	173.0	198.0	178.0	60.0	0.0	0.0	0.0	0.0	185.0	165.0	0.0	0.0	0.0	0.0	0.0	0.0	0.0	47.0	177.0	185.0	178.0	168.0	153.0	128.0	163.0	197.0	209.0	213.0	216.0	212.0	227.0	235.0	233.0	172.0	150.0	188.0	208.0	192.0	20.0	0.0	0.0	2.0	45.0	96.0	120.0	166.0	163.0	158.0	112.0	134.0	143.0	192.0	157.0	111.0	198.0	217.0	215.0	218.0	215.0	222.0	231.0	234.0	222.0	207.0	196.0	206.0	150.0	42.0	107.0	113.0	117.0	125.0	132.0	136.0	153.0	107.0	109.0	141.0	156.0	189.0	133.0	58.0	146.0	214.0	224.0	224.0	217.0	216.0	206.0	199.0	198.0	199.0	199.0	192.0	159.0	97.0	161.0	160.0	144.0	134.0	137.0	160.0	166.0	164.0	184.0	196.0	196.0	199.0	211.0	231.0	243.0	246.0	248.0	252.0	255.0	247.0	245.0	246.0	243.0	233.0	219.0	210.0	168.0	0.0	0.0	22.0	81.0	127.0	175.0	173.0	176.0	214.0	187.0	196.0	206.0	210.0	206.0	199.0	210.0	185.0	167.0	146.0	130.0	116.0	107.0	96.0	87.0	76.0	63.0	63.0	19.0	8.0	19.0	15.0	0.0	0.0	0.0	0.0	0.0	0.0	2.0	5.0	6.0	7.0	0.0	0.0	0.0	0.0	0.0	0.0	0.0	0.0	0.0	0.0	0.0	2.0	5.0	5.0	8.0	0.0	0.0	0.0	2.0	13.0	13.0	27.0	36.0	37.0	38.0	39.0	40.0	41.0	43.0	44.0	46.0	52.0	53.0	46.0	49.0	54.0	52.0	53.0	52.0	47.0	44.0	39.0	20.0	0.0	0.0	0.0	0.0	0.0	0.0	0.0	0.0	0.0	0.0	0.0	0.0	0.0	0.0	0.0	0.0	0.0	0.0	0.0	0.0	0.0	0.0	0.0	0.0	0.0	0.0	0.0	0.0	0.0	0.0	0.0	0.0	0.0	0.0	0.0	0.0	0.0	0.0	0.0	0.0	0.0	0.0	0.0	0.0	0.0	0.0	0.0	0.0	0.0	0.0	0.0	0.0	0.0	0.0	0.0	0.0	0.0	0.0	0.0	0.0	0.0	0.0	0.0	0.0	0.0	0.0	0.0	0.0	0.0	0.0	0.0	0.0	0.0	0.0	0.0	0.0	0.0	0.0	0.0	0.0	0.0	0.0	0.0	0.0	0.0	0.0	0.0	0.0	0.0	0.0	0.0	0.0	0.0	0.0	0.0	0.0	0.0	0.0	0.0	0.0	0.0	0.0	0.0	0.0	0.0	0.0	0.0	0.0	0.0	0.0	0.0	0.0	0.0	0.0	0.0	0.0	0.0	0.0	0.0	0.0	0.0	0.0	0.0	0.0	0.0	0.0	0.0	0.0	0.0	0.0	0.0	0.0	0.0	0.0	0.0	0.0	0.0	0.0	0.0	0.0	0.0	0.0	0.0	0.0	0.0	0.0	0.0	0.0	0.0	0.0	0.0	0.0	0.0	0.0	0.0	0.0	0.0	0.0	0.0	0.0	0.0	0.0	0.0	0.0	0.0	0.0	0.0	0.0	0.0	0.0	0.0	0.0	0.0	0.0	0.0	0.0	0.0	0.0	0.0	0.0	0.0	0.0	0.0	0.0	0.0	0.0	0.0	0.0	0.0	0.0	0.0	0.0	0.0	0.0	0.0	0.0	0.0	0.0	0.0	0.0	0.0	0.0	0.0	0.0	0.0	0.0	0.0	0.0	0.0	0.0	0.0	0.0	0.0	0.0	0.0	0.0	0.0	0.0	0.0	0.0	0.0	0.0	0.0	0.0
0.0	0.0	0.0	0.0	0.0	0.0	0.0	0.0	0.0	97.0	144.0	195.0	197.0	208.0	217.0	211.0	228.0	200.0	161.0	122.0	0.0	0.0	3.0	0.0	0.0	0.0	0.0	0.0	0.0	0.0	0.0	0.0	1.0	0.0	1.0	0.0	0.0	255.0	240.0	235.0	250.0	227.0	218.0	225.0	238.0	224.0	230.0	251.0	72.0	0.0	1.0	0.0	0.0	0.0	0.0	0.0	0.0	0.0	0.0	0.0	0.0	0.0	0.0	0.0	111.0	232.0	217.0	206.0	233.0	250.0	242.0	251.0	225.0	210.0	218.0	235.0	116.0	0.0	0.0	1.0	0.0	0.0	0.0	0.0	0.0	0.0	0.0	0.0	3.0	0.0	7.0	210.0	237.0	225.0	230.0	217.0	213.0	225.0	254.0	219.0	221.0	233.0	223.0	226.0	230.0	170.0	0.0	0.0	0.0	0.0	0.0	0.0	0.0	0.0	0.0	0.0	0.0	0.0	167.0	233.0	212.0	220.0	223.0	207.0	232.0	218.0	215.0	220.0	220.0	219.0	223.0	217.0	219.0	225.0	32.0	0.0	1.0	0.0	0.0	0.0	0.0	0.0	0.0	0.0	0.0	0.0	202.0	213.0	213.0	222.0	214.0	215.0	224.0	220.0	211.0	217.0	219.0	221.0	222.0	218.0	209.0	223.0	146.0	0.0	0.0	0.0	0.0	0.0	0.0	0.0	0.0	0.0	0.0	47.0	225.0	215.0	212.0	216.0	213.0	223.0	227.0	217.0	232.0	219.0	225.0	217.0	213.0	217.0	211.0	223.0	208.0	0.0	0.0	0.0	0.0	0.0	0.0	0.0	0.0	0.0	0.0	96.0	225.0	217.0	223.0	202.0	215.0	209.0	206.0	209.0	223.0	208.0	205.0	208.0	210.0	198.0	215.0	221.0	189.0	0.0	0.0	0.0	0.0	0.0	0.0	0.0	0.0	0.0	0.0	152.0	220.0	215.0	230.0	205.0	206.0	203.0	207.0	207.0	218.0	211.0	204.0	201.0	205.0	207.0	228.0	215.0	211.0	20.0	0.0	0.0	0.0	0.0	0.0	0.0	0.0	0.0	0.0	197.0	221.0	209.0	230.0	208.0	209.0	206.0	206.0	206.0	216.0	207.0	206.0	207.0	202.0	208.0	229.0	208.0	223.0	94.0	0.0	0.0	0.0	0.0	0.0	0.0	0.0	0.0	0.0	227.0	214.0	213.0	243.0	206.0	210.0	208.0	203.0	204.0	215.0	206.0	199.0	209.0	207.0	209.0	237.0	207.0	224.0	159.0	0.0	0.0	0.0	0.0	0.0	0.0	0.0	0.0	0.0	238.0	205.0	217.0	249.0	211.0	211.0	208.0	204.0	205.0	214.0	206.0	204.0	204.0	212.0	211.0	246.0	210.0	217.0	168.0	0.0	0.0	0.0	0.0	0.0	0.0	0.0	0.0	17.0	247.0	205.0	222.0	222.0	201.0	215.0	203.0	209.0	208.0	216.0	207.0	211.0	200.0	213.0	200.0	225.0	216.0	210.0	217.0	0.0	0.0	0.0	0.0	0.0	0.0	0.0	0.0	56.0	249.0	208.0	236.0	187.0	187.0	225.0	204.0	207.0	205.0	210.0	206.0	210.0	205.0	221.0	180.0	200.0	222.0	208.0	244.0	0.0	0.0	0.0	0.0	0.0	0.0	0.0	0.0	78.0	244.0	207.0	245.0	170.0	183.0	227.0	208.0	206.0	206.0	215.0	207.0	198.0	204.0	242.0	144.0	150.0	249.0	209.0	241.0	0.0	0.0	0.0	0.0	0.0	0.0	0.0	0.0	86.0	239.0	206.0	246.0	158.0	209.0	218.0	212.0	206.0	206.0	211.0	207.0	204.0	206.0	232.0	169.0	124.0	251.0	208.0	236.0	0.0	0.0	0.0	0.0	0.0	0.0	0.0	0.0	112.0	243.0	205.0	244.0	160.0	224.0	211.0	206.0	213.0	208.0	209.0	209.0	213.0	202.0	220.0	197.0	128.0	249.0	205.0	245.0	13.0	0.0	0.0	0.0	0.0	0.0	0.0	0.0	158.0	238.0	207.0	230.0	181.0	228.0	207.0	204.0	211.0	210.0	215.0	210.0	209.0	204.0	209.0	221.0	182.0	235.0	206.0	248.0	53.0	0.0	0.0	0.0	0.0	0.0	0.0	0.0	157.0	228.0	210.0	216.0	203.0	220.0	212.0	212.0	203.0	210.0	212.0	207.0	203.0	215.0	212.0	215.0	225.0	217.0	208.0	243.0	72.0	0.0	0.0	0.0	0.0	0.0	0.0	0.0	148.0	228.0	207.0	236.0	232.0	215.0	212.0	214.0	208.0	208.0	210.0	209.0	206.0	215.0	211.0	212.0	237.0	217.0	202.0	241.0	74.0	0.0	0.0	0.0	0.0	0.0	0.0	0.0	176.0	231.0	205.0	232.0	225.0	217.0	209.0	211.0	215.0	208.0	219.0	210.0	216.0	204.0	211.0	217.0	234.0	219.0	201.0	246.0	98.0	0.0	0.0	0.0	0.0	0.0	0.0	0.0	173.0	226.0	204.0	227.0	224.0	212.0	208.0	205.0	205.0	207.0	210.0	204.0	205.0	209.0	216.0	211.0	226.0	219.0	205.0	237.0	124.0	0.0	0.0	0.0	0.0	0.0	0.0	0.0	161.0	225.0	214.0	227.0	255.0	234.0	233.0	228.0	224.0	229.0	222.0	226.0	225.0	235.0	234.0	231.0	243.0	223.0	210.0	238.0	127.0	0.0	0.0	0.0	0.0	0.0	0.0	0.0	179.0	227.0	225.0	177.0	9.0	115.0	121.0	109.0	110.0	115.0	161.0	103.0	112.0	124.0	120.0	107.0	79.0	242.0	211.0	240.0	125.0	0.0	0.0	0.0	0.0	0.0	0.0	0.0	159.0	214.0	229.0	193.0	0.0	0.0	0.0	0.0	0.0	0.0	0.0	0.0	0.0	0.0	0.0	0.0	0.0	245.0	213.0	217.0	143.0	0.0	0.0	0.0	0.0	0.0	0.0	0.0	161.0	210.0	225.0	186.0	0.0	1.0	3.0	3.0	2.0	1.0	0.0	2.0	5.0	4.0	4.0	0.0	0.0	190.0	215.0	209.0	155.0	0.0	0.0	0.0	0.0	0.0	0.0	0.0	221.0	230.0	244.0	211.0	0.0	0.0	0.0	0.0	0.0	0.0	0.0	0.0	0.0	0.0	0.0	0.0	0.0	202.0	238.0	227.0	229.0	0.0	0.0	0.0	0.0	0.0	0.0	0.0	84.0	124.0	137.0	91.0	0.0	0.0	0.0	0.0	0.0	0.0	0.0	0.0	0.0	0.0	0.0	0.0	0.0	104.0	107.0	95.0	80.0	0.0	0.0	0.0
0.0	0.0	0.0	0.0	0.0	0.0	0.0	0.0	0.0	0.0	0.0	8.0	141.0	70.0	72.0	126.0	6.0	0.0	0.0	0.0	1.0	0.0	0.0	1.0	0.0	0.0	0.0	0.0	0.0	0.0	0.0	0.0	0.0	0.0	3.0	0.0	0.0	0.0	0.0	113.0	218.0	148.0	125.0	172.0	164.0	0.0	0.0	0.0	0.0	0.0	1.0	0.0	0.0	0.0	0.0	0.0	0.0	0.0	0.0	0.0	1.0	0.0	0.0	0.0	42.0	115.0	176.0	200.0	156.0	246.0	255.0	172.0	255.0	223.0	166.0	120.0	52.0	0.0	0.0	0.0	0.0	0.0	0.0	0.0	0.0	0.0	0.0	0.0	1.0	0.0	97.0	164.0	179.0	174.0	176.0	210.0	204.0	153.0	176.0	220.0	251.0	225.0	180.0	199.0	208.0	187.0	0.0	0.0	0.0	0.0	0.0	0.0	0.0	0.0	0.0	0.0	0.0	57.0	177.0	149.0	133.0	138.0	148.0	153.0	129.0	153.0	192.0	156.0	177.0	176.0	154.0	148.0	148.0	215.0	151.0	0.0	0.0	0.0	0.0	0.0	0.0	0.0	0.0	0.0	0.0	125.0	149.0	126.0	131.0	144.0	146.0	141.0	120.0	156.0	171.0	143.0	169.0	164.0	156.0	166.0	133.0	187.0	185.0	0.0	0.0	0.0	0.0	0.0	0.0	0.0	0.0	0.0	0.0	115.0	153.0	123.0	134.0	139.0	143.0	143.0	134.0	141.0	136.0	143.0	153.0	164.0	157.0	184.0	153.0	184.0	225.0	0.0	0.0	0.0	0.0	0.0	0.0	0.0	0.0	0.0	0.0	136.0	139.0	138.0	126.0	133.0	131.0	129.0	126.0	149.0	148.0	133.0	151.0	156.0	182.0	197.0	180.0	171.0	213.0	0.0	0.0	0.0	0.0	0.0	0.0	0.0	0.0	0.0	0.0	136.0	123.0	149.0	138.0	128.0	113.0	115.0	111.0	126.0	134.0	116.0	126.0	136.0	197.0	217.0	179.0	139.0	212.0	0.0	0.0	0.0	0.0	0.0	0.0	0.0	0.0	0.0	0.0	141.0	118.0	136.0	153.0	133.0	113.0	113.0	110.0	116.0	118.0	106.0	118.0	139.0	194.0	215.0	169.0	133.0	225.0	1.0	0.0	0.0	0.0	0.0	0.0	0.0	0.0	0.0	0.0	144.0	115.0	128.0	153.0	138.0	115.0	113.0	108.0	123.0	133.0	116.0	126.0	151.0	190.0	208.0	172.0	118.0	220.0	3.0	0.0	0.0	0.0	0.0	0.0	0.0	0.0	0.0	0.0	141.0	108.0	128.0	156.0	129.0	118.0	113.0	106.0	118.0	126.0	120.0	133.0	148.0	184.0	210.0	180.0	105.0	222.0	16.0	0.0	0.0	0.0	0.0	0.0	0.0	0.0	0.0	0.0	143.0	108.0	141.0	166.0	128.0	118.0	116.0	111.0	116.0	120.0	128.0	134.0	153.0	184.0	210.0	172.0	95.0	230.0	27.0	0.0	0.0	0.0	0.0	0.0	0.0	0.0	0.0	3.0	144.0	98.0	156.0	185.0	125.0	118.0	116.0	111.0	118.0	131.0	123.0	133.0	146.0	179.0	228.0	172.0	93.0	222.0	46.0	0.0	0.0	0.0	0.0	0.0	0.0	0.0	0.0	11.0	143.0	102.0	159.0	162.0	134.0	116.0	118.0	113.0	116.0	129.0	129.0	133.0	143.0	177.0	197.0	151.0	97.0	213.0	62.0	0.0	0.0	0.0	0.0	0.0	0.0	0.0	0.0	19.0	143.0	116.0	139.0	115.0	156.0	115.0	120.0	115.0	116.0	125.0	133.0	134.0	144.0	199.0	157.0	118.0	108.0	208.0	72.0	0.0	0.0	0.0	0.0	0.0	0.0	0.0	0.0	29.0	136.0	131.0	128.0	83.0	164.0	113.0	121.0	113.0	120.0	134.0	129.0	141.0	141.0	205.0	141.0	90.0	123.0	200.0	85.0	0.0	0.0	0.0	0.0	0.0	0.0	0.0	0.0	39.0	129.0	148.0	111.0	47.0	169.0	111.0	121.0	113.0	120.0	133.0	131.0	141.0	138.0	207.0	126.0	57.0	136.0	189.0	98.0	0.0	0.0	0.0	0.0	0.0	0.0	0.0	0.0	44.0	126.0	159.0	85.0	24.0	177.0	111.0	121.0	113.0	118.0	133.0	131.0	141.0	139.0	202.0	144.0	39.0	144.0	180.0	106.0	0.0	0.0	0.0	0.0	0.0	0.0	0.0	0.0	60.0	121.0	176.0	54.0	27.0	179.0	113.0	125.0	116.0	126.0	156.0	133.0	146.0	138.0	197.0	143.0	3.0	148.0	171.0	115.0	0.0	0.0	0.0	0.0	0.0	0.0	0.0	0.0	60.0	121.0	180.0	23.0	31.0	179.0	113.0	123.0	118.0	121.0	139.0	133.0	144.0	139.0	197.0	148.0	0.0	149.0	172.0	126.0	0.0	0.0	0.0	0.0	0.0	0.0	0.0	0.0	70.0	125.0	182.0	0.0	39.0	182.0	110.0	123.0	121.0	121.0	146.0	139.0	146.0	139.0	195.0	154.0	0.0	148.0	166.0	131.0	0.0	0.0	0.0	0.0	0.0	0.0	0.0	0.0	82.0	129.0	179.0	0.0	49.0	179.0	106.0	123.0	120.0	125.0	166.0	133.0	144.0	129.0	179.0	172.0	0.0	131.0	171.0	143.0	0.0	0.0	0.0	0.0	0.0	0.0	0.0	0.0	90.0	136.0	151.0	0.0	54.0	177.0	105.0	121.0	120.0	125.0	146.0	128.0	128.0	123.0	182.0	185.0	0.0	110.0	172.0	153.0	0.0	0.0	0.0	0.0	0.0	0.0	0.0	0.0	120.0	138.0	143.0	0.0	46.0	182.0	108.0	123.0	123.0	125.0	134.0	136.0	129.0	131.0	185.0	171.0	0.0	110.0	164.0	176.0	0.0	0.0	0.0	0.0	0.0	0.0	0.0	0.0	139.0	146.0	153.0	0.0	36.0	174.0	108.0	121.0	121.0	128.0	148.0	133.0	133.0	121.0	185.0	151.0	0.0	100.0	171.0	197.0	0.0	0.0	0.0	0.0	0.0	0.0	0.0	0.0	131.0	136.0	123.0	0.0	39.0	202.0	125.0	131.0	129.0	129.0	144.0	138.0	134.0	134.0	200.0	123.0	0.0	59.0	157.0	131.0	0.0	0.0	0.0	0.0	0.0	0.0	0.0	0.0	0.0	1.0	0.0	0.0	0.0	97.0	116.0	116.0	111.0	125.0	139.0	125.0	118.0	95.0	125.0	9.0	0.0	0.0	0.0	0.0	0.0	0.0	0.0	0.0
0.0	0.0	0.0	0.0	0.0	0.0	0.0	0.0	0.0	0.0	0.0	0.0	0.0	0.0	0.0	0.0	0.0	0.0	0.0	0.0	0.0	0.0	0.0	0.0	0.0	0.0	0.0	0.0	0.0	0.0	0.0	0.0	0.0	0.0	0.0	0.0	0.0	0.0	0.0	0.0	0.0	0.0	0.0	0.0	0.0	0.0	0.0	0.0	0.0	0.0	0.0	0.0	0.0	0.0	0.0	0.0	0.0	0.0	0.0	0.0	0.0	0.0	0.0	0.0	0.0	0.0	0.0	0.0	0.0	0.0	0.0	0.0	0.0	0.0	0.0	0.0	0.0	0.0	0.0	0.0	0.0	0.0	0.0	0.0	0.0	0.0	0.0	0.0	0.0	0.0	0.0	0.0	0.0	0.0	0.0	0.0	0.0	0.0	0.0	0.0	0.0	0.0	0.0	0.0	0.0	0.0	0.0	0.0	0.0	0.0	0.0	0.0	0.0	0.0	0.0	0.0	0.0	0.0	0.0	0.0	0.0	0.0	0.0	0.0	0.0	0.0	0.0	0.0	0.0	0.0	0.0	0.0	0.0	0.0	0.0	0.0	0.0	0.0	0.0	0.0	0.0	0.0	0.0	0.0	0.0	0.0	0.0	0.0	0.0	0.0	0.0	0.0	0.0	0.0	0.0	0.0	0.0	0.0	0.0	0.0	0.0	0.0	0.0	0.0	0.0	0.0	0.0	0.0	0.0	0.0	0.0	0.0	0.0	0.0	0.0	0.0	0.0	0.0	0.0	0.0	0.0	0.0	0.0	0.0	0.0	0.0	0.0	0.0	0.0	0.0	0.0	0.0	0.0	0.0	0.0	0.0	0.0	0.0	0.0	0.0	0.0	0.0	0.0	0.0	1.0	1.0	0.0	1.0	0.0	0.0	97.0	157.0	0.0	0.0	12.0	13.0	0.0	0.0	0.0	0.0	0.0	0.0	0.0	0.0	0.0	0.0	0.0	0.0	0.0	0.0	0.0	0.0	0.0	0.0	2.0	0.0	0.0	0.0	167.0	255.0	146.0	115.0	200.0	201.0	196.0	182.0	181.0	175.0	146.0	142.0	123.0	0.0	0.0	0.0	0.0	0.0	0.0	0.0	0.0	0.0	1.0	0.0	0.0	1.0	0.0	0.0	154.0	226.0	208.0	147.0	143.0	171.0	191.0	205.0	209.0	218.0	214.0	215.0	162.0	0.0	0.0	0.0	0.0	0.0	0.0	0.0	0.0	0.0	0.0	0.0	1.0	0.0	0.0	158.0	192.0	219.0	179.0	143.0	157.0	176.0	187.0	190.0	185.0	181.0	178.0	185.0	174.0	0.0	0.0	0.0	0.0	0.0	0.0	0.0	0.0	0.0	0.0	5.0	0.0	0.0	137.0	177.0	183.0	207.0	210.0	167.0	198.0	189.0	184.0	189.0	193.0	183.0	196.0	184.0	186.0	0.0	0.0	0.0	0.0	0.0	0.0	3.0	3.0	2.0	1.0	0.0	0.0	57.0	255.0	60.0	167.0	181.0	159.0	178.0	187.0	184.0	180.0	191.0	202.0	199.0	199.0	183.0	203.0	15.0	0.0	2.0	4.0	4.0	1.0	0.0	0.0	0.0	0.0	3.0	115.0	124.0	132.0	180.0	225.0	191.0	187.0	174.0	168.0	174.0	189.0	194.0	187.0	168.0	165.0	173.0	209.0	55.0	0.0	0.0	0.0	0.0	0.0	0.0	0.0	37.0	95.0	159.0	146.0	190.0	200.0	186.0	218.0	188.0	188.0	185.0	187.0	192.0	170.0	175.0	155.0	136.0	153.0	168.0	202.0	109.0	0.0	2.0	50.0	56.0	74.0	103.0	144.0	164.0	151.0	114.0	149.0	183.0	198.0	184.0	205.0	186.0	186.0	202.0	187.0	194.0	164.0	113.0	89.0	132.0	158.0	184.0	175.0	149.0	70.0	194.0	148.0	132.0	121.0	134.0	137.0	104.0	97.0	121.0	182.0	180.0	188.0	192.0	218.0	194.0	180.0	209.0	203.0	203.0	204.0	193.0	197.0	200.0	209.0	174.0	143.0	147.0	176.0	177.0	177.0	178.0	174.0	164.0	164.0	158.0	168.0	168.0	165.0	188.0	181.0	194.0	224.0	214.0	190.0	190.0	186.0	177.0	193.0	203.0	199.0	192.0	203.0	198.0	201.0	119.0	176.0	202.0	193.0	190.0	190.0	191.0	188.0	189.0	190.0	190.0	182.0	186.0	187.0	180.0	199.0	200.0	180.0	192.0	189.0	192.0	185.0	185.0	184.0	177.0	189.0	188.0	195.0	122.0	14.0	121.0	188.0	221.0	199.0	206.0	209.0	236.0	230.0	231.0	233.0	229.0	227.0	235.0	243.0	235.0	236.0	238.0	244.0	241.0	233.0	243.0	246.0	234.0	242.0	231.0	246.0	146.0	0.0	0.0	0.0	0.0	40.0	69.0	94.0	113.0	122.0	117.0	115.0	106.0	107.0	93.0	77.0	78.0	60.0	63.0	75.0	77.0	84.0	89.0	80.0	73.0	74.0	58.0	56.0	19.0	0.0	0.0	0.0	0.0	0.0	0.0	0.0	0.0	0.0	0.0	0.0	0.0	0.0	0.0	0.0	0.0	0.0	0.0	0.0	0.0	0.0	0.0	0.0	0.0	0.0	0.0	0.0	0.0	0.0	0.0	0.0	0.0	0.0	0.0	0.0	0.0	0.0	0.0	0.0	0.0	0.0	0.0	0.0	0.0	0.0	0.0	0.0	0.0	0.0	0.0	0.0	0.0	0.0	0.0	0.0	0.0	0.0	0.0	0.0	0.0	0.0	0.0	0.0	0.0	0.0	0.0	0.0	0.0	0.0	0.0	0.0	0.0	0.0	0.0	0.0	0.0	0.0	0.0	0.0	0.0	0.0	0.0	0.0	0.0	0.0	0.0	0.0	0.0	0.0	0.0	0.0	0.0	0.0	0.0	0.0	0.0	0.0	0.0	0.0	0.0	0.0	0.0	0.0	0.0	0.0	0.0	0.0	0.0	0.0	0.0	0.0	0.0	0.0	0.0	0.0	0.0	0.0	0.0	0.0	0.0	0.0	0.0	0.0	0.0	0.0	0.0	0.0	0.0	0.0	0.0	0.0	0.0	0.0	0.0	0.0	0.0	0.0	0.0	0.0	0.0	0.0	0.0	0.0	0.0	0.0	0.0	0.0	0.0	0.0	0.0	0.0	0.0	0.0	0.0	0.0	0.0	0.0	0.0	0.0	0.0	0.0	0.0	0.0	0.0	0.0	0.0	0.0	0.0	0.0	0.0	0.0	0.0	0.0	0.0	0.0	0.0	0.0	0.0	0.0	0.0	0.0	0.0	0.0	0.0	0.0	0.0	0.0	0.0	0.0	0.0	0.0	0.0	0.0	0.0	0.0	0.0
0.0	0.0	0.0	0.0	0.0	0.0	0.0	0.0	0.0	0.0	0.0	0.0	0.0	0.0	0.0	0.0	0.0	0.0	0.0	0.0	0.0	0.0	0.0	0.0	0.0	0.0	0.0	0.0	0.0	0.0	0.0	0.0	0.0	0.0	0.0	0.0	0.0	0.0	0.0	0.0	0.0	0.0	0.0	0.0	0.0	0.0	0.0	0.0	0.0	0.0	0.0	0.0	0.0	0.0	0.0	0.0	0.0	0.0	0.0	0.0	0.0	0.0	0.0	0.0	0.0	0.0	0.0	0.0	0.0	0.0	0.0	0.0	0.0	0.0	0.0	0.0	0.0	0.0	0.0	0.0	0.0	0.0	0.0	0.0	0.0	0.0	0.0	0.0	0.0	0.0	0.0	0.0	0.0	0.0	0.0	0.0	0.0	0.0	0.0	0.0	0.0	0.0	0.0	0.0	0.0	0.0	0.0	0.0	0.0	0.0	0.0	0.0	0.0	0.0	0.0	0.0	0.0	0.0	0.0	0.0	0.0	0.0	0.0	0.0	0.0	0.0	0.0	0.0	0.0	0.0	0.0	0.0	0.0	0.0	0.0	0.0	0.0	0.0	0.0	0.0	0.0	0.0	0.0	0.0	0.0	0.0	0.0	0.0	0.0	0.0	0.0	0.0	0.0	0.0	0.0	0.0	0.0	0.0	0.0	0.0	0.0	0.0	0.0	0.0	0.0	0.0	0.0	0.0	0.0	0.0	0.0	0.0	0.0	0.0	0.0	0.0	0.0	0.0	0.0	0.0	0.0	0.0	2.0	0.0	0.0	13.0	76.0	17.0	0.0	0.0	0.0	0.0	0.0	0.0	0.0	0.0	0.0	0.0	0.0	0.0	0.0	0.0	0.0	0.0	0.0	0.0	0.0	0.0	0.0	1.0	0.0	0.0	0.0	136.0	183.0	166.0	82.0	0.0	1.0	0.0	3.0	6.0	1.0	0.0	0.0	0.0	0.0	0.0	0.0	0.0	0.0	0.0	0.0	0.0	0.0	0.0	0.0	2.0	0.0	0.0	57.0	188.0	155.0	168.0	207.0	0.0	0.0	0.0	0.0	0.0	0.0	0.0	0.0	0.0	0.0	0.0	0.0	0.0	0.0	0.0	0.0	0.0	0.0	0.0	1.0	0.0	1.0	106.0	175.0	151.0	163.0	162.0	149.0	58.0	0.0	0.0	41.0	90.0	0.0	0.0	0.0	0.0	0.0	0.0	0.0	0.0	0.0	0.0	0.0	0.0	0.0	0.0	0.0	0.0	78.0	204.0	162.0	185.0	226.0	193.0	176.0	207.0	186.0	165.0	178.0	180.0	13.0	0.0	0.0	0.0	0.0	0.0	0.0	0.0	0.0	0.0	0.0	0.0	0.0	1.0	0.0	2.0	152.0	149.0	179.0	187.0	200.0	235.0	225.0	199.0	197.0	193.0	186.0	168.0	7.0	0.0	0.0	0.0	0.0	0.0	0.0	0.0	0.0	0.0	1.0	0.0	1.0	0.0	0.0	1.0	236.0	192.0	172.0	166.0	163.0	173.0	193.0	213.0	204.0	188.0	183.0	169.0	11.0	0.0	0.0	0.0	0.0	0.0	0.0	0.0	1.0	0.0	1.0	2.0	0.0	0.0	73.0	147.0	173.0	217.0	232.0	223.0	192.0	166.0	188.0	201.0	181.0	200.0	165.0	184.0	27.0	0.0	0.0	0.0	0.0	1.0	0.0	1.0	4.0	3.0	0.0	0.0	0.0	118.0	92.0	127.0	189.0	192.0	193.0	217.0	254.0	233.0	225.0	193.0	188.0	208.0	161.0	177.0	73.0	0.0	0.0	0.0	1.0	2.0	3.0	0.0	0.0	0.0	0.0	6.0	87.0	173.0	40.0	104.0	207.0	165.0	164.0	160.0	169.0	192.0	204.0	189.0	207.0	202.0	187.0	185.0	148.0	0.0	0.0	0.0	0.0	0.0	0.0	0.0	32.0	105.0	161.0	183.0	168.0	196.0	176.0	160.0	162.0	172.0	164.0	196.0	187.0	190.0	204.0	151.0	184.0	201.0	190.0	198.0	187.0	0.0	0.0	18.0	54.0	95.0	129.0	154.0	151.0	124.0	119.0	131.0	100.0	126.0	193.0	154.0	151.0	183.0	187.0	198.0	212.0	207.0	201.0	193.0	191.0	200.0	191.0	191.0	205.0	1.0	14.0	64.0	52.0	55.0	81.0	79.0	124.0	141.0	96.0	95.0	137.0	135.0	164.0	211.0	219.0	220.0	200.0	197.0	196.0	199.0	207.0	203.0	197.0	203.0	198.0	197.0	184.0	16.0	42.0	95.0	68.0	54.0	51.0	33.0	50.0	172.0	208.0	211.0	220.0	214.0	198.0	214.0	222.0	214.0	215.0	217.0	225.0	220.0	217.0	208.0	220.0	231.0	200.0	185.0	195.0	21.0	5.0	89.0	124.0	128.0	130.0	110.0	84.0	92.0	99.0	117.0	140.0	150.0	155.0	148.0	146.0	141.0	148.0	144.0	134.0	120.0	114.0	114.0	108.0	104.0	96.0	83.0	91.0	32.0	0.0	0.0	21.0	69.0	95.0	120.0	137.0	129.0	123.0	110.0	103.0	105.0	104.0	106.0	107.0	111.0	117.0	119.0	124.0	126.0	129.0	131.0	129.0	129.0	127.0	116.0	118.0	64.0	2.0	0.0	0.0	0.0	0.0	1.0	17.0	44.0	59.0	71.0	79.0	84.0	87.0	87.0	84.0	77.0	70.0	68.0	68.0	66.0	64.0	63.0	61.0	62.0	63.0	55.0	44.0	0.0	0.0	0.0	0.0	0.0	0.0	0.0	0.0	0.0	0.0	0.0	0.0	0.0	0.0	0.0	0.0	0.0	0.0	0.0	0.0	0.0	0.0	0.0	0.0	0.0	0.0	0.0	0.0	0.0	0.0	0.0	0.0	0.0	0.0	0.0	0.0	0.0	0.0	0.0	0.0	0.0	0.0	0.0	0.0	0.0	0.0	0.0	0.0	0.0	0.0	0.0	0.0	0.0	0.0	0.0	0.0	0.0	0.0	0.0	0.0	0.0	0.0	0.0	0.0	0.0	0.0	0.0	0.0	0.0	0.0	0.0	0.0	0.0	0.0	0.0	0.0	0.0	0.0	0.0	0.0	0.0	0.0	0.0	0.0	0.0	0.0	0.0	0.0	0.0	0.0	0.0	0.0	0.0	0.0	0.0	0.0	0.0	0.0	0.0	0.0	0.0	0.0	0.0	0.0	0.0	0.0	0.0	0.0	0.0	0.0	0.0	0.0	0.0	0.0	0.0	0.0	0.0	0.0	0.0	0.0	0.0	0.0	0.0	0.0	0.0	0.0	0.0	0.0	0.0	0.0	0.0	0.0	0.0	0.0	0.0	0.0	0.0	0.0	0.0	0.0	0.0
0.0	0.0	0.0	0.0	0.0	0.0	0.0	0.0	9.0	0.0	38.0	1.0	0.0	0.0	0.0	0.0	0.0	0.0	42.0	0.0	0.0	0.0	0.0	0.0	0.0	0.0	0.0	0.0	0.0	0.0	0.0	0.0	0.0	0.0	0.0	0.0	0.0	0.0	193.0	220.0	207.0	226.0	222.0	219.0	198.0	196.0	220.0	40.0	0.0	0.0	0.0	0.0	0.0	0.0	0.0	0.0	0.0	0.0	0.0	0.0	0.0	0.0	0.0	0.0	0.0	0.0	206.0	224.0	218.0	220.0	224.0	224.0	225.0	219.0	236.0	64.0	0.0	0.0	0.0	0.0	0.0	0.0	0.0	0.0	0.0	0.0	0.0	0.0	0.0	0.0	0.0	0.0	0.0	12.0	217.0	216.0	220.0	214.0	215.0	209.0	219.0	212.0	236.0	91.0	0.0	0.0	0.0	0.0	0.0	0.0	0.0	0.0	0.0	0.0	0.0	0.0	0.0	0.0	0.0	0.0	0.0	36.0	224.0	214.0	222.0	210.0	216.0	210.0	222.0	212.0	236.0	119.0	0.0	0.0	0.0	0.0	0.0	0.0	0.0	0.0	0.0	0.0	0.0	0.0	0.0	0.0	0.0	0.0	0.0	63.0	230.0	211.0	220.0	204.0	220.0	208.0	221.0	214.0	230.0	156.0	0.0	0.0	0.0	0.0	0.0	0.0	0.0	0.0	0.0	0.0	0.0	0.0	0.0	0.0	0.0	0.0	0.0	79.0	226.0	210.0	220.0	204.0	230.0	206.0	220.0	214.0	224.0	175.0	0.0	0.0	0.0	0.0	0.0	0.0	0.0	0.0	0.0	0.0	0.0	0.0	0.0	0.0	0.0	0.0	0.0	97.0	225.0	210.0	218.0	206.0	231.0	203.0	218.0	215.0	222.0	187.0	0.0	0.0	0.0	0.0	0.0	0.0	0.0	0.0	0.0	0.0	0.0	0.0	0.0	0.0	0.0	0.0	0.0	118.0	226.0	210.0	212.0	211.0	233.0	203.0	215.0	215.0	219.0	197.0	0.0	0.0	0.0	0.0	0.0	0.0	0.0	0.0	0.0	0.0	0.0	0.0	0.0	0.0	0.0	0.0	0.0	134.0	225.0	208.0	211.0	222.0	213.0	206.0	213.0	215.0	215.0	205.0	0.0	0.0	0.0	0.0	0.0	0.0	0.0	0.0	0.0	0.0	0.0	0.0	0.0	0.0	0.0	0.0	0.0	146.0	225.0	208.0	211.0	238.0	160.0	203.0	211.0	214.0	213.0	214.0	0.0	0.0	0.0	0.0	0.0	0.0	0.0	0.0	0.0	0.0	0.0	0.0	0.0	0.0	0.0	0.0	0.0	157.0	224.0	209.0	206.0	250.0	100.0	204.0	214.0	213.0	211.0	223.0	0.0	0.0	0.0	0.0	0.0	0.0	0.0	0.0	0.0	0.0	0.0	0.0	0.0	0.0	0.0	0.0	0.0	168.0	222.0	206.0	206.0	251.0	51.0	201.0	219.0	212.0	210.0	228.0	0.0	0.0	0.0	0.0	0.0	0.0	0.0	0.0	0.0	0.0	0.0	0.0	0.0	0.0	0.0	0.0	0.0	180.0	222.0	206.0	202.0	251.0	11.0	195.0	227.0	210.0	210.0	234.0	0.0	0.0	0.0	0.0	0.0	0.0	0.0	0.0	0.0	0.0	0.0	0.0	0.0	0.0	0.0	0.0	0.0	188.0	222.0	211.0	206.0	251.0	0.0	182.0	229.0	208.0	210.0	242.0	3.0	0.0	0.0	0.0	0.0	0.0	0.0	0.0	0.0	0.0	0.0	0.0	0.0	0.0	0.0	0.0	0.0	198.0	221.0	212.0	208.0	247.0	0.0	167.0	238.0	207.0	209.0	244.0	7.0	0.0	0.0	0.0	0.0	0.0	0.0	0.0	0.0	0.0	0.0	0.0	0.0	0.0	0.0	0.0	0.0	207.0	219.0	214.0	213.0	242.0	0.0	152.0	244.0	209.0	212.0	246.0	9.0	0.0	0.0	0.0	0.0	0.0	0.0	0.0	0.0	0.0	0.0	0.0	0.0	0.0	0.0	0.0	0.0	217.0	218.0	214.0	219.0	228.0	0.0	134.0	246.0	210.0	211.0	247.0	15.0	0.0	0.0	0.0	0.0	0.0	0.0	0.0	0.0	0.0	0.0	0.0	0.0	0.0	0.0	0.0	0.0	226.0	217.0	212.0	223.0	212.0	0.0	119.0	225.0	211.0	212.0	250.0	22.0	0.0	0.0	0.0	0.0	0.0	0.0	0.0	0.0	0.0	0.0	0.0	0.0	0.0	0.0	0.0	0.0	233.0	219.0	212.0	226.0	193.0	0.0	97.0	228.0	211.0	212.0	251.0	39.0	0.0	0.0	0.0	0.0	0.0	0.0	0.0	0.0	0.0	0.0	0.0	0.0	0.0	0.0	0.0	0.0	238.0	218.0	215.0	229.0	169.0	0.0	76.0	227.0	213.0	212.0	251.0	56.0	0.0	0.0	0.0	0.0	0.0	0.0	0.0	0.0	0.0	0.0	0.0	0.0	0.0	0.0	0.0	0.0	244.0	217.0	213.0	231.0	149.0	0.0	58.0	226.0	214.0	213.0	251.0	69.0	0.0	0.0	0.0	0.0	0.0	0.0	0.0	0.0	0.0	0.0	0.0	0.0	0.0	0.0	0.0	12.0	248.0	217.0	214.0	234.0	129.0	0.0	42.0	222.0	215.0	214.0	249.0	84.0	0.0	0.0	0.0	0.0	0.0	0.0	0.0	0.0	0.0	0.0	0.0	0.0	0.0	0.0	0.0	25.0	251.0	218.0	214.0	234.0	109.0	0.0	25.0	220.0	218.0	215.0	248.0	99.0	0.0	0.0	0.0	0.0	0.0	0.0	0.0	0.0	0.0	0.0	0.0	0.0	0.0	0.0	0.0	36.0	252.0	219.0	215.0	236.0	93.0	0.0	10.0	217.0	219.0	217.0	248.0	112.0	0.0	0.0	0.0	0.0	0.0	0.0	0.0	0.0	0.0	0.0	0.0	0.0	0.0	0.0	0.0	44.0	220.0	216.0	214.0	234.0	70.0	0.0	4.0	208.0	219.0	215.0	226.0	117.0	0.0	0.0	0.0	0.0	0.0	0.0	0.0	0.0	0.0	0.0	0.0	0.0	0.0	0.0	0.0	79.0	240.0	223.0	221.0	240.0	66.0	0.0	0.0	252.0	233.0	224.0	255.0	168.0	0.0	0.0	0.0	0.0	0.0	0.0	0.0	0.0	0.0	0.0	0.0	0.0	0.0	0.0	0.0	32.0	152.0	170.0	179.0	182.0	33.0	0.0	0.0	178.0	180.0	155.0	145.0	59.0	0.0	0.0	0.0	0.0	0.0	0.0	0.0
0.0	0.0	0.0	0.0	0.0	0.0	0.0	0.0	0.0	0.0	0.0	0.0	0.0	0.0	0.0	0.0	0.0	0.0	0.0	0.0	0.0	0.0	0.0	0.0	0.0	0.0	0.0	0.0	0.0	0.0	0.0	0.0	0.0	0.0	0.0	0.0	0.0	0.0	0.0	0.0	0.0	0.0	0.0	0.0	0.0	0.0	0.0	0.0	0.0	0.0	0.0	0.0	0.0	0.0	0.0	0.0	0.0	0.0	0.0	0.0	0.0	0.0	0.0	0.0	0.0	0.0	0.0	0.0	0.0	0.0	0.0	0.0	0.0	0.0	0.0	0.0	0.0	0.0	0.0	0.0	0.0	0.0	0.0	0.0	0.0	0.0	0.0	0.0	0.0	0.0	0.0	0.0	0.0	0.0	0.0	0.0	0.0	0.0	0.0	0.0	0.0	0.0	0.0	0.0	0.0	0.0	0.0	0.0	0.0	0.0	0.0	0.0	0.0	0.0	0.0	0.0	0.0	0.0	0.0	0.0	0.0	0.0	0.0	0.0	0.0	0.0	0.0	0.0	0.0	0.0	0.0	0.0	0.0	0.0	0.0	0.0	0.0	0.0	0.0	0.0	0.0	0.0	0.0	0.0	0.0	0.0	21.0	128.0	96.0	88.0	0.0	0.0	0.0	0.0	0.0	0.0	0.0	0.0	0.0	0.0	0.0	0.0	0.0	0.0	0.0	0.0	0.0	0.0	0.0	1.0	0.0	0.0	132.0	196.0	203.0	219.0	198.0	236.0	194.0	189.0	195.0	192.0	194.0	193.0	192.0	194.0	201.0	201.0	204.0	206.0	211.0	206.0	195.0	194.0	245.0	114.0	0.0	2.0	0.0	0.0	209.0	209.0	184.0	177.0	178.0	182.0	195.0	200.0	200.0	201.0	202.0	202.0	202.0	203.0	204.0	204.0	204.0	205.0	205.0	205.0	210.0	206.0	218.0	164.0	1.0	2.0	0.0	0.0	129.0	144.0	185.0	179.0	187.0	191.0	191.0	188.0	190.0	191.0	191.0	192.0	193.0	194.0	195.0	195.0	196.0	196.0	197.0	195.0	203.0	199.0	206.0	183.0	0.0	5.0	0.0	0.0	166.0	201.0	173.0	181.0	186.0	191.0	193.0	193.0	194.0	198.0	198.0	199.0	199.0	199.0	198.0	198.0	199.0	199.0	201.0	201.0	205.0	198.0	220.0	133.0	0.0	0.0	0.0	46.0	255.0	177.0	189.0	183.0	184.0	195.0	196.0	196.0	197.0	199.0	199.0	200.0	200.0	201.0	200.0	200.0	201.0	201.0	202.0	202.0	204.0	197.0	221.0	56.0	2.0	0.0	0.0	52.0	188.0	173.0	182.0	181.0	193.0	196.0	198.0	198.0	199.0	200.0	200.0	201.0	201.0	202.0	202.0	202.0	203.0	203.0	202.0	203.0	203.0	193.0	232.0	76.0	5.0	0.0	0.0	186.0	197.0	174.0	180.0	190.0	192.0	196.0	199.0	199.0	200.0	202.0	203.0	203.0	204.0	204.0	204.0	205.0	206.0	207.0	207.0	206.0	204.0	194.0	235.0	87.0	4.0	0.0	104.0	242.0	181.0	175.0	190.0	193.0	193.0	197.0	199.0	199.0	200.0	202.0	203.0	203.0	204.0	204.0	204.0	205.0	205.0	206.0	207.0	207.0	205.0	197.0	239.0	87.0	0.0	0.0	255.0	148.0	189.0	179.0	185.0	192.0	194.0	197.0	200.0	200.0	201.0	201.0	203.0	203.0	204.0	204.0	204.0	205.0	205.0	206.0	207.0	208.0	208.0	201.0	242.0	91.0	0.0	194.0	229.0	0.0	229.0	182.0	183.0	190.0	195.0	197.0	201.0	200.0	202.0	202.0	203.0	203.0	203.0	204.0	204.0	205.0	205.0	206.0	205.0	205.0	207.0	201.0	243.0	93.0	16.0	255.0	23.0	0.0	248.0	179.0	190.0	193.0	195.0	197.0	201.0	200.0	201.0	202.0	204.0	201.0	205.0	202.0	204.0	205.0	206.0	206.0	205.0	206.0	206.0	200.0	244.0	99.0	134.0	255.0	0.0	0.0	238.0	177.0	191.0	193.0	196.0	197.0	201.0	203.0	203.0	205.0	202.0	202.0	204.0	207.0	204.0	206.0	206.0	206.0	206.0	207.0	206.0	199.0	243.0	106.0	191.0	190.0	0.0	16.0	249.0	191.0	196.0	198.0	199.0	200.0	203.0	204.0	205.0	201.0	199.0	204.0	201.0	204.0	204.0	206.0	206.0	206.0	207.0	207.0	206.0	198.0	243.0	107.0	199.0	159.0	0.0	28.0	254.0	195.0	199.0	197.0	203.0	205.0	203.0	204.0	203.0	206.0	213.0	216.0	214.0	208.0	204.0	205.0	206.0	206.0	207.0	208.0	207.0	198.0	243.0	110.0	151.0	223.0	0.0	18.0	254.0	198.0	209.0	216.0	218.0	211.0	206.0	203.0	204.0	204.0	171.0	181.0	162.0	198.0	209.0	206.0	207.0	207.0	209.0	210.0	207.0	196.0	241.0	113.0	0.0	231.0	73.0	34.0	218.0	209.0	215.0	221.0	216.0	206.0	206.0	202.0	201.0	198.0	178.0	171.0	164.0	180.0	201.0	200.0	197.0	196.0	197.0	201.0	201.0	197.0	216.0	113.0	0.0	0.0	144.0	246.0	213.0	212.0	207.0	214.0	228.0	255.0	255.0	255.0	255.0	255.0	255.0	255.0	255.0	255.0	246.0	247.0	247.0	246.0	249.0	249.0	250.0	211.0	255.0	147.0	0.0	0.0	0.0	5.0	72.0	133.0	159.0	185.0	88.0	0.0	23.0	21.0	21.0	24.0	24.0	26.0	26.0	30.0	34.0	34.0	34.0	32.0	41.0	44.0	46.0	43.0	61.0	11.0	0.0	0.0	0.0	0.0	0.0	0.0	0.0	0.0	0.0	0.0	0.0	0.0	0.0	0.0	0.0	0.0	0.0	0.0	0.0	0.0	0.0	0.0	0.0	0.0	0.0	0.0	0.0	0.0	0.0	0.0	0.0	0.0	0.0	0.0	0.0	0.0	0.0	0.0	0.0	0.0	0.0	0.0	0.0	0.0	0.0	0.0	0.0	0.0	0.0	0.0	0.0	0.0	0.0	0.0	0.0	0.0	0.0	0.0	0.0	0.0	0.0	0.0	0.0	0.0	0.0	0.0	0.0	0.0	0.0	0.0	0.0	0.0	0.0	0.0	0.0	0.0	0.0	0.0	0.0	0.0	0.0	0.0	0.0	0.0	0.0	0.0	0.0	0.0	0.0	0.0	0.0	0.0	0.0	0.0	0.0	0.0	0.0	0.0	0.0	0.0	0.0	0.0	0.0	0.0	0.0	0.0	0.0	0.0	0.0	0.0	0.0	0.0
0.0	0.0	0.0	0.0	0.0	0.0	0.0	0.0	0.0	0.0	0.0	0.0	0.0	0.0	0.0	0.0	0.0	0.0	0.0	0.0	0.0	0.0	0.0	0.0	0.0	0.0	0.0	0.0	0.0	0.0	0.0	0.0	0.0	0.0	0.0	0.0	0.0	0.0	0.0	0.0	0.0	0.0	0.0	0.0	0.0	0.0	0.0	0.0	0.0	0.0	0.0	0.0	0.0	0.0	0.0	0.0	0.0	0.0	0.0	0.0	0.0	0.0	0.0	0.0	0.0	0.0	0.0	0.0	0.0	0.0	0.0	0.0	0.0	0.0	0.0	0.0	0.0	0.0	0.0	0.0	0.0	0.0	0.0	0.0	0.0	0.0	0.0	0.0	0.0	0.0	0.0	0.0	0.0	0.0	0.0	0.0	0.0	0.0	0.0	0.0	0.0	0.0	0.0	0.0	0.0	0.0	0.0	0.0	0.0	0.0	0.0	0.0	0.0	0.0	0.0	0.0	0.0	0.0	0.0	0.0	0.0	0.0	0.0	0.0	0.0	0.0	0.0	0.0	0.0	0.0	0.0	0.0	0.0	0.0	0.0	0.0	0.0	0.0	0.0	0.0	0.0	0.0	0.0	0.0	0.0	0.0	0.0	0.0	0.0	0.0	0.0	0.0	0.0	0.0	0.0	0.0	0.0	0.0	0.0	0.0	0.0	0.0	0.0	0.0	0.0	0.0	0.0	0.0	0.0	0.0	0.0	0.0	0.0	0.0	0.0	0.0	0.0	0.0	0.0	0.0	0.0	0.0	0.0	0.0	0.0	0.0	0.0	0.0	0.0	0.0	0.0	0.0	0.0	0.0	0.0	0.0	0.0	0.0	0.0	0.0	0.0	0.0	0.0	0.0	0.0	0.0	0.0	0.0	0.0	0.0	0.0	0.0	0.0	0.0	0.0	0.0	0.0	0.0	0.0	0.0	0.0	0.0	0.0	0.0	0.0	0.0	0.0	0.0	0.0	0.0	0.0	0.0	0.0	0.0	0.0	0.0	0.0	0.0	0.0	0.0	0.0	0.0	0.0	0.0	0.0	0.0	0.0	0.0	0.0	0.0	0.0	0.0	0.0	0.0	0.0	0.0	0.0	0.0	0.0	0.0	0.0	0.0	0.0	0.0	0.0	130.0	27.0	0.0	0.0	0.0	0.0	1.0	0.0	0.0	5.0	0.0	0.0	0.0	0.0	0.0	0.0	0.0	0.0	0.0	0.0	0.0	0.0	0.0	0.0	0.0	20.0	228.0	140.0	182.0	150.0	93.0	86.0	5.0	0.0	0.0	0.0	0.0	0.0	0.0	0.0	26.0	90.0	0.0	0.0	0.0	1.0	1.0	0.0	0.0	0.0	0.0	8.0	249.0	149.0	100.0	109.0	41.0	126.0	105.0	128.0	137.0	58.0	0.0	0.0	31.0	76.0	140.0	171.0	159.0	150.0	19.0	1.0	0.0	0.0	0.0	0.0	0.0	0.0	3.0	86.0	102.0	69.0	1.0	130.0	90.0	90.0	255.0	170.0	194.0	159.0	187.0	183.0	170.0	150.0	161.0	149.0	163.0	133.0	46.0	0.0	0.0	1.0	15.0	38.0	85.0	90.0	93.0	86.0	100.0	149.0	138.0	143.0	180.0	93.0	50.0	93.0	152.0	178.0	98.0	159.0	90.0	90.0	83.0	86.0	131.0	55.0	57.0	27.0	93.0	71.0	78.0	45.0	102.0	36.0	48.0	65.0	78.0	104.0	152.0	189.0	135.0	175.0	100.0	20.0	12.0	43.0	71.0	83.0	104.0	97.0	135.0	95.0	69.0	222.0	117.0	8.0	32.0	48.0	64.0	67.0	72.0	50.0	76.0	79.0	143.0	126.0	116.0	65.0	121.0	152.0	244.0	126.0	74.0	149.0	150.0	161.0	138.0	74.0	114.0	133.0	119.0	161.0	78.0	22.0	6.0	0.0	1.0	10.0	27.0	50.0	58.0	53.0	72.0	36.0	71.0	78.0	121.0	91.0	97.0	121.0	124.0	126.0	97.0	98.0	116.0	83.0	97.0	102.0	88.0	76.0	60.0	34.0	46.0	43.0	39.0	32.0	19.0	5.0	5.0	12.0	17.0	20.0	19.0	15.0	5.0	20.0	27.0	20.0	12.0	8.0	12.0	8.0	10.0	17.0	15.0	13.0	6.0	6.0	57.0	0.0	1.0	19.0	36.0	38.0	46.0	52.0	52.0	45.0	43.0	41.0	41.0	39.0	34.0	32.0	32.0	36.0	39.0	39.0	34.0	36.0	39.0	39.0	41.0	43.0	38.0	50.0	102.0	0.0	0.0	0.0	0.0	0.0	3.0	15.0	24.0	29.0	31.0	29.0	26.0	24.0	26.0	26.0	24.0	24.0	29.0	34.0	31.0	31.0	32.0	38.0	36.0	29.0	26.0	24.0	0.0	0.0	0.0	0.0	0.0	0.0	0.0	0.0	0.0	0.0	0.0	0.0	0.0	0.0	0.0	0.0	0.0	0.0	0.0	0.0	0.0	0.0	0.0	0.0	0.0	0.0	0.0	0.0	0.0	0.0	0.0	0.0	0.0	0.0	0.0	0.0	0.0	0.0	0.0	0.0	0.0	0.0	0.0	0.0	0.0	0.0	0.0	0.0	0.0	0.0	0.0	0.0	0.0	0.0	0.0	0.0	0.0	0.0	0.0	0.0	0.0	0.0	0.0	0.0	0.0	0.0	0.0	0.0	0.0	0.0	0.0	0.0	0.0	0.0	0.0	0.0	0.0	0.0	0.0	0.0	0.0	0.0	0.0	0.0	0.0	0.0	0.0	0.0	0.0	0.0	0.0	0.0	0.0	0.0	0.0	0.0	0.0	0.0	0.0	0.0	0.0	0.0	0.0	0.0	0.0	0.0	0.0	0.0	0.0	0.0	0.0	0.0	0.0	0.0	0.0	0.0	0.0	0.0	0.0	0.0	0.0	0.0	0.0	0.0	0.0	0.0	0.0	0.0	0.0	0.0	0.0	0.0	0.0	0.0	0.0	0.0	0.0	0.0	0.0	0.0	0.0	0.0	0.0	0.0	0.0	0.0	0.0	0.0	0.0	0.0	0.0	0.0	0.0	0.0	0.0	0.0	0.0	0.0	0.0	0.0	0.0	0.0	0.0	0.0	0.0	0.0	0.0	0.0	0.0	0.0	0.0	0.0	0.0	0.0	0.0	0.0	0.0	0.0	0.0	0.0	0.0	0.0	0.0	0.0	0.0	0.0	0.0	0.0	0.0	0.0	0.0	0.0	0.0	0.0	0.0	0.0	0.0	0.0	0.0	0.0	0.0	0.0	0.0	0.0	0.0	0.0	0.0	0.0	0.0	0.0	0.0	0.0	0.0	0.0	0.0	0.0	0.0	0.0	0.0	0.0	0.0	0.0	0.0	0.0	0.0
0.0	0.0	0.0	0.0	0.0	0.0	0.0	0.0	0.0	0.0	0.0	157.0	153.0	134.0	116.0	76.0	11.0	0.0	0.0	1.0	0.0	0.0	0.0	0.0	0.0	0.0	0.0	0.0	0.0	0.0	0.0	0.0	0.0	0.0	0.0	0.0	0.0	0.0	43.0	255.0	220.0	240.0	244.0	254.0	224.0	0.0	0.0	1.0	0.0	0.0	0.0	0.0	0.0	0.0	0.0	0.0	0.0	0.0	0.0	0.0	0.0	0.0	0.0	0.0	0.0	0.0	148.0	226.0	207.0	209.0	201.0	205.0	217.0	50.0	0.0	2.0	0.0	0.0	0.0	0.0	0.0	0.0	0.0	0.0	0.0	0.0	0.0	0.0	0.0	0.0	0.0	0.0	0.0	0.0	210.0	225.0	212.0	215.0	212.0	208.0	242.0	127.0	0.0	0.0	0.0	0.0	0.0	0.0	0.0	0.0	0.0	0.0	0.0	0.0	0.0	0.0	0.0	0.0	0.0	0.0	0.0	0.0	210.0	227.0	210.0	216.0	211.0	207.0	232.0	149.0	0.0	0.0	0.0	0.0	0.0	0.0	0.0	0.0	0.0	0.0	0.0	0.0	0.0	0.0	0.0	0.0	0.0	0.0	0.0	0.0	133.0	255.0	209.0	214.0	211.0	210.0	219.0	211.0	0.0	0.0	0.0	0.0	0.0	0.0	0.0	0.0	0.0	0.0	0.0	0.0	0.0	0.0	0.0	0.0	0.0	0.0	0.0	0.0	11.0	242.0	215.0	215.0	212.0	210.0	204.0	243.0	93.0	0.0	0.0	0.0	0.0	0.0	0.0	0.0	0.0	0.0	0.0	0.0	0.0	0.0	0.0	0.0	0.0	0.0	0.0	0.0	41.0	255.0	206.0	217.0	215.0	211.0	207.0	211.0	127.0	0.0	0.0	0.0	0.0	0.0	0.0	0.0	0.0	0.0	0.0	0.0	0.0	0.0	0.0	0.0	0.0	0.0	0.0	0.0	130.0	255.0	217.0	216.0	216.0	211.0	206.0	219.0	172.0	0.0	0.0	0.0	0.0	0.0	0.0	0.0	0.0	0.0	0.0	0.0	0.0	0.0	0.0	0.0	0.0	0.0	0.0	0.0	194.0	226.0	227.0	240.0	217.0	213.0	205.0	218.0	187.0	0.0	0.0	0.0	0.0	0.0	0.0	0.0	0.0	0.0	0.0	0.0	0.0	0.0	0.0	0.0	0.0	0.0	0.0	0.0	234.0	218.0	216.0	255.0	238.0	225.0	208.0	219.0	145.0	0.0	0.0	0.0	0.0	0.0	0.0	0.0	0.0	0.0	0.0	0.0	0.0	0.0	0.0	0.0	0.0	0.0	0.0	4.0	253.0	212.0	224.0	236.0	40.0	253.0	208.0	220.0	106.0	0.0	0.0	0.0	0.0	0.0	0.0	0.0	0.0	0.0	0.0	0.0	0.0	0.0	0.0	0.0	0.0	0.0	0.0	58.0	253.0	207.0	254.0	114.0	0.0	250.0	214.0	219.0	81.0	0.0	0.0	0.0	0.0	0.0	0.0	0.0	0.0	0.0	0.0	0.0	0.0	0.0	0.0	0.0	0.0	0.0	0.0	101.0	249.0	212.0	241.0	0.0	0.0	207.0	222.0	217.0	73.0	0.0	0.0	0.0	0.0	0.0	0.0	0.0	0.0	0.0	0.0	0.0	0.0	0.0	0.0	0.0	0.0	0.0	0.0	155.0	218.0	222.0	142.0	0.0	0.0	147.0	226.0	219.0	88.0	0.0	0.0	0.0	0.0	0.0	0.0	0.0	0.0	0.0	0.0	0.0	0.0	0.0	0.0	0.0	0.0	0.0	0.0	213.0	213.0	251.0	38.0	0.0	0.0	101.0	231.0	217.0	69.0	0.0	0.0	0.0	0.0	0.0	0.0	0.0	0.0	0.0	0.0	0.0	0.0	0.0	0.0	0.0	0.0	0.0	0.0	206.0	218.0	238.0	2.0	0.0	0.0	41.0	221.0	222.0	113.0	0.0	0.0	0.0	0.0	0.0	0.0	0.0	0.0	0.0	0.0	0.0	0.0	0.0	0.0	0.0	0.0	0.0	0.0	131.0	226.0	206.0	0.0	0.0	0.0	0.0	199.0	230.0	178.0	0.0	0.0	0.0	0.0	0.0	0.0	0.0	0.0	0.0	0.0	0.0	0.0	0.0	0.0	0.0	0.0	0.0	0.0	48.0	222.0	219.0	53.0	0.0	1.0	0.0	164.0	232.0	196.0	0.0	0.0	0.0	0.0	0.0	0.0	0.0	0.0	0.0	0.0	0.0	0.0	0.0	0.0	0.0	0.0	0.0	0.0	0.0	213.0	228.0	101.0	0.0	5.0	0.0	115.0	231.0	206.0	0.0	0.0	0.0	0.0	0.0	0.0	0.0	0.0	0.0	0.0	0.0	0.0	0.0	0.0	0.0	0.0	0.0	0.0	0.0	193.0	232.0	89.0	0.0	6.0	0.0	91.0	234.0	197.0	0.0	0.0	0.0	0.0	0.0	0.0	0.0	0.0	0.0	0.0	0.0	0.0	0.0	0.0	0.0	0.0	0.0	0.0	0.0	158.0	240.0	74.0	0.0	5.0	0.0	57.0	236.0	180.0	0.0	0.0	0.0	0.0	0.0	0.0	0.0	0.0	0.0	0.0	0.0	0.0	0.0	0.0	0.0	0.0	0.0	0.0	0.0	136.0	243.0	102.0	0.0	5.0	0.0	36.0	237.0	167.0	0.0	0.0	0.0	0.0	0.0	0.0	0.0	0.0	0.0	0.0	0.0	0.0	0.0	0.0	0.0	0.0	0.0	0.0	0.0	80.0	245.0	130.0	0.0	5.0	0.0	26.0	237.0	162.0	0.0	0.0	0.0	0.0	0.0	0.0	0.0	0.0	0.0	0.0	0.0	0.0	0.0	0.0	0.0	0.0	0.0	0.0	0.0	62.0	246.0	149.0	0.0	2.0	0.0	27.0	239.0	160.0	0.0	0.0	0.0	0.0	0.0	0.0	0.0	0.0	0.0	0.0	0.0	0.0	0.0	0.0	0.0	0.0	0.0	0.0	0.0	1.0	226.0	126.0	0.0	4.0	0.0	0.0	218.0	176.0	0.0	0.0	0.0	0.0	0.0	0.0	0.0	0.0	0.0	0.0	0.0	0.0	0.0	0.0	0.0	0.0	0.0	0.0	1.0	0.0	134.0	120.0	0.0	2.0	0.0	0.0	61.0	229.0	0.0	0.0	0.0	0.0	0.0	0.0	0.0	0.0	0.0	0.0	0.0	0.0	0.0	0.0	0.0	0.0	0.0	0.0	1.0	0.0	19.0	60.0	0.0	3.0	1.0	0.0	0.0	75.0	0.0	0.0	0.0	0.0	0.0	0.0	0.0	0.0	0.0
0.0	0.0	0.0	0.0	0.0	0.0	0.0	0.0	0.0	0.0	40.0	104.0	179.0	205.0	190.0	192.0	194.0	194.0	71.0	0.0	0.0	0.0	0.0	0.0	0.0	0.0	0.0	0.0	0.0	0.0	0.0	0.0	0.0	0.0	0.0	0.0	109.0	235.0	255.0	255.0	250.0	254.0	240.0	214.0	249.0	255.0	255.0	237.0	125.0	0.0	0.0	0.0	0.0	0.0	0.0	0.0	0.0	0.0	0.0	0.0	0.0	0.0	0.0	149.0	252.0	235.0	229.0	223.0	224.0	228.0	232.0	229.0	229.0	228.0	227.0	235.0	248.0	250.0	0.0	0.0	0.0	0.0	0.0	0.0	0.0	0.0	0.0	0.0	2.0	0.0	31.0	240.0	227.0	227.0	233.0	232.0	232.0	231.0	230.0	231.0	230.0	232.0	233.0	230.0	222.0	250.0	153.0	0.0	0.0	0.0	0.0	0.0	0.0	0.0	0.0	0.0	1.0	0.0	123.0	249.0	227.0	233.0	230.0	232.0	231.0	231.0	231.0	231.0	231.0	232.0	231.0	231.0	230.0	234.0	209.0	0.0	0.0	0.0	0.0	0.0	0.0	0.0	0.0	0.0	0.0	0.0	206.0	244.0	229.0	236.0	227.0	232.0	231.0	231.0	232.0	232.0	232.0	233.0	231.0	231.0	231.0	230.0	238.0	37.0	0.0	0.0	0.0	0.0	0.0	0.0	0.0	0.0	0.0	0.0	253.0	238.0	224.0	237.0	229.0	230.0	231.0	231.0	231.0	231.0	231.0	233.0	230.0	229.0	231.0	227.0	245.0	108.0	0.0	0.0	0.0	0.0	0.0	0.0	0.0	0.0	0.0	16.0	239.0	232.0	232.0	235.0	231.0	229.0	231.0	231.0	231.0	231.0	231.0	231.0	228.0	228.0	232.0	229.0	243.0	164.0	0.0	0.0	0.0	0.0	0.0	0.0	0.0	0.0	0.0	69.0	249.0	230.0	236.0	233.0	233.0	228.0	231.0	231.0	231.0	231.0	231.0	231.0	228.0	228.0	232.0	228.0	237.0	214.0	0.0	0.0	0.0	0.0	0.0	0.0	0.0	0.0	0.0	132.0	250.0	230.0	243.0	233.0	233.0	230.0	231.0	231.0	232.0	232.0	232.0	233.0	227.0	232.0	243.0	230.0	234.0	246.0	0.0	0.0	0.0	0.0	0.0	0.0	0.0	0.0	0.0	169.0	249.0	231.0	247.0	245.0	234.0	230.0	231.0	231.0	232.0	232.0	232.0	234.0	229.0	231.0	246.0	231.0	231.0	255.0	0.0	0.0	0.0	0.0	0.0	0.0	0.0	0.0	0.0	211.0	242.0	255.0	158.0	146.0	255.0	224.0	231.0	231.0	232.0	232.0	232.0	232.0	235.0	225.0	245.0	241.0	229.0	255.0	15.0	0.0	0.0	0.0	0.0	0.0	0.0	0.0	0.0	236.0	237.0	255.0	47.0	159.0	255.0	225.0	232.0	231.0	232.0	232.0	233.0	231.0	234.0	234.0	202.0	235.0	229.0	255.0	41.0	0.0	0.0	0.0	0.0	0.0	0.0	0.0	0.0	255.0	233.0	255.0	84.0	226.0	245.0	231.0	233.0	233.0	233.0	233.0	233.0	231.0	233.0	237.0	223.0	242.0	226.0	255.0	66.0	0.0	0.0	0.0	0.0	0.0	0.0	0.0	0.0	255.0	231.0	255.0	144.0	245.0	234.0	233.0	233.0	233.0	233.0	233.0	233.0	234.0	228.0	235.0	225.0	242.0	226.0	255.0	92.0	0.0	0.0	0.0	0.0	0.0	0.0	0.0	30.0	237.0	229.0	241.0	189.0	242.0	232.0	233.0	233.0	233.0	233.0	233.0	233.0	235.0	230.0	238.0	205.0	237.0	229.0	255.0	99.0	0.0	0.0	0.0	0.0	0.0	0.0	0.0	52.0	255.0	243.0	244.0	221.0	246.0	233.0	234.0	233.0	233.0	234.0	232.0	231.0	232.0	233.0	232.0	236.0	250.0	228.0	255.0	102.0	0.0	0.0	0.0	0.0	0.0	0.0	0.0	99.0	191.0	97.0	255.0	135.0	241.0	231.0	230.0	231.0	231.0	232.0	232.0	230.0	231.0	227.0	247.0	175.0	216.0	236.0	255.0	110.0	0.0	0.0	0.0	0.0	0.0	0.0	0.0	107.0	93.0	30.0	255.0	81.0	255.0	239.0	239.0	236.0	235.0	233.0	233.0	232.0	234.0	231.0	255.0	110.0	182.0	242.0	255.0	125.0	0.0	0.0	0.0	0.0	0.0	0.0	0.0	138.0	142.0	90.0	228.0	6.0	212.0	244.0	216.0	227.0	231.0	232.0	232.0	229.0	222.0	254.0	255.0	90.0	163.0	243.0	238.0	137.0	0.0	0.0	0.0	0.0	0.0	0.0	0.0	103.0	108.0	27.0	196.0	0.0	0.0	0.0	0.0	0.0	4.0	10.0	8.0	6.0	0.0	0.0	0.0	0.0	130.0	245.0	236.0	139.0	0.0	0.0	0.0	0.0	0.0	0.0	0.0	117.0	86.0	75.0	122.0	0.0	0.0	0.0	0.0	0.0	0.0	0.0	0.0	0.0	0.0	0.0	0.0	0.0	81.0	246.0	238.0	135.0	0.0	0.0	0.0	0.0	0.0	0.0	0.0	141.0	182.0	108.0	138.0	0.0	2.0	1.0	1.0	3.0	4.0	3.0	2.0	4.0	3.0	0.0	4.0	0.0	59.0	239.0	237.0	137.0	0.0	0.0	0.0	0.0	0.0	0.0	0.0	36.0	50.0	64.0	33.0	0.0	4.0	0.0	0.0	0.0	0.0	0.0	0.0	0.0	0.0	0.0	3.0	0.0	28.0	235.0	240.0	132.0	0.0	0.0	0.0	0.0	0.0	0.0	0.0	179.0	183.0	190.0	39.0	0.0	4.0	0.0	0.0	0.0	0.0	0.0	0.0	0.0	0.0	0.0	3.0	0.0	21.0	233.0	239.0	147.0	0.0	0.0	0.0	0.0	0.0	0.0	0.0	102.0	255.0	229.0	0.0	0.0	4.0	0.0	0.0	0.0	0.0	0.0	0.0	0.0	0.0	0.0	3.0	0.0	0.0	218.0	243.0	104.0	0.0	0.0	0.0	0.0	0.0	0.0	0.0	94.0	255.0	202.0	0.0	0.0	2.0	0.0	0.0	0.0	0.0	0.0	0.0	0.0	0.0	0.0	1.0	0.0	0.0	201.0	255.0	71.0	0.0	0.0	0.0	0.0	0.0	0.0	0.0	64.0	202.0	154.0	0.0	0.0	1.0	0.0	0.0	0.0	0.0	0.0	0.0	0.0	0.0	0.0	1.0	0.0	0.0	159.0	207.0	51.0	0.0	0.0	0.0
0.0	0.0	0.0	0.0	0.0	0.0	0.0	0.0	0.0	0.0	0.0	0.0	0.0	0.0	0.0	0.0	0.0	0.0	0.0	0.0	0.0	0.0	0.0	0.0	0.0	0.0	0.0	0.0	0.0	0.0	0.0	0.0	0.0	0.0	0.0	0.0	0.0	0.0	0.0	0.0	0.0	0.0	0.0	0.0	0.0	0.0	0.0	0.0	0.0	0.0	0.0	0.0	0.0	0.0	0.0	0.0	0.0	0.0	0.0	0.0	0.0	0.0	0.0	0.0	0.0	0.0	0.0	0.0	0.0	0.0	0.0	0.0	0.0	0.0	0.0	0.0	0.0	0.0	0.0	0.0	0.0	0.0	0.0	0.0	0.0	0.0	0.0	0.0	0.0	0.0	0.0	0.0	0.0	0.0	0.0	0.0	0.0	0.0	0.0	0.0	0.0	0.0	0.0	0.0	0.0	0.0	0.0	0.0	0.0	0.0	0.0	0.0	0.0	0.0	0.0	0.0	0.0	0.0	0.0	0.0	0.0	0.0	0.0	0.0	0.0	0.0	0.0	0.0	0.0	0.0	0.0	0.0	0.0	0.0	0.0	0.0	0.0	0.0	0.0	0.0	0.0	0.0	0.0	3.0	3.0	0.0	0.0	0.0	0.0	0.0	11.0	30.0	33.0	48.0	52.0	60.0	48.0	52.0	37.0	30.0	15.0	0.0	0.0	0.0	0.0	0.0	0.0	0.0	0.0	0.0	0.0	0.0	0.0	0.0	0.0	18.0	60.0	67.0	82.0	86.0	82.0	67.0	60.0	45.0	67.0	63.0	60.0	75.0	86.0	82.0	67.0	22.0	0.0	0.0	0.0	0.0	0.0	0.0	0.0	0.0	0.0	7.0	90.0	108.0	71.0	71.0	60.0	60.0	75.0	67.0	67.0	67.0	67.0	71.0	71.0	52.0	63.0	78.0	71.0	112.0	105.0	11.0	0.0	0.0	0.0	0.0	0.0	0.0	11.0	112.0	90.0	63.0	67.0	82.0	93.0	90.0	75.0	82.0	71.0	150.0	67.0	86.0	75.0	90.0	101.0	90.0	78.0	60.0	101.0	108.0	7.0	0.0	0.0	0.0	0.0	0.0	86.0	93.0	75.0	90.0	90.0	71.0	67.0	75.0	93.0	63.0	120.0	191.0	86.0	82.0	97.0	78.0	90.0	101.0	93.0	93.0	75.0	105.0	86.0	0.0	0.0	0.0	0.0	7.0	108.0	67.0	93.0	82.0	86.0	86.0	86.0	82.0	82.0	71.0	93.0	120.0	67.0	90.0	93.0	93.0	97.0	101.0	97.0	112.0	97.0	90.0	112.0	7.0	0.0	0.0	0.0	30.0	97.0	78.0	86.0	86.0	90.0	90.0	90.0	86.0	90.0	101.0	75.0	97.0	86.0	97.0	97.0	97.0	101.0	101.0	101.0	105.0	105.0	93.0	123.0	41.0	0.0	0.0	0.0	150.0	90.0	90.0	93.0	101.0	97.0	101.0	97.0	97.0	97.0	101.0	97.0	116.0	105.0	97.0	105.0	105.0	108.0	108.0	108.0	108.0	116.0	108.0	120.0	60.0	0.0	0.0	56.0	213.0	90.0	116.0	101.0	112.0	108.0	108.0	105.0	105.0	105.0	97.0	123.0	101.0	105.0	112.0	108.0	108.0	112.0	116.0	116.0	108.0	127.0	120.0	105.0	161.0	0.0	0.0	172.0	153.0	82.0	116.0	108.0	116.0	108.0	108.0	105.0	105.0	105.0	108.0	116.0	105.0	108.0	116.0	112.0	112.0	112.0	112.0	116.0	108.0	123.0	116.0	123.0	180.0	0.0	0.0	108.0	15.0	112.0	105.0	112.0	108.0	112.0	120.0	116.0	120.0	116.0	116.0	112.0	116.0	120.0	116.0	112.0	112.0	112.0	112.0	116.0	112.0	120.0	116.0	131.0	101.0	0.0	30.0	108.0	60.0	131.0	105.0	112.0	120.0	123.0	127.0	120.0	120.0	120.0	116.0	116.0	116.0	116.0	116.0	112.0	112.0	112.0	112.0	116.0	116.0	123.0	120.0	135.0	63.0	0.0	3.0	45.0	60.0	138.0	112.0	123.0	135.0	131.0	127.0	123.0	123.0	116.0	116.0	120.0	120.0	120.0	116.0	112.0	112.0	112.0	112.0	120.0	120.0	123.0	116.0	150.0	78.0	0.0	0.0	0.0	67.0	138.0	116.0	131.0	138.0	138.0	135.0	131.0	123.0	120.0	120.0	123.0	120.0	123.0	127.0	112.0	116.0	112.0	108.0	120.0	123.0	131.0	120.0	157.0	78.0	3.0	3.0	206.0	172.0	161.0	187.0	187.0	191.0	195.0	187.0	168.0	157.0	150.0	150.0	116.0	116.0	120.0	105.0	105.0	108.0	112.0	116.0	112.0	108.0	112.0	112.0	153.0	75.0	176.0	105.0	255.0	191.0	138.0	168.0	168.0	172.0	180.0	183.0	168.0	153.0	138.0	142.0	146.0	153.0	142.0	131.0	135.0	131.0	127.0	120.0	127.0	127.0	123.0	108.0	138.0	52.0	97.0	157.0	213.0	48.0	108.0	97.0	112.0	116.0	123.0	127.0	123.0	108.0	93.0	63.0	172.0	221.0	195.0	202.0	187.0	172.0	153.0	142.0	105.0	90.0	86.0	78.0	86.0	11.0	78.0	153.0	187.0	67.0	97.0	93.0	108.0	120.0	112.0	105.0	120.0	108.0	105.0	71.0	0.0	0.0	0.0	0.0	0.0	0.0	0.0	0.0	0.0	0.0	0.0	0.0	0.0	0.0	0.0	0.0	0.0	0.0	0.0	0.0	0.0	0.0	0.0	0.0	0.0	0.0	0.0	0.0	0.0	0.0	0.0	0.0	0.0	0.0	0.0	0.0	0.0	0.0	0.0	0.0	0.0	0.0	0.0	0.0	0.0	0.0	0.0	0.0	0.0	0.0	0.0	0.0	0.0	0.0	0.0	0.0	0.0	0.0	0.0	0.0	0.0	0.0	0.0	0.0	0.0	0.0	0.0	0.0	0.0	0.0	0.0	0.0	0.0	0.0	0.0	0.0	0.0	0.0	0.0	0.0	0.0	0.0	0.0	0.0	0.0	0.0	0.0	0.0	0.0	0.0	0.0	0.0	0.0	0.0	0.0	0.0	0.0	0.0	0.0	0.0	0.0	0.0	0.0	0.0	0.0	0.0	0.0	0.0	0.0	0.0	0.0	0.0	0.0	0.0	0.0	0.0	0.0	0.0	0.0	0.0	0.0	0.0	0.0	0.0	0.0	0.0	0.0	0.0	0.0	0.0	0.0	0.0	0.0	0.0	0.0	0.0	0.0	0.0	0.0	0.0	0.0	0.0	0.0	0.0	0.0	0.0	0.0	0.0	0.0	0.0	0.0	0.0	0.0	0.0
0.0	0.0	0.0	0.0	1.0	0.0	0.0	0.0	65.0	135.0	169.0	151.0	124.0	102.0	117.0	157.0	172.0	190.0	152.0	47.0	0.0	0.0	0.0	1.0	0.0	0.0	0.0	0.0	0.0	0.0	0.0	1.0	0.0	0.0	106.0	154.0	148.0	180.0	196.0	202.0	180.0	193.0	198.0	190.0	203.0	188.0	191.0	234.0	205.0	91.0	0.0	0.0	0.0	0.0	0.0	0.0	0.0	0.0	0.0	0.0	0.0	108.0	199.0	166.0	122.0	155.0	167.0	217.0	183.0	178.0	188.0	177.0	192.0	170.0	181.0	159.0	158.0	206.0	129.0	0.0	0.0	0.0	0.0	0.0	0.0	0.0	0.0	0.0	0.0	157.0	156.0	165.0	152.0	168.0	148.0	192.0	210.0	207.0	215.0	210.0	169.0	161.0	177.0	154.0	146.0	192.0	190.0	0.0	0.0	0.0	0.0	0.0	0.0	0.0	0.0	0.0	53.0	174.0	155.0	164.0	119.0	167.0	154.0	136.0	148.0	166.0	146.0	145.0	144.0	124.0	129.0	180.0	202.0	188.0	211.0	55.0	0.0	0.0	0.0	0.0	0.0	0.0	0.0	0.0	105.0	175.0	158.0	164.0	106.0	96.0	94.0	119.0	153.0	169.0	152.0	116.0	93.0	141.0	141.0	160.0	196.0	193.0	203.0	120.0	0.0	0.0	0.0	0.0	0.0	0.0	0.0	0.0	138.0	171.0	164.0	160.0	100.0	82.0	100.0	114.0	169.0	168.0	169.0	180.0	112.0	114.0	153.0	125.0	171.0	192.0	199.0	174.0	0.0	0.0	0.0	0.0	0.0	0.0	0.0	0.0	171.0	170.0	165.0	164.0	167.0	156.0	171.0	119.0	153.0	163.0	169.0	119.0	123.0	181.0	144.0	186.0	209.0	189.0	194.0	230.0	0.0	0.0	0.0	0.0	0.0	0.0	0.0	0.0	190.0	167.0	174.0	169.0	116.0	122.0	157.0	78.0	128.0	120.0	196.0	164.0	180.0	201.0	152.0	187.0	207.0	182.0	201.0	240.0	0.0	0.0	0.0	0.0	0.0	0.0	0.0	25.0	198.0	166.0	181.0	187.0	124.0	119.0	149.0	79.0	103.0	125.0	178.0	174.0	198.0	189.0	193.0	191.0	205.0	204.0	196.0	201.0	40.0	0.0	0.0	0.0	0.0	0.0	0.0	49.0	168.0	166.0	187.0	158.0	111.0	100.0	112.0	157.0	89.0	144.0	165.0	170.0	189.0	187.0	214.0	187.0	192.0	209.0	192.0	205.0	71.0	0.0	0.0	0.0	0.0	0.0	0.0	111.0	182.0	169.0	192.0	112.0	99.0	144.0	107.0	203.0	131.0	172.0	183.0	165.0	169.0	190.0	212.0	174.0	132.0	225.0	206.0	225.0	146.0	0.0	0.0	0.0	0.0	0.0	0.0	45.0	136.0	143.0	234.0	103.0	159.0	87.0	126.0	141.0	113.0	135.0	187.0	186.0	187.0	193.0	212.0	181.0	89.0	254.0	174.0	156.0	56.0	0.0	0.0	0.0	0.0	0.0	0.0	0.0	0.0	0.0	0.0	0.0	181.0	90.0	128.0	158.0	121.0	141.0	183.0	188.0	180.0	171.0	205.0	203.0	0.0	0.0	0.0	0.0	0.0	0.0	0.0	0.0	0.0	0.0	0.0	3.0	5.0	0.0	0.0	0.0	203.0	75.0	114.0	131.0	135.0	85.0	156.0	218.0	169.0	176.0	196.0	207.0	0.0	0.0	0.0	1.0	1.0	0.0	0.0	0.0	0.0	0.0	0.0	1.0	2.0	2.0	0.0	0.0	192.0	145.0	175.0	132.0	149.0	113.0	182.0	211.0	175.0	180.0	201.0	228.0	0.0	0.0	0.0	0.0	0.0	0.0	0.0	0.0	0.0	0.0	0.0	0.0	0.0	4.0	0.0	39.0	148.0	159.0	170.0	214.0	110.0	192.0	176.0	182.0	200.0	178.0	195.0	196.0	8.0	0.0	3.0	0.0	0.0	0.0	0.0	0.0	0.0	0.0	0.0	1.0	0.0	4.0	0.0	76.0	148.0	94.0	137.0	193.0	130.0	183.0	126.0	180.0	207.0	189.0	187.0	211.0	38.0	0.0	4.0	0.0	0.0	0.0	0.0	0.0	0.0	0.0	0.0	0.0	0.0	6.0	0.0	80.0	171.0	112.0	174.0	134.0	129.0	172.0	109.0	157.0	190.0	188.0	181.0	216.0	86.0	0.0	3.0	0.0	0.0	0.0	0.0	0.0	0.0	0.0	0.0	0.0	0.0	5.0	0.0	123.0	133.0	113.0	98.0	122.0	153.0	126.0	106.0	189.0	207.0	194.0	196.0	210.0	129.0	0.0	2.0	0.0	0.0	0.0	0.0	0.0	0.0	0.0	0.0	0.0	0.0	0.0	0.0	178.0	120.0	122.0	102.0	146.0	194.0	160.0	187.0	184.0	181.0	194.0	203.0	212.0	177.0	0.0	0.0	0.0	0.0	0.0	0.0	0.0	0.0	0.0	0.0	0.0	0.0	0.0	0.0	147.0	160.0	113.0	147.0	157.0	145.0	125.0	202.0	187.0	191.0	187.0	190.0	215.0	198.0	0.0	0.0	0.0	0.0	0.0	0.0	0.0	0.0	0.0	0.0	0.0	1.0	0.0	0.0	124.0	156.0	94.0	56.0	181.0	105.0	190.0	200.0	176.0	211.0	191.0	180.0	202.0	196.0	0.0	0.0	2.0	0.0	0.0	0.0	0.0	0.0	0.0	0.0	0.0	3.0	0.0	5.0	149.0	151.0	148.0	146.0	213.0	196.0	168.0	174.0	176.0	195.0	193.0	200.0	187.0	201.0	22.0	0.0	2.0	0.0	0.0	0.0	0.0	0.0	0.0	0.0	0.0	4.0	0.0	32.0	153.0	112.0	169.0	106.0	181.0	157.0	144.0	154.0	172.0	179.0	184.0	186.0	193.0	204.0	31.0	0.0	4.0	0.0	0.0	0.0	0.0	0.0	0.0	0.0	0.0	5.0	0.0	62.0	177.0	134.0	148.0	95.0	107.0	119.0	145.0	176.0	159.0	180.0	172.0	172.0	172.0	221.0	80.0	0.0	7.0	0.0	0.0	0.0	0.0	0.0	0.0	0.0	0.0	3.0	0.0	14.0	200.0	209.0	214.0	230.0	239.0	235.0	195.0	215.0	214.0	237.0	250.0	233.0	216.0	213.0	19.0	0.0	3.0	0.0	0.0	0.0	0.0	0.0	0.0	0.0	0.0	0.0	0.0	0.0	0.0	29.0	101.0	134.0	169.0	178.0	164.0	186.0	193.0	177.0	128.0	79.0	9.0	0.0	0.0	2.0	1.0	0.0	0.0	0.0	0.0
0.0	0.0	0.0	0.0	0.0	0.0	0.0	0.0	0.0	0.0	0.0	0.0	0.0	0.0	0.0	0.0	0.0	0.0	0.0	0.0	0.0	0.0	0.0	0.0	0.0	0.0	0.0	0.0	0.0	0.0	0.0	0.0	0.0	0.0	0.0	0.0	1.0	1.0	0.0	1.0	0.0	0.0	0.0	0.0	0.0	0.0	26.0	44.0	80.0	0.0	0.0	0.0	0.0	0.0	0.0	0.0	0.0	0.0	0.0	0.0	0.0	0.0	0.0	0.0	1.0	1.0	4.0	0.0	65.0	162.0	77.0	61.0	177.0	184.0	206.0	196.0	208.0	150.0	0.0	0.0	0.0	0.0	3.0	0.0	0.0	0.0	0.0	0.0	0.0	0.0	0.0	0.0	0.0	0.0	5.0	0.0	59.0	184.0	174.0	172.0	188.0	196.0	187.0	182.0	186.0	184.0	203.0	177.0	202.0	156.0	160.0	58.0	0.0	0.0	0.0	0.0	0.0	0.0	0.0	0.0	0.0	0.0	2.0	0.0	0.0	182.0	163.0	186.0	193.0	109.0	208.0	190.0	170.0	169.0	173.0	193.0	192.0	184.0	186.0	149.0	0.0	0.0	0.0	0.0	0.0	0.0	0.0	0.0	0.0	0.0	0.0	0.0	0.0	156.0	174.0	185.0	213.0	147.0	149.0	153.0	163.0	146.0	162.0	188.0	176.0	179.0	198.0	140.0	0.0	0.0	0.0	0.0	0.0	0.0	0.0	0.0	0.0	0.0	3.0	3.0	0.0	168.0	170.0	114.0	157.0	198.0	217.0	174.0	204.0	185.0	176.0	196.0	184.0	173.0	196.0	81.0	0.0	0.0	0.0	0.0	0.0	0.0	0.0	0.0	0.0	0.0	1.0	6.0	0.0	116.0	212.0	140.0	140.0	156.0	188.0	182.0	186.0	208.0	204.0	226.0	177.0	178.0	255.0	11.0	0.0	0.0	0.0	0.0	0.0	0.0	0.0	0.0	0.0	0.0	0.0	6.0	0.0	53.0	227.0	180.0	203.0	212.0	186.0	148.0	157.0	181.0	176.0	200.0	178.0	184.0	200.0	0.0	0.0	0.0	0.0	0.0	0.0	0.0	0.0	0.0	0.0	0.0	0.0	6.0	0.0	37.0	201.0	196.0	136.0	146.0	234.0	176.0	173.0	173.0	169.0	122.0	189.0	206.0	106.0	0.0	0.0	0.0	0.0	0.0	0.0	0.0	0.0	0.0	0.0	0.0	0.0	5.0	0.0	46.0	182.0	200.0	83.0	197.0	195.0	106.0	169.0	200.0	147.0	136.0	163.0	202.0	30.0	0.0	0.0	0.0	0.0	0.0	0.0	0.0	0.0	0.0	0.0	0.0	0.0	4.0	0.0	28.0	186.0	176.0	96.0	200.0	201.0	126.0	171.0	176.0	131.0	198.0	174.0	166.0	0.0	0.0	0.0	0.0	0.0	0.0	0.0	0.0	0.0	0.0	0.0	1.0	0.0	4.0	0.0	0.0	195.0	184.0	59.0	212.0	216.0	169.0	200.0	194.0	140.0	147.0	178.0	158.0	0.0	0.0	0.0	0.0	0.0	0.0	0.0	0.0	0.0	0.0	0.0	0.0	0.0	4.0	0.0	14.0	217.0	171.0	186.0	203.0	192.0	216.0	204.0	212.0	195.0	200.0	214.0	120.0	0.0	1.0	0.0	0.0	0.0	0.0	0.0	0.0	0.0	0.0	0.0	1.0	0.0	3.0	0.0	108.0	208.0	139.0	165.0	148.0	158.0	187.0	176.0	157.0	168.0	186.0	188.0	50.0	0.0	0.0	0.0	0.0	0.0	0.0	0.0	0.0	0.0	0.0	0.0	0.0	4.0	0.0	0.0	200.0	169.0	139.0	146.0	141.0	140.0	205.0	148.0	138.0	200.0	154.0	173.0	56.0	0.0	0.0	0.0	0.0	0.0	1.0	0.0	0.0	0.0	0.0	0.0	3.0	0.0	0.0	188.0	214.0	186.0	172.0	165.0	160.0	161.0	216.0	182.0	182.0	146.0	156.0	193.0	88.0	0.0	0.0	0.0	0.0	1.0	1.0	0.0	0.0	0.0	0.0	4.0	1.0	0.0	141.0	197.0	173.0	174.0	136.0	163.0	169.0	178.0	193.0	171.0	149.0	141.0	179.0	155.0	115.0	0.0	0.0	1.0	2.0	0.0	0.0	1.0	1.0	6.0	1.0	0.0	0.0	138.0	210.0	195.0	179.0	171.0	152.0	193.0	216.0	203.0	185.0	165.0	144.0	189.0	188.0	160.0	181.0	10.0	0.0	1.0	5.0	1.0	0.0	0.0	0.0	0.0	0.0	0.0	145.0	194.0	162.0	177.0	195.0	208.0	182.0	182.0	155.0	168.0	177.0	182.0	204.0	176.0	173.0	169.0	190.0	80.0	0.0	0.0	0.0	0.0	0.0	0.0	0.0	6.0	104.0	203.0	200.0	171.0	179.0	190.0	170.0	164.0	202.0	200.0	201.0	187.0	163.0	170.0	138.0	190.0	162.0	160.0	212.0	139.0	0.0	0.0	53.0	178.0	208.0	209.0	212.0	212.0	212.0	187.0	158.0	160.0	177.0	166.0	174.0	160.0	156.0	172.0	169.0	196.0	195.0	171.0	187.0	155.0	211.0	193.0	200.0	93.0	0.0	45.0	241.0	229.0	224.0	228.0	224.0	220.0	196.0	153.0	172.0	185.0	185.0	173.0	157.0	174.0	189.0	187.0	224.0	233.0	209.0	181.0	188.0	170.0	201.0	171.0	174.0	102.0	0.0	150.0	226.0	202.0	204.0	208.0	213.0	214.0	221.0	205.0	185.0	177.0	184.0	189.0	184.0	218.0	213.0	206.0	181.0	171.0	181.0	184.0	180.0	180.0	165.0	154.0	184.0	125.0	0.0	180.0	206.0	193.0	197.0	201.0	211.0	216.0	219.0	232.0	232.0	216.0	221.0	217.0	210.0	192.0	189.0	216.0	208.0	196.0	184.0	186.0	192.0	181.0	185.0	173.0	190.0	89.0	0.0	68.0	193.0	210.0	203.0	194.0	186.0	180.0	186.0	180.0	188.0	193.0	187.0	184.0	179.0	187.0	209.0	54.0	84.0	255.0	179.0	181.0	189.0	180.0	169.0	164.0	208.0	78.0	0.0	0.0	0.0	61.0	145.0	208.0	237.0	242.0	230.0	218.0	208.0	214.0	217.0	220.0	226.0	117.0	0.0	0.0	0.0	184.0	218.0	202.0	198.0	241.0	186.0	185.0	170.0	16.0	0.0	1.0	0.0	0.0	0.0	0.0	0.0	49.0	76.0	107.0	128.0	120.0	94.0	77.0	18.0	0.0	0.0	3.0	0.0	0.0	43.0	20.0	25.0	21.0	20.0	24.0	0.0	0.0	0.0
0.0	0.0	0.0	0.0	0.0	0.0	0.0	0.0	47.0	123.0	101.0	109.0	107.0	93.0	96.0	104.0	101.0	98.0	128.0	3.0	0.0	0.0	0.0	0.0	0.0	0.0	0.0	0.0	0.0	0.0	0.0	0.0	0.0	0.0	0.0	0.0	183.0	251.0	239.0	244.0	255.0	255.0	247.0	255.0	240.0	238.0	247.0	79.0	0.0	0.0	0.0	0.0	0.0	0.0	0.0	0.0	0.0	0.0	0.0	0.0	0.0	0.0	0.0	0.0	170.0	232.0	225.0	226.0	227.0	224.0	222.0	224.0	221.0	219.0	228.0	58.0	0.0	0.0	0.0	0.0	0.0	0.0	0.0	0.0	0.0	0.0	0.0	0.0	0.0	0.0	0.0	0.0	175.0	250.0	228.0	231.0	230.0	229.0	225.0	228.0	225.0	221.0	230.0	110.0	0.0	0.0	0.0	0.0	0.0	0.0	0.0	0.0	0.0	0.0	0.0	0.0	0.0	0.0	0.0	0.0	169.0	249.0	226.0	229.0	229.0	226.0	222.0	226.0	224.0	220.0	255.0	101.0	0.0	0.0	0.0	0.0	0.0	0.0	0.0	0.0	0.0	0.0	0.0	0.0	0.0	0.0	0.0	0.0	168.0	248.0	225.0	228.0	228.0	224.0	220.0	223.0	224.0	219.0	255.0	85.0	0.0	0.0	0.0	0.0	0.0	0.0	0.0	0.0	0.0	0.0	0.0	0.0	0.0	0.0	0.0	0.0	175.0	242.0	225.0	229.0	228.0	225.0	222.0	225.0	222.0	220.0	252.0	105.0	0.0	0.0	0.0	0.0	0.0	0.0	0.0	0.0	0.0	0.0	0.0	0.0	0.0	0.0	0.0	0.0	180.0	242.0	225.0	228.0	225.0	231.0	230.0	225.0	223.0	218.0	252.0	95.0	0.0	0.0	0.0	0.0	0.0	0.0	0.0	0.0	0.0	0.0	0.0	0.0	0.0	0.0	0.0	0.0	173.0	243.0	224.0	226.0	228.0	223.0	229.0	224.0	225.0	218.0	252.0	78.0	0.0	0.0	0.0	0.0	0.0	0.0	0.0	0.0	0.0	0.0	0.0	0.0	0.0	0.0	0.0	0.0	202.0	233.0	227.0	223.0	240.0	178.0	213.0	236.0	224.0	217.0	253.0	84.0	0.0	0.0	0.0	0.0	0.0	0.0	0.0	0.0	0.0	0.0	0.0	0.0	0.0	0.0	0.0	0.0	187.0	211.0	221.0	222.0	247.0	164.0	205.0	238.0	220.0	216.0	249.0	78.0	0.0	0.0	0.0	0.0	0.0	0.0	0.0	0.0	0.0	0.0	0.0	0.0	0.0	0.0	0.0	0.0	190.0	225.0	222.0	219.0	255.0	129.0	182.0	245.0	219.0	215.0	251.0	76.0	0.0	0.0	0.0	0.0	0.0	0.0	0.0	0.0	0.0	0.0	0.0	0.0	0.0	0.0	0.0	0.0	199.0	228.0	224.0	216.0	255.0	102.0	168.0	249.0	217.0	215.0	253.0	77.0	0.0	0.0	0.0	0.0	0.0	0.0	0.0	0.0	0.0	0.0	0.0	0.0	0.0	0.0	0.0	0.0	197.0	242.0	225.0	214.0	255.0	83.0	159.0	249.0	216.0	214.0	252.0	61.0	0.0	0.0	0.0	0.0	0.0	0.0	0.0	0.0	0.0	0.0	0.0	0.0	0.0	0.0	0.0	0.0	175.0	202.0	211.0	214.0	255.0	77.0	156.0	248.0	216.0	214.0	252.0	68.0	0.0	0.0	0.0	0.0	0.0	0.0	0.0	0.0	0.0	0.0	0.0	0.0	0.0	0.0	0.0	0.0	185.0	228.0	220.0	212.0	255.0	81.0	158.0	245.0	214.0	214.0	252.0	86.0	0.0	0.0	0.0	0.0	0.0	0.0	0.0	0.0	0.0	0.0	0.0	0.0	0.0	0.0	0.0	0.0	174.0	244.0	222.0	220.0	255.0	87.0	155.0	246.0	215.0	212.0	253.0	84.0	0.0	0.0	0.0	0.0	0.0	0.0	0.0	0.0	0.0	0.0	0.0	0.0	0.0	0.0	0.0	0.0	171.0	241.0	222.0	220.0	255.0	87.0	156.0	248.0	216.0	215.0	254.0	87.0	0.0	0.0	0.0	0.0	0.0	0.0	0.0	0.0	0.0	0.0	0.0	0.0	0.0	0.0	0.0	0.0	184.0	240.0	225.0	213.0	255.0	86.0	166.0	246.0	217.0	217.0	255.0	89.0	0.0	0.0	0.0	0.0	0.0	0.0	0.0	0.0	0.0	0.0	0.0	0.0	0.0	0.0	0.0	0.0	195.0	238.0	219.0	215.0	255.0	99.0	169.0	247.0	219.0	216.0	251.0	93.0	0.0	0.0	0.0	0.0	0.0	0.0	0.0	0.0	0.0	0.0	0.0	0.0	0.0	0.0	0.0	0.0	192.0	237.0	220.0	215.0	255.0	105.0	169.0	250.0	220.0	218.0	252.0	92.0	0.0	0.0	0.0	0.0	0.0	0.0	0.0	0.0	0.0	0.0	0.0	0.0	0.0	0.0	0.0	0.0	192.0	238.0	223.0	220.0	255.0	97.0	179.0	248.0	222.0	219.0	255.0	91.0	0.0	0.0	0.0	0.0	0.0	0.0	0.0	0.0	0.0	0.0	0.0	0.0	0.0	0.0	0.0	0.0	192.0	240.0	223.0	220.0	255.0	99.0	188.0	250.0	223.0	219.0	255.0	84.0	0.0	0.0	0.0	0.0	0.0	0.0	0.0	0.0	0.0	0.0	0.0	0.0	0.0	0.0	0.0	0.0	198.0	238.0	224.0	221.0	255.0	96.0	194.0	245.0	224.0	220.0	255.0	77.0	0.0	0.0	0.0	0.0	0.0	0.0	0.0	0.0	0.0	0.0	0.0	0.0	0.0	0.0	0.0	0.0	207.0	238.0	227.0	221.0	255.0	90.0	202.0	246.0	224.0	221.0	255.0	73.0	0.0	0.0	0.0	0.0	0.0	0.0	0.0	0.0	0.0	0.0	0.0	0.0	0.0	0.0	0.0	0.0	203.0	236.0	225.0	224.0	255.0	95.0	203.0	247.0	225.0	220.0	232.0	72.0	0.0	0.0	0.0	0.0	0.0	0.0	0.0	0.0	0.0	0.0	0.0	0.0	0.0	0.0	0.0	0.0	233.0	244.0	232.0	226.0	255.0	118.0	210.0	255.0	226.0	223.0	239.0	94.0	0.0	0.0	0.0	0.0	0.0	0.0	0.0	0.0	0.0	0.0	0.0	0.0	0.0	0.0	0.0	0.0	157.0	199.0	203.0	191.0	220.0	72.0	159.0	211.0	199.0	201.0	209.0	41.0	0.0	0.0	0.0	0.0	0.0	0.0	0.0	0.0
0.0	0.0	0.0	0.0	0.0	0.0	0.0	0.0	0.0	0.0	0.0	0.0	0.0	0.0	0.0	0.0	0.0	0.0	0.0	0.0	0.0	0.0	0.0	0.0	0.0	0.0	0.0	0.0	0.0	0.0	0.0	0.0	0.0	0.0	0.0	0.0	0.0	0.0	0.0	0.0	0.0	0.0	0.0	0.0	0.0	0.0	0.0	0.0	0.0	0.0	0.0	0.0	0.0	0.0	0.0	0.0	0.0	0.0	0.0	0.0	0.0	0.0	0.0	0.0	0.0	0.0	0.0	0.0	0.0	0.0	0.0	0.0	0.0	0.0	0.0	0.0	0.0	0.0	0.0	0.0	0.0	0.0	0.0	0.0	0.0	0.0	0.0	0.0	0.0	0.0	0.0	0.0	0.0	0.0	0.0	0.0	0.0	0.0	0.0	0.0	0.0	0.0	0.0	0.0	0.0	0.0	0.0	0.0	0.0	0.0	0.0	0.0	0.0	0.0	0.0	0.0	0.0	0.0	0.0	0.0	0.0	0.0	0.0	0.0	0.0	0.0	0.0	0.0	0.0	0.0	0.0	0.0	0.0	0.0	0.0	0.0	0.0	0.0	0.0	0.0	0.0	0.0	0.0	0.0	0.0	0.0	0.0	0.0	0.0	0.0	0.0	0.0	0.0	0.0	0.0	0.0	0.0	0.0	0.0	0.0	0.0	0.0	0.0	0.0	0.0	0.0	0.0	0.0	0.0	0.0	0.0	35.0	49.0	56.0	112.0	106.0	108.0	108.0	96.0	99.0	95.0	86.0	81.0	92.0	101.0	99.0	106.0	84.0	54.0	14.0	0.0	0.0	0.0	0.0	0.0	0.0	0.0	0.0	113.0	156.0	155.0	185.0	229.0	96.0	79.0	78.0	69.0	76.0	86.0	88.0	86.0	86.0	96.0	103.0	103.0	115.0	128.0	145.0	71.0	0.0	0.0	0.0	0.0	0.0	0.0	35.0	115.0	128.0	179.0	166.0	160.0	86.0	54.0	84.0	99.0	109.0	112.0	105.0	122.0	115.0	89.0	76.0	85.0	75.0	113.0	132.0	145.0	38.0	0.0	0.0	0.0	0.0	0.0	135.0	131.0	158.0	142.0	82.0	143.0	84.0	108.0	121.0	116.0	98.0	98.0	91.0	84.0	108.0	128.0	131.0	138.0	129.0	103.0	109.0	143.0	129.0	0.0	0.0	0.0	0.0	12.0	155.0	113.0	109.0	153.0	96.0	136.0	141.0	119.0	129.0	119.0	128.0	141.0	145.0	141.0	118.0	123.0	138.0	122.0	129.0	168.0	163.0	133.0	170.0	34.0	0.0	1.0	0.0	14.0	158.0	94.0	145.0	152.0	126.0	129.0	160.0	116.0	132.0	139.0	146.0	133.0	129.0	141.0	152.0	156.0	155.0	138.0	131.0	92.0	139.0	146.0	145.0	82.0	0.0	1.0	0.0	29.0	182.0	84.0	123.0	131.0	152.0	92.0	178.0	135.0	119.0	129.0	128.0	139.0	139.0	131.0	143.0	151.0	141.0	142.0	128.0	135.0	129.0	138.0	148.0	160.0	0.0	0.0	0.0	32.0	173.0	89.0	118.0	118.0	160.0	131.0	182.0	168.0	118.0	142.0	138.0	148.0	149.0	139.0	132.0	136.0	145.0	142.0	129.0	133.0	145.0	146.0	136.0	190.0	0.0	0.0	0.0	21.0	169.0	98.0	105.0	111.0	168.0	189.0	199.0	188.0	125.0	138.0	141.0	141.0	141.0	142.0	139.0	139.0	145.0	136.0	133.0	132.0	132.0	145.0	135.0	213.0	0.0	0.0	1.0	9.0	169.0	106.0	105.0	116.0	133.0	192.0	166.0	175.0	146.0	126.0	131.0	133.0	136.0	143.0	146.0	145.0	145.0	133.0	128.0	129.0	129.0	139.0	136.0	255.0	66.0	0.0	1.0	0.0	162.0	115.0	96.0	116.0	131.0	173.0	138.0	132.0	185.0	126.0	142.0	151.0	136.0	146.0	146.0	143.0	146.0	139.0	133.0	132.0	133.0	141.0	138.0	243.0	138.0	0.0	0.0	0.0	158.0	125.0	102.0	121.0	125.0	153.0	158.0	91.0	206.0	149.0	148.0	152.0	149.0	152.0	143.0	142.0	146.0	139.0	133.0	132.0	131.0	142.0	106.0	192.0	142.0	1.0	0.0	0.0	122.0	139.0	108.0	123.0	122.0	142.0	163.0	91.0	198.0	169.0	138.0	128.0	142.0	145.0	143.0	148.0	151.0	141.0	132.0	131.0	132.0	141.0	143.0	123.0	96.0	0.0	0.0	0.0	101.0	149.0	135.0	136.0	141.0	136.0	168.0	133.0	207.0	183.0	152.0	146.0	148.0	143.0	145.0	143.0	145.0	143.0	131.0	132.0	133.0	138.0	132.0	112.0	175.0	12.0	0.0	75.0	195.0	132.0	153.0	166.0	170.0	166.0	153.0	125.0	190.0	183.0	166.0	156.0	145.0	142.0	141.0	135.0	136.0	135.0	128.0	129.0	128.0	143.0	135.0	0.0	210.0	101.0	0.0	62.0	168.0	131.0	132.0	122.0	115.0	162.0	156.0	169.0	215.0	207.0	188.0	165.0	162.0	166.0	168.0	169.0	170.0	170.0	166.0	168.0	169.0	170.0	71.0	0.0	58.0	199.0	52.0	0.0	29.0	62.0	113.0	115.0	126.0	138.0	41.0	27.0	24.0	21.0	14.0	9.0	12.0	15.0	15.0	17.0	15.0	11.0	11.0	11.0	18.0	5.0	0.0	0.0	0.0	32.0	31.0	0.0	0.0	0.0	0.0	0.0	0.0	0.0	0.0	0.0	0.0	0.0	0.0	0.0	0.0	0.0	0.0	0.0	0.0	0.0	0.0	0.0	0.0	0.0	0.0	0.0	0.0	0.0	0.0	0.0	0.0	0.0	0.0	0.0	0.0	0.0	0.0	0.0	0.0	0.0	0.0	0.0	0.0	0.0	0.0	0.0	0.0	0.0	0.0	0.0	0.0	0.0	0.0	0.0	0.0	0.0	0.0	0.0	0.0	0.0	0.0	0.0	0.0	0.0	0.0	0.0	0.0	0.0	0.0	0.0	0.0	0.0	0.0	0.0	0.0	0.0	0.0	0.0	0.0	0.0	0.0	0.0	0.0	0.0	0.0	0.0	0.0	0.0	0.0	0.0	0.0	0.0	0.0	0.0	0.0	0.0	0.0	0.0	0.0	0.0	0.0	0.0	0.0	0.0	0.0	0.0	0.0	0.0	0.0	0.0	0.0	0.0	0.0	0.0	0.0	0.0	0.0	0.0	0.0	0.0	0.0	0.0	0.0	0.0	0.0	0.0	0.0	0.0	0.0	0.0	0.0	0.0	0.0	0.0	0.0	0.0	0.0	0.0	0.0	0.0	0.0
0.0	0.0	0.0	0.0	0.0	0.0	0.0	0.0	0.0	0.0	0.0	0.0	0.0	0.0	0.0	0.0	0.0	0.0	0.0	0.0	0.0	0.0	0.0	0.0	0.0	0.0	0.0	0.0	0.0	0.0	0.0	0.0	0.0	0.0	0.0	0.0	0.0	0.0	0.0	0.0	0.0	0.0	0.0	0.0	0.0	0.0	0.0	0.0	0.0	0.0	0.0	0.0	0.0	0.0	0.0	0.0	0.0	0.0	0.0	0.0	0.0	0.0	0.0	0.0	0.0	0.0	0.0	0.0	0.0	0.0	0.0	0.0	0.0	0.0	0.0	0.0	0.0	0.0	0.0	0.0	0.0	0.0	0.0	0.0	0.0	0.0	0.0	0.0	0.0	0.0	0.0	0.0	0.0	0.0	0.0	0.0	0.0	0.0	0.0	0.0	0.0	0.0	0.0	0.0	0.0	0.0	0.0	0.0	0.0	0.0	0.0	0.0	0.0	0.0	0.0	0.0	0.0	0.0	0.0	0.0	0.0	0.0	0.0	0.0	0.0	0.0	0.0	0.0	0.0	0.0	0.0	0.0	0.0	0.0	0.0	0.0	0.0	0.0	0.0	0.0	0.0	0.0	0.0	0.0	0.0	0.0	0.0	0.0	0.0	0.0	0.0	0.0	0.0	0.0	0.0	0.0	0.0	0.0	0.0	0.0	0.0	0.0	0.0	0.0	0.0	0.0	0.0	0.0	0.0	0.0	0.0	0.0	0.0	0.0	0.0	0.0	0.0	0.0	0.0	0.0	0.0	0.0	0.0	0.0	0.0	0.0	0.0	0.0	0.0	0.0	0.0	0.0	0.0	0.0	0.0	0.0	0.0	0.0	0.0	0.0	0.0	0.0	0.0	0.0	0.0	0.0	0.0	0.0	0.0	0.0	0.0	17.0	82.0	90.0	92.0	9.0	0.0	2.0	0.0	2.0	3.0	0.0	0.0	0.0	0.0	0.0	0.0	0.0	0.0	0.0	0.0	0.0	0.0	0.0	0.0	0.0	2.0	0.0	0.0	189.0	157.0	147.0	226.0	251.0	88.0	0.0	0.0	0.0	0.0	5.0	8.0	0.0	0.0	0.0	0.0	0.0	0.0	0.0	0.0	0.0	0.0	0.0	0.0	0.0	5.0	0.0	82.0	232.0	197.0	229.0	218.0	222.0	237.0	6.0	0.0	0.0	0.0	0.0	0.0	0.0	0.0	0.0	0.0	0.0	0.0	0.0	0.0	0.0	0.0	0.0	0.0	0.0	7.0	0.0	101.0	189.0	197.0	157.0	137.0	216.0	229.0	228.0	226.0	217.0	181.0	174.0	126.0	0.0	0.0	0.0	0.0	0.0	1.0	0.0	0.0	0.0	4.0	5.0	0.0	0.0	0.0	0.0	22.0	0.0	0.0	0.0	40.0	188.0	228.0	228.0	233.0	236.0	235.0	252.0	179.0	0.0	0.0	0.0	0.0	0.0	3.0	2.0	0.0	2.0	0.0	0.0	0.0	0.0	45.0	24.0	21.0	0.0	0.0	39.0	106.0	255.0	228.0	240.0	244.0	237.0	221.0	230.0	194.0	0.0	0.0	0.0	0.0	0.0	0.0	0.0	3.0	0.0	22.0	116.0	14.0	15.0	0.0	6.0	0.0	97.0	32.0	0.0	159.0	244.0	255.0	131.0	125.0	197.0	232.0	226.0	247.0	0.0	0.0	2.0	5.0	8.0	3.0	3.0	0.0	0.0	134.0	97.0	0.0	6.0	110.0	108.0	247.0	255.0	255.0	149.0	193.0	236.0	250.0	157.0	165.0	71.0	184.0	234.0	236.0	7.0	0.0	0.0	0.0	0.0	0.0	0.0	0.0	185.0	230.0	209.0	196.0	132.0	255.0	229.0	220.0	217.0	235.0	255.0	255.0	231.0	227.0	252.0	255.0	200.0	232.0	210.0	239.0	38.0	0.0	17.0	72.0	96.0	101.0	113.0	184.0	225.0	210.0	221.0	226.0	226.0	226.0	229.0	234.0	222.0	214.0	220.0	227.0	231.0	230.0	229.0	230.0	242.0	228.0	244.0	255.0	82.0	5.0	105.0	134.0	177.0	226.0	245.0	238.0	226.0	236.0	240.0	238.0	241.0	247.0	245.0	245.0	251.0	241.0	254.0	255.0	255.0	255.0	255.0	246.0	228.0	199.0	165.0	149.0	28.0	57.0	59.0	3.0	0.0	4.0	40.0	81.0	108.0	123.0	139.0	160.0	175.0	182.0	192.0	191.0	188.0	171.0	140.0	116.0	96.0	71.0	59.0	46.0	44.0	45.0	50.0	77.0	57.0	73.0	97.0	92.0	89.0	68.0	60.0	41.0	35.0	30.0	22.0	23.0	21.0	25.0	29.0	32.0	39.0	42.0	48.0	64.0	74.0	90.0	102.0	113.0	121.0	125.0	125.0	147.0	37.0	8.0	40.0	50.0	62.0	80.0	84.0	88.0	93.0	96.0	100.0	103.0	105.0	111.0	113.0	125.0	128.0	124.0	127.0	126.0	121.0	113.0	105.0	100.0	90.0	72.0	55.0	51.0	0.0	0.0	0.0	0.0	0.0	5.0	10.0	16.0	17.0	16.0	23.0	31.0	36.0	40.0	47.0	51.0	51.0	39.0	28.0	18.0	8.0	0.0	0.0	0.0	0.0	0.0	0.0	0.0	0.0	0.0	0.0	0.0	0.0	0.0	0.0	0.0	0.0	0.0	0.0	0.0	0.0	0.0	0.0	0.0	0.0	0.0	0.0	0.0	0.0	0.0	0.0	0.0	0.0	0.0	0.0	0.0	0.0	0.0	0.0	0.0	0.0	0.0	0.0	0.0	0.0	0.0	0.0	0.0	0.0	0.0	0.0	0.0	0.0	0.0	0.0	0.0	0.0	0.0	0.0	0.0	0.0	0.0	0.0	0.0	0.0	0.0	0.0	0.0	0.0	0.0	0.0	0.0	0.0	0.0	0.0	0.0	0.0	0.0	0.0	0.0	0.0	0.0	0.0	0.0	0.0	0.0	0.0	0.0	0.0	0.0	0.0	0.0	0.0	0.0	0.0	0.0	0.0	0.0	0.0	0.0	0.0	0.0	0.0	0.0	0.0	0.0	0.0	0.0	0.0	0.0	0.0	0.0	0.0	0.0	0.0	0.0	0.0	0.0	0.0	0.0	0.0	0.0	0.0	0.0	0.0	0.0	0.0	0.0	0.0	0.0	0.0	0.0	0.0	0.0	0.0	0.0	0.0	0.0	0.0	0.0	0.0	0.0	0.0	0.0	0.0	0.0	0.0	0.0	0.0	0.0	0.0	0.0	0.0	0.0	0.0	0.0	0.0	0.0	0.0	0.0	0.0	0.0	0.0	0.0	0.0	0.0	0.0	0.0	0.0	0.0	0.0	0.0	0.0	0.0	0.0	0.0	0.0
0.0	0.0	0.0	0.0	0.0	0.0	0.0	0.0	0.0	120.0	230.0	155.0	64.0	38.0	57.0	92.0	193.0	220.0	120.0	21.0	0.0	0.0	0.0	0.0	0.0	0.0	0.0	0.0	0.0	0.0	0.0	0.0	0.0	0.0	50.0	167.0	242.0	212.0	208.0	232.0	255.0	252.0	249.0	248.0	226.0	205.0	221.0	251.0	193.0	74.0	0.0	0.0	1.0	0.0	0.0	0.0	0.0	0.0	0.0	0.0	25.0	177.0	216.0	217.0	202.0	201.0	194.0	207.0	224.0	206.0	209.0	226.0	219.0	188.0	187.0	187.0	202.0	211.0	173.0	16.0	0.0	0.0	0.0	0.0	0.0	0.0	0.0	0.0	188.0	219.0	198.0	198.0	195.0	198.0	205.0	195.0	203.0	218.0	224.0	197.0	177.0	184.0	184.0	186.0	187.0	180.0	209.0	157.0	0.0	0.0	0.0	0.0	0.0	0.0	0.0	69.0	224.0	199.0	201.0	198.0	199.0	201.0	200.0	195.0	188.0	187.0	183.0	179.0	187.0	186.0	186.0	188.0	187.0	187.0	197.0	203.0	16.0	0.0	0.0	0.0	0.0	0.0	0.0	160.0	234.0	197.0	206.0	199.0	192.0	193.0	195.0	192.0	191.0	194.0	194.0	190.0	188.0	191.0	191.0	185.0	182.0	181.0	198.0	211.0	80.0	0.0	0.0	0.0	0.0	0.0	0.0	225.0	214.0	210.0	203.0	201.0	200.0	195.0	194.0	195.0	192.0	192.0	194.0	190.0	181.0	177.0	178.0	178.0	180.0	184.0	201.0	206.0	147.0	0.0	0.0	0.0	0.0	0.0	6.0	220.0	197.0	207.0	232.0	204.0	199.0	200.0	192.0	193.0	188.0	188.0	190.0	193.0	183.0	178.0	178.0	178.0	175.0	199.0	205.0	197.0	207.0	0.0	0.0	0.0	0.0	0.0	121.0	242.0	196.0	194.0	232.0	220.0	208.0	195.0	195.0	193.0	190.0	190.0	188.0	194.0	186.0	179.0	179.0	184.0	170.0	198.0	207.0	186.0	195.0	59.0	0.0	0.0	0.0	0.0	114.0	180.0	206.0	214.0	239.0	224.0	220.0	207.0	198.0	195.0	195.0	189.0	193.0	197.0	189.0	179.0	175.0	179.0	172.0	233.0	228.0	205.0	207.0	140.0	0.0	0.0	0.0	0.0	0.0	0.0	11.0	150.0	179.0	216.0	224.0	213.0	195.0	193.0	193.0	189.0	195.0	192.0	194.0	181.0	183.0	187.0	170.0	208.0	202.0	87.0	20.0	0.0	0.0	0.0	0.0	0.0	0.0	0.0	0.0	0.0	0.0	247.0	223.0	217.0	196.0	194.0	194.0	191.0	192.0	187.0	195.0	183.0	190.0	195.0	177.0	0.0	0.0	0.0	0.0	0.0	0.0	0.0	0.0	0.0	0.0	0.0	2.0	0.0	0.0	237.0	226.0	217.0	193.0	195.0	195.0	191.0	188.0	189.0	191.0	191.0	182.0	189.0	163.0	0.0	0.0	2.0	1.0	0.0	0.0	0.0	0.0	0.0	0.0	0.0	1.0	0.0	0.0	224.0	230.0	217.0	192.0	197.0	195.0	194.0	191.0	189.0	185.0	199.0	178.0	192.0	151.0	0.0	0.0	0.0	0.0	0.0	0.0	0.0	0.0	0.0	0.0	0.0	0.0	0.0	0.0	183.0	234.0	217.0	191.0	199.0	193.0	195.0	191.0	193.0	183.0	196.0	183.0	194.0	165.0	0.0	0.0	0.0	0.0	0.0	0.0	0.0	0.0	0.0	0.0	0.0	0.0	0.0	0.0	181.0	235.0	215.0	192.0	199.0	196.0	196.0	196.0	195.0	187.0	185.0	186.0	190.0	168.0	0.0	0.0	0.0	0.0	0.0	0.0	0.0	0.0	0.0	0.0	0.0	1.0	0.0	0.0	183.0	234.0	210.0	198.0	200.0	202.0	197.0	203.0	194.0	191.0	189.0	190.0	185.0	170.0	0.0	0.0	0.0	0.0	0.0	0.0	0.0	0.0	0.0	0.0	0.0	1.0	0.0	0.0	213.0	233.0	208.0	196.0	202.0	199.0	193.0	199.0	197.0	190.0	182.0	190.0	191.0	172.0	0.0	0.0	0.0	0.0	0.0	0.0	0.0	0.0	0.0	0.0	0.0	1.0	0.0	0.0	211.0	231.0	208.0	197.0	202.0	203.0	200.0	198.0	198.0	197.0	188.0	188.0	194.0	163.0	0.0	0.0	0.0	0.0	0.0	0.0	0.0	0.0	0.0	0.0	0.0	1.0	0.0	0.0	182.0	230.0	210.0	199.0	200.0	207.0	202.0	196.0	196.0	200.0	192.0	188.0	199.0	161.0	0.0	0.0	0.0	0.0	0.0	0.0	0.0	0.0	0.0	0.0	1.0	1.0	0.0	0.0	187.0	230.0	209.0	202.0	202.0	209.0	201.0	199.0	197.0	199.0	192.0	191.0	200.0	154.0	0.0	0.0	0.0	0.0	0.0	0.0	0.0	0.0	0.0	0.0	0.0	1.0	0.0	0.0	192.0	231.0	208.0	203.0	202.0	207.0	205.0	204.0	199.0	198.0	195.0	193.0	200.0	150.0	0.0	0.0	0.0	0.0	0.0	0.0	0.0	0.0	0.0	0.0	0.0	1.0	0.0	0.0	197.0	231.0	204.0	205.0	202.0	205.0	204.0	205.0	203.0	200.0	194.0	195.0	202.0	148.0	0.0	0.0	0.0	0.0	0.0	0.0	0.0	0.0	0.0	0.0	0.0	1.0	0.0	0.0	198.0	229.0	206.0	206.0	204.0	205.0	204.0	207.0	206.0	210.0	196.0	196.0	204.0	153.0	0.0	0.0	0.0	0.0	0.0	0.0	0.0	0.0	0.0	0.0	0.0	2.0	0.0	0.0	200.0	225.0	209.0	207.0	207.0	209.0	204.0	204.0	202.0	205.0	206.0	195.0	204.0	154.0	0.0	0.0	0.0	0.0	0.0	0.0	0.0	0.0	0.0	0.0	0.0	2.0	0.0	0.0	201.0	223.0	207.0	206.0	205.0	207.0	201.0	199.0	207.0	199.0	208.0	200.0	203.0	163.0	0.0	0.0	0.0	0.0	0.0	0.0	0.0	0.0	0.0	0.0	0.0	2.0	0.0	0.0	209.0	225.0	206.0	210.0	209.0	212.0	210.0	199.0	198.0	217.0	212.0	200.0	204.0	179.0	0.0	0.0	1.0	0.0	0.0	0.0	0.0	0.0	0.0	0.0	0.0	2.0	0.0	0.0	183.0	207.0	209.0	208.0	203.0	204.0	202.0	197.0	181.0	180.0	195.0	197.0	203.0	149.0	0.0	0.0	0.0	0.0	0.0	0.0	0.0
0.0	0.0	0.0	0.0	0.0	0.0	0.0	0.0	0.0	0.0	0.0	0.0	0.0	0.0	0.0	0.0	0.0	0.0	0.0	0.0	0.0	0.0	0.0	0.0	0.0	0.0	0.0	0.0	0.0	0.0	0.0	0.0	0.0	0.0	0.0	0.0	0.0	0.0	0.0	0.0	0.0	0.0	0.0	0.0	0.0	0.0	0.0	0.0	0.0	0.0	0.0	0.0	0.0	0.0	0.0	0.0	0.0	0.0	0.0	0.0	0.0	0.0	0.0	0.0	0.0	0.0	0.0	0.0	0.0	0.0	0.0	0.0	0.0	0.0	0.0	0.0	0.0	0.0	0.0	0.0	0.0	0.0	0.0	0.0	0.0	0.0	0.0	0.0	0.0	0.0	0.0	0.0	0.0	0.0	0.0	0.0	0.0	0.0	0.0	0.0	0.0	0.0	0.0	0.0	0.0	0.0	0.0	0.0	0.0	0.0	0.0	0.0	0.0	0.0	0.0	0.0	0.0	0.0	0.0	0.0	0.0	0.0	0.0	0.0	0.0	0.0	0.0	0.0	0.0	0.0	0.0	0.0	0.0	0.0	0.0	0.0	0.0	0.0	0.0	0.0	0.0	0.0	0.0	0.0	0.0	0.0	0.0	0.0	0.0	0.0	0.0	0.0	0.0	0.0	0.0	0.0	0.0	0.0	0.0	0.0	0.0	0.0	0.0	0.0	0.0	0.0	0.0	0.0	0.0	0.0	0.0	0.0	0.0	0.0	0.0	0.0	0.0	0.0	0.0	0.0	0.0	0.0	0.0	0.0	0.0	0.0	0.0	0.0	0.0	0.0	0.0	0.0	0.0	0.0	0.0	0.0	0.0	0.0	0.0	0.0	0.0	0.0	0.0	0.0	0.0	0.0	0.0	0.0	0.0	0.0	0.0	0.0	0.0	0.0	0.0	0.0	0.0	0.0	0.0	0.0	0.0	0.0	0.0	0.0	0.0	0.0	0.0	0.0	0.0	0.0	0.0	0.0	0.0	0.0	0.0	0.0	0.0	0.0	0.0	0.0	0.0	0.0	0.0	0.0	0.0	0.0	0.0	0.0	0.0	0.0	0.0	0.0	0.0	0.0	0.0	0.0	0.0	0.0	0.0	0.0	0.0	0.0	0.0	2.0	2.0	3.0	4.0	0.0	0.0	0.0	0.0	0.0	0.0	0.0	0.0	0.0	0.0	83.0	18.0	0.0	0.0	0.0	0.0	0.0	0.0	0.0	0.0	0.0	0.0	0.0	3.0	0.0	0.0	0.0	0.0	7.0	68.0	132.0	170.0	151.0	186.0	181.0	204.0	151.0	133.0	184.0	38.0	0.0	0.0	1.0	0.0	0.0	0.0	1.0	0.0	3.0	1.0	0.0	0.0	0.0	29.0	100.0	43.0	100.0	199.0	141.0	146.0	140.0	157.0	190.0	158.0	144.0	173.0	187.0	64.0	0.0	0.0	2.0	5.0	1.0	2.0	3.0	0.0	0.0	0.0	0.0	60.0	148.0	83.0	216.0	138.0	0.0	7.0	44.0	147.0	233.0	11.0	0.0	131.0	155.0	161.0	145.0	62.0	0.0	1.0	0.0	0.0	0.0	7.0	0.0	0.0	28.0	16.0	153.0	221.0	155.0	145.0	146.0	0.0	0.0	0.0	0.0	8.0	179.0	181.0	140.0	187.0	203.0	102.0	0.0	0.0	0.0	2.0	1.0	8.0	4.0	0.0	9.0	195.0	116.0	193.0	255.0	204.0	48.0	100.0	136.0	31.0	0.0	2.0	0.0	0.0	21.0	208.0	155.0	177.0	55.0	0.0	0.0	2.0	1.0	1.0	0.0	0.0	0.0	9.0	151.0	166.0	173.0	230.0	23.0	55.0	46.0	44.0	0.0	31.0	0.0	0.0	0.0	25.0	188.0	171.0	201.0	48.0	0.0	0.0	0.0	0.0	0.0	0.0	0.0	49.0	129.0	127.0	237.0	180.0	87.0	0.0	0.0	22.0	54.0	21.0	20.0	48.0	4.0	1.0	17.0	161.0	158.0	153.0	123.0	0.0	16.0	24.0	36.0	46.0	16.0	37.0	121.0	138.0	131.0	105.0	126.0	53.0	67.0	109.0	138.0	123.0	118.0	162.0	153.0	135.0	149.0	126.0	157.0	197.0	175.0	179.0	177.0	170.0	146.0	140.0	127.0	126.0	69.0	4.0	37.0	31.0	51.0	62.0	66.0	92.0	97.0	87.0	83.0	90.0	90.0	74.0	77.0	74.0	80.0	60.0	68.0	63.0	51.0	36.0	18.0	18.0	17.0	14.0	10.0	14.0	15.0	0.0	0.0	0.0	0.0	1.0	0.0	0.0	0.0	0.0	0.0	0.0	0.0	0.0	0.0	0.0	0.0	1.0	0.0	0.0	0.0	0.0	7.0	11.0	10.0	11.0	14.0	14.0	8.0	0.0	0.0	0.0	0.0	0.0	0.0	0.0	0.0	0.0	0.0	0.0	0.0	0.0	0.0	0.0	0.0	0.0	0.0	0.0	0.0	0.0	0.0	0.0	0.0	0.0	0.0	0.0	0.0	0.0	0.0	0.0	0.0	0.0	0.0	0.0	0.0	0.0	0.0	0.0	0.0	0.0	0.0	0.0	0.0	0.0	0.0	0.0	0.0	0.0	0.0	0.0	0.0	0.0	0.0	0.0	0.0	0.0	0.0	0.0	0.0	0.0	0.0	0.0	0.0	0.0	0.0	0.0	0.0	0.0	0.0	0.0	0.0	0.0	0.0	0.0	0.0	0.0	0.0	0.0	0.0	0.0	0.0	0.0	0.0	0.0	0.0	0.0	0.0	0.0	0.0	0.0	0.0	0.0	0.0	0.0	0.0	0.0	0.0	0.0	0.0	0.0	0.0	0.0	0.0	0.0	0.0	0.0	0.0	0.0	0.0	0.0	0.0	0.0	0.0	0.0	0.0	0.0	0.0	0.0	0.0	0.0	0.0	0.0	0.0	0.0	0.0	0.0	0.0	0.0	0.0	0.0	0.0	0.0	0.0	0.0	0.0	0.0	0.0	0.0	0.0	0.0	0.0	0.0	0.0	0.0	0.0	0.0	0.0	0.0	0.0	0.0	0.0	0.0	0.0	0.0	0.0	0.0	0.0	0.0	0.0	0.0	0.0	0.0	0.0	0.0	0.0	0.0	0.0	0.0	0.0	0.0	0.0	0.0	0.0	0.0	0.0	0.0	0.0	0.0	0.0	0.0	0.0	0.0	0.0	0.0	0.0	0.0	0.0	0.0	0.0	0.0	0.0	0.0	0.0	0.0	0.0	0.0	0.0	0.0	0.0	0.0	0.0	0.0	0.0	0.0	0.0	0.0	0.0	0.0	0.0	0.0	0.0	0.0	0.0	0.0	0.0	0.0	0.0	0.0	0.0	0.0	0.0	0.0	0.0
0.0	0.0	0.0	0.0	0.0	0.0	0.0	0.0	0.0	0.0	1.0	0.0	23.0	126.0	143.0	135.0	135.0	107.0	0.0	0.0	3.0	0.0	0.0	0.0	0.0	0.0	0.0	0.0	0.0	0.0	0.0	0.0	0.0	0.0	0.0	0.0	0.0	0.0	0.0	97.0	163.0	69.0	0.0	0.0	5.0	100.0	160.0	60.0	0.0	3.0	0.0	0.0	0.0	0.0	0.0	0.0	0.0	0.0	0.0	0.0	0.0	0.0	0.0	0.0	3.0	0.0	106.0	157.0	0.0	0.0	0.0	0.0	0.0	0.0	9.0	166.0	53.0	0.0	4.0	0.0	0.0	0.0	0.0	0.0	0.0	0.0	0.0	0.0	0.0	0.0	0.0	4.0	0.0	51.0	170.0	0.0	0.0	2.0	0.0	1.0	0.0	2.0	0.0	20.0	151.0	0.0	0.0	2.0	0.0	0.0	0.0	0.0	0.0	0.0	0.0	0.0	0.0	0.0	0.0	0.0	0.0	157.0	80.0	0.0	9.0	0.0	0.0	0.0	0.0	0.0	3.0	0.0	117.0	92.0	0.0	6.0	0.0	0.0	1.0	0.0	1.0	0.0	0.0	0.0	3.0	5.0	4.0	0.0	56.0	177.0	0.0	0.0	3.0	2.0	5.0	5.0	4.0	1.0	2.0	0.0	28.0	178.0	0.0	0.0	3.0	5.0	2.0	0.0	0.0	0.0	0.0	0.0	0.0	0.0	0.0	0.0	46.0	133.0	0.0	0.0	0.0	0.0	0.0	0.0	0.0	0.0	0.0	0.0	0.0	150.0	24.0	0.0	0.0	0.0	0.0	0.0	0.0	0.0	2.0	0.0	33.0	111.0	94.0	124.0	137.0	192.0	99.0	50.0	75.0	71.0	67.0	64.0	63.0	60.0	61.0	32.0	146.0	153.0	115.0	68.0	80.0	74.0	0.0	0.0	0.0	1.0	5.0	0.0	98.0	152.0	124.0	135.0	125.0	122.0	134.0	138.0	142.0	145.0	144.0	145.0	149.0	150.0	146.0	137.0	114.0	114.0	127.0	132.0	134.0	153.0	13.0	0.0	0.0	1.0	0.0	0.0	121.0	175.0	141.0	132.0	142.0	141.0	132.0	116.0	120.0	108.0	106.0	104.0	103.0	102.0	104.0	113.0	125.0	120.0	120.0	134.0	142.0	160.0	13.0	0.0	0.0	0.0	0.0	0.0	159.0	183.0	157.0	152.0	136.0	154.0	163.0	173.0	174.0	170.0	171.0	172.0	175.0	176.0	178.0	173.0	165.0	149.0	148.0	161.0	166.0	185.0	19.0	0.0	1.0	2.0	0.0	0.0	188.0	177.0	156.0	167.0	161.0	168.0	175.0	175.0	174.0	180.0	177.0	184.0	184.0	189.0	186.0	183.0	186.0	172.0	182.0	182.0	170.0	195.0	48.0	0.0	3.0	3.0	0.0	0.0	190.0	177.0	165.0	188.0	191.0	187.0	178.0	179.0	173.0	161.0	148.0	156.0	163.0	172.0	180.0	194.0	192.0	202.0	204.0	189.0	172.0	191.0	87.0	0.0	0.0	0.0	0.0	153.0	204.0	183.0	190.0	187.0	185.0	185.0	181.0	188.0	216.0	212.0	215.0	218.0	216.0	216.0	203.0	188.0	184.0	191.0	180.0	194.0	188.0	202.0	118.0	0.0	3.0	0.0	44.0	246.0	191.0	200.0	210.0	216.0	217.0	217.0	225.0	203.0	124.0	160.0	158.0	153.0	168.0	140.0	158.0	221.0	211.0	214.0	210.0	211.0	202.0	218.0	156.0	0.0	0.0	0.0	185.0	178.0	189.0	190.0	187.0	203.0	209.0	207.0	209.0	220.0	97.0	41.0	78.0	72.0	65.0	36.0	174.0	234.0	214.0	217.0	221.0	219.0	206.0	220.0	185.0	0.0	0.0	75.0	255.0	24.0	237.0	183.0	186.0	187.0	190.0	193.0	193.0	202.0	225.0	121.0	77.0	95.0	76.0	186.0	229.0	190.0	194.0	197.0	200.0	200.0	204.0	211.0	203.0	0.0	0.0	243.0	96.0	63.0	242.0	169.0	182.0	186.0	192.0	197.0	197.0	194.0	199.0	220.0	141.0	101.0	200.0	223.0	188.0	193.0	197.0	197.0	198.0	199.0	196.0	202.0	215.0	0.0	0.0	255.0	0.0	121.0	226.0	167.0	181.0	185.0	192.0	195.0	196.0	197.0	195.0	195.0	210.0	218.0	203.0	194.0	197.0	200.0	201.0	194.0	195.0	197.0	195.0	197.0	230.0	0.0	123.0	216.0	0.0	181.0	209.0	170.0	180.0	183.0	193.0	197.0	198.0	199.0	199.0	201.0	197.0	183.0	197.0	197.0	197.0	197.0	199.0	195.0	197.0	194.0	196.0	193.0	236.0	8.0	175.0	74.0	0.0	201.0	194.0	174.0	181.0	183.0	193.0	198.0	198.0	200.0	199.0	199.0	199.0	206.0	201.0	201.0	200.0	199.0	202.0	202.0	200.0	192.0	197.0	191.0	239.0	31.0	175.0	0.0	0.0	228.0	186.0	179.0	182.0	187.0	194.0	199.0	200.0	201.0	201.0	198.0	200.0	202.0	201.0	199.0	200.0	200.0	199.0	199.0	199.0	195.0	197.0	191.0	241.0	47.0	166.0	0.0	0.0	232.0	181.0	182.0	187.0	192.0	196.0	199.0	200.0	201.0	200.0	201.0	200.0	200.0	199.0	200.0	200.0	200.0	201.0	201.0	200.0	197.0	197.0	182.0	236.0	78.0	85.0	0.0	2.0	241.0	169.0	183.0	192.0	196.0	198.0	200.0	201.0	201.0	200.0	200.0	200.0	199.0	201.0	200.0	198.0	200.0	201.0	201.0	201.0	199.0	198.0	184.0	228.0	116.0	0.0	118.0	138.0	198.0	184.0	192.0	203.0	208.0	207.0	208.0	209.0	209.0	207.0	206.0	200.0	195.0	195.0	195.0	192.0	194.0	196.0	197.0	199.0	200.0	199.0	193.0	206.0	141.0	28.0	199.0	208.0	200.0	206.0	215.0	233.0	231.0	228.0	226.0	226.0	224.0	221.0	224.0	221.0	200.0	195.0	191.0	190.0	191.0	191.0	191.0	195.0	197.0	196.0	193.0	207.0	167.0	31.0	166.0	203.0	198.0	198.0	193.0	191.0	199.0	206.0	206.0	206.0	206.0	206.0	203.0	219.0	232.0	246.0	242.0	236.0	237.0	237.0	238.0	230.0	226.0	228.0	193.0	207.0	178.0	0.0	0.0	42.0	72.0	109.0	112.0	128.0	149.0	170.0	179.0	178.0	181.0	185.0	194.0	95.0	0.0	4.0	19.0	17.0	17.0	17.0	17.0	20.0	22.0	21.0	21.0	30.0	5.0
0.0	0.0	0.0	0.0	0.0	0.0	0.0	30.0	86.0	0.0	3.0	0.0	0.0	0.0	0.0	0.0	0.0	25.0	0.0	45.0	5.0	0.0	0.0	2.0	0.0	0.0	0.0	0.0	0.0	0.0	0.0	2.0	0.0	5.0	141.0	219.0	206.0	238.0	249.0	217.0	98.0	213.0	247.0	120.0	211.0	252.0	250.0	234.0	213.0	124.0	1.0	0.0	1.0	0.0	0.0	0.0	0.0	0.0	1.0	0.0	0.0	189.0	209.0	183.0	181.0	188.0	187.0	220.0	237.0	216.0	210.0	236.0	216.0	182.0	186.0	181.0	186.0	206.0	190.0	0.0	0.0	0.0	0.0	0.0	0.0	0.0	1.0	0.0	33.0	196.0	188.0	187.0	185.0	181.0	178.0	163.0	164.0	166.0	165.0	170.0	168.0	179.0	182.0	186.0	186.0	183.0	198.0	48.0	0.0	0.0	0.0	0.0	0.0	0.0	2.0	0.0	88.0	204.0	187.0	189.0	182.0	184.0	183.0	183.0	183.0	185.0	185.0	183.0	184.0	184.0	184.0	181.0	188.0	189.0	202.0	109.0	0.0	0.0	0.0	0.0	0.0	0.0	1.0	0.0	134.0	204.0	184.0	190.0	183.0	184.0	183.0	181.0	182.0	182.0	183.0	183.0	182.0	183.0	184.0	183.0	190.0	183.0	202.0	151.0	0.0	0.0	0.0	0.0	0.0	0.0	0.0	0.0	177.0	196.0	188.0	190.0	184.0	184.0	182.0	179.0	181.0	182.0	182.0	182.0	182.0	181.0	183.0	185.0	190.0	184.0	196.0	181.0	0.0	0.0	0.0	0.0	0.0	0.0	0.0	0.0	220.0	193.0	189.0	194.0	182.0	185.0	184.0	181.0	182.0	183.0	183.0	183.0	183.0	183.0	184.0	184.0	194.0	187.0	190.0	209.0	0.0	0.0	0.0	0.0	0.0	0.0	0.0	6.0	222.0	190.0	188.0	216.0	183.0	187.0	186.0	184.0	185.0	186.0	185.0	185.0	185.0	187.0	189.0	181.0	213.0	187.0	188.0	215.0	0.0	0.0	0.0	0.0	0.0	0.0	0.0	49.0	198.0	187.0	193.0	228.0	184.0	192.0	188.0	187.0	188.0	189.0	188.0	188.0	187.0	190.0	185.0	192.0	239.0	194.0	186.0	215.0	44.0	0.0	0.0	0.0	0.0	0.0	0.0	93.0	204.0	184.0	198.0	221.0	179.0	192.0	187.0	186.0	186.0	187.0	187.0	187.0	187.0	189.0	185.0	193.0	248.0	198.0	176.0	204.0	86.0	0.0	0.0	0.0	0.0	0.0	0.0	130.0	203.0	175.0	204.0	206.0	177.0	190.0	189.0	187.0	187.0	187.0	187.0	187.0	186.0	189.0	194.0	178.0	237.0	211.0	176.0	204.0	123.0	0.0	0.0	0.0	0.0	0.0	0.0	152.0	200.0	176.0	214.0	210.0	181.0	192.0	189.0	188.0	187.0	188.0	189.0	189.0	188.0	188.0	193.0	175.0	226.0	221.0	177.0	200.0	164.0	0.0	0.0	0.0	0.0	0.0	0.0	183.0	197.0	182.0	225.0	211.0	178.0	190.0	189.0	188.0	187.0	188.0	188.0	188.0	187.0	188.0	192.0	176.0	215.0	228.0	186.0	194.0	205.0	0.0	0.0	0.0	0.0	0.0	0.0	211.0	194.0	192.0	241.0	210.0	176.0	193.0	190.0	189.0	188.0	189.0	189.0	189.0	188.0	190.0	194.0	177.0	208.0	229.0	193.0	192.0	214.0	0.0	0.0	0.0	0.0	0.0	1.0	217.0	194.0	200.0	242.0	188.0	185.0	193.0	190.0	190.0	190.0	190.0	190.0	190.0	190.0	192.0	193.0	178.0	203.0	232.0	190.0	189.0	213.0	7.0	0.0	0.0	0.0	0.0	36.0	217.0	190.0	215.0	242.0	164.0	189.0	189.0	190.0	190.0	190.0	190.0	190.0	190.0	190.0	192.0	193.0	179.0	197.0	237.0	206.0	192.0	214.0	27.0	0.0	0.0	0.0	0.0	94.0	205.0	190.0	219.0	234.0	186.0	187.0	192.0	190.0	190.0	190.0	190.0	190.0	190.0	189.0	193.0	193.0	185.0	187.0	236.0	200.0	188.0	197.0	52.0	0.0	0.0	0.0	0.0	81.0	226.0	210.0	231.0	255.0	184.0	186.0	189.0	189.0	189.0	189.0	189.0	189.0	189.0	189.0	194.0	190.0	192.0	177.0	215.0	225.0	206.0	205.0	102.0	0.0	0.0	0.0	0.0	0.0	6.0	41.0	69.0	108.0	187.0	195.0	192.0	193.0	193.0	193.0	193.0	193.0	193.0	192.0	192.0	190.0	187.0	195.0	115.0	131.0	59.0	20.0	0.0	0.0	0.0	0.0	0.0	0.0	0.0	0.0	0.0	0.0	222.0	184.0	195.0	192.0	192.0	192.0	192.0	192.0	192.0	192.0	192.0	194.0	178.0	216.0	37.0	0.0	0.0	0.0	0.0	0.0	0.0	0.0	0.0	1.0	3.0	4.0	0.0	68.0	218.0	181.0	194.0	192.0	192.0	192.0	192.0	192.0	192.0	192.0	192.0	195.0	177.0	213.0	111.0	0.0	4.0	2.0	2.0	0.0	0.0	0.0	0.0	1.0	0.0	2.0	0.0	81.0	198.0	177.0	194.0	192.0	192.0	192.0	193.0	193.0	192.0	193.0	193.0	190.0	184.0	198.0	144.0	0.0	0.0	2.0	0.0	0.0	0.0	0.0	0.0	0.0	0.0	2.0	0.0	101.0	204.0	184.0	194.0	193.0	192.0	193.0	192.0	193.0	193.0	188.0	192.0	193.0	185.0	195.0	170.0	0.0	0.0	1.0	0.0	0.0	0.0	0.0	0.0	0.0	0.0	2.0	0.0	113.0	200.0	187.0	194.0	188.0	189.0	196.0	193.0	193.0	194.0	193.0	193.0	194.0	189.0	194.0	188.0	0.0	0.0	1.0	0.0	0.0	0.0	0.0	0.0	0.0	0.0	6.0	0.0	141.0	199.0	185.0	192.0	189.0	184.0	181.0	184.0	183.0	181.0	184.0	186.0	189.0	188.0	188.0	170.0	0.0	0.0	3.0	0.0	0.0	0.0	0.0	0.0	0.0	0.0	5.0	0.0	152.0	199.0	185.0	219.0	219.0	218.0	215.0	209.0	210.0	214.0	217.0	216.0	217.0	217.0	203.0	220.0	0.0	0.0	2.0	0.0	0.0	0.0	0.0	0.0	0.0	0.0	1.0	0.0	12.0	15.0	0.0	0.0	1.0	45.0	98.0	128.0	139.0	119.0	80.0	34.0	15.0	38.0	77.0	73.0	0.0	0.0	2.0	0.0	0.0	0.0
0.0	0.0	0.0	0.0	0.0	0.0	0.0	0.0	0.0	0.0	0.0	0.0	0.0	0.0	0.0	0.0	0.0	0.0	0.0	0.0	0.0	0.0	0.0	0.0	0.0	0.0	0.0	0.0	0.0	0.0	0.0	0.0	0.0	0.0	0.0	0.0	0.0	0.0	0.0	0.0	0.0	0.0	0.0	0.0	0.0	0.0	0.0	0.0	0.0	0.0	0.0	0.0	0.0	0.0	0.0	0.0	0.0	0.0	0.0	0.0	0.0	0.0	0.0	0.0	0.0	0.0	0.0	0.0	0.0	0.0	0.0	0.0	0.0	0.0	0.0	0.0	0.0	0.0	0.0	0.0	0.0	0.0	0.0	0.0	0.0	0.0	0.0	0.0	0.0	0.0	0.0	0.0	0.0	0.0	0.0	0.0	0.0	0.0	0.0	0.0	0.0	0.0	0.0	0.0	0.0	0.0	0.0	0.0	0.0	0.0	0.0	0.0	0.0	0.0	0.0	0.0	0.0	0.0	0.0	0.0	0.0	0.0	0.0	0.0	0.0	0.0	0.0	0.0	0.0	0.0	0.0	0.0	0.0	0.0	0.0	0.0	0.0	0.0	0.0	0.0	0.0	0.0	0.0	0.0	0.0	0.0	0.0	0.0	0.0	0.0	0.0	0.0	0.0	0.0	0.0	0.0	0.0	0.0	0.0	0.0	0.0	0.0	0.0	0.0	0.0	0.0	0.0	0.0	0.0	0.0	0.0	0.0	0.0	0.0	0.0	0.0	0.0	0.0	0.0	0.0	0.0	0.0	0.0	0.0	0.0	0.0	0.0	0.0	0.0	0.0	0.0	0.0	0.0	0.0	0.0	0.0	0.0	0.0	0.0	0.0	0.0	0.0	0.0	0.0	0.0	0.0	0.0	0.0	0.0	40.0	61.0	0.0	0.0	0.0	2.0	0.0	0.0	0.0	0.0	0.0	0.0	0.0	0.0	0.0	0.0	0.0	0.0	0.0	0.0	0.0	0.0	0.0	0.0	0.0	0.0	86.0	194.0	195.0	209.0	235.0	71.0	0.0	0.0	0.0	0.0	0.0	0.0	150.0	184.0	21.0	0.0	0.0	0.0	0.0	0.0	0.0	0.0	0.0	0.0	0.0	0.0	13.0	167.0	220.0	181.0	169.0	81.0	98.0	254.0	227.0	54.0	0.0	0.0	0.0	155.0	230.0	203.0	145.0	0.0	0.0	0.0	0.0	0.0	0.0	0.0	0.0	0.0	97.0	182.0	210.0	225.0	137.0	132.0	164.0	226.0	200.0	132.0	169.0	255.0	240.0	202.0	242.0	250.0	181.0	178.0	197.0	63.0	0.0	1.0	2.0	0.0	0.0	0.0	19.0	169.0	198.0	184.0	156.0	149.0	135.0	160.0	220.0	143.0	167.0	212.0	139.0	89.0	128.0	171.0	129.0	73.0	172.0	181.0	199.0	183.0	0.0	0.0	0.0	0.0	3.0	86.0	184.0	194.0	90.0	92.0	209.0	96.0	213.0	255.0	214.0	181.0	175.0	180.0	209.0	193.0	167.0	145.0	153.0	189.0	188.0	179.0	193.0	190.0	0.0	0.0	17.0	126.0	190.0	169.0	172.0	163.0	148.0	221.0	245.0	215.0	206.0	191.0	208.0	204.0	212.0	220.0	207.0	203.0	209.0	202.0	210.0	204.0	189.0	176.0	184.0	222.0	0.0	56.0	158.0	142.0	115.0	137.0	157.0	115.0	203.0	226.0	198.0	201.0	188.0	205.0	213.0	203.0	200.0	199.0	208.0	201.0	198.0	192.0	199.0	202.0	194.0	173.0	175.0	197.0	45.0	25.0	125.0	138.0	127.0	196.0	172.0	147.0	158.0	195.0	211.0	212.0	220.0	221.0	227.0	225.0	220.0	215.0	204.0	194.0	191.0	195.0	201.0	204.0	208.0	204.0	191.0	204.0	74.0	0.0	0.0	3.0	19.0	71.0	108.0	102.0	115.0	155.0	177.0	200.0	210.0	207.0	209.0	200.0	193.0	182.0	179.0	175.0	170.0	160.0	153.0	147.0	130.0	103.0	69.0	32.0	0.0	11.0	9.0	0.0	0.0	0.0	0.0	0.0	0.0	0.0	0.0	0.0	0.0	0.0	0.0	0.0	0.0	0.0	0.0	0.0	0.0	0.0	0.0	0.0	0.0	0.0	0.0	0.0	12.0	14.0	16.0	17.0	20.0	13.0	18.0	19.0	10.0	16.0	14.0	9.0	9.0	10.0	10.0	11.0	13.0	13.0	15.0	14.0	14.0	19.0	22.0	19.0	22.0	25.0	23.0	23.0	28.0	0.0	6.0	17.0	20.0	20.0	18.0	18.0	20.0	15.0	20.0	21.0	21.0	23.0	21.0	21.0	22.0	23.0	22.0	21.0	19.0	22.0	21.0	20.0	21.0	21.0	20.0	25.0	20.0	0.0	0.0	0.0	3.0	2.0	6.0	13.0	16.0	15.0	14.0	11.0	13.0	17.0	13.0	14.0	14.0	14.0	15.0	16.0	15.0	17.0	15.0	15.0	16.0	12.0	7.0	2.0	0.0	0.0	0.0	0.0	0.0	0.0	0.0	0.0	0.0	0.0	0.0	0.0	0.0	0.0	0.0	0.0	0.0	0.0	0.0	0.0	0.0	0.0	0.0	0.0	0.0	0.0	0.0	0.0	0.0	0.0	0.0	0.0	0.0	0.0	0.0	0.0	0.0	0.0	0.0	0.0	0.0	0.0	0.0	0.0	0.0	0.0	0.0	0.0	0.0	0.0	0.0	0.0	0.0	0.0	0.0	0.0	0.0	0.0	0.0	0.0	0.0	0.0	0.0	0.0	0.0	0.0	0.0	0.0	0.0	0.0	0.0	0.0	0.0	0.0	0.0	0.0	0.0	0.0	0.0	0.0	0.0	0.0	0.0	0.0	0.0	0.0	0.0	0.0	0.0	0.0	0.0	0.0	0.0	0.0	0.0	0.0	0.0	0.0	0.0	0.0	0.0	0.0	0.0	0.0	0.0	0.0	0.0	0.0	0.0	0.0	0.0	0.0	0.0	0.0	0.0	0.0	0.0	0.0	0.0	0.0	0.0	0.0	0.0	0.0	0.0	0.0	0.0	0.0	0.0	0.0	0.0	0.0	0.0	0.0	0.0	0.0	0.0	0.0	0.0	0.0	0.0	0.0	0.0	0.0	0.0	0.0	0.0	0.0	0.0	0.0	0.0	0.0	0.0	0.0	0.0	0.0	0.0	0.0	0.0	0.0	0.0	0.0	0.0	0.0	0.0	0.0	0.0	0.0	0.0	0.0	0.0	0.0	0.0	0.0	0.0	0.0	0.0	0.0	0.0	0.0	0.0	0.0	0.0	0.0	0.0	0.0	0.0	0.0	0.0	0.0	0.0	0.0	0.0	0.0	0.0	0.0	0.0
0.0	0.0	0.0	0.0	0.0	0.0	0.0	0.0	0.0	0.0	0.0	48.0	13.0	4.0	0.0	4.0	53.0	0.0	0.0	0.0	0.0	1.0	0.0	0.0	0.0	0.0	0.0	0.0	0.0	0.0	0.0	0.0	1.0	0.0	0.0	0.0	90.0	182.0	191.0	250.0	248.0	225.0	245.0	252.0	235.0	222.0	163.0	78.0	0.0	0.0	0.0	0.0	0.0	0.0	0.0	0.0	0.0	0.0	0.0	0.0	0.0	0.0	31.0	194.0	222.0	219.0	204.0	204.0	221.0	205.0	211.0	219.0	202.0	209.0	219.0	224.0	203.0	74.0	0.0	0.0	0.0	0.0	0.0	0.0	0.0	0.0	0.0	0.0	0.0	0.0	189.0	218.0	200.0	202.0	205.0	201.0	194.0	203.0	201.0	196.0	204.0	204.0	202.0	200.0	210.0	218.0	16.0	0.0	0.0	0.0	0.0	0.0	0.0	0.0	0.0	0.0	0.0	52.0	221.0	202.0	206.0	204.0	202.0	203.0	203.0	203.0	206.0	206.0	205.0	205.0	205.0	204.0	203.0	227.0	133.0	0.0	0.0	0.0	0.0	0.0	0.0	0.0	0.0	0.0	0.0	88.0	226.0	208.0	206.0	203.0	203.0	204.0	203.0	206.0	208.0	207.0	206.0	204.0	204.0	204.0	208.0	224.0	181.0	0.0	0.0	0.0	0.0	0.0	0.0	0.0	0.0	0.0	0.0	124.0	228.0	213.0	202.0	206.0	203.0	204.0	204.0	207.0	206.0	205.0	205.0	206.0	204.0	205.0	208.0	223.0	199.0	0.0	0.0	0.0	0.0	0.0	0.0	0.0	0.0	0.0	0.0	155.0	229.0	220.0	204.0	204.0	205.0	204.0	204.0	207.0	206.0	206.0	205.0	208.0	204.0	205.0	210.0	217.0	217.0	0.0	0.0	0.0	0.0	0.0	0.0	0.0	0.0	0.0	0.0	186.0	227.0	224.0	222.0	200.0	209.0	205.0	205.0	209.0	207.0	207.0	206.0	211.0	201.0	218.0	215.0	209.0	234.0	0.0	0.0	0.0	0.0	0.0	0.0	0.0	0.0	0.0	0.0	204.0	225.0	224.0	241.0	195.0	208.0	207.0	207.0	207.0	207.0	207.0	208.0	211.0	194.0	231.0	228.0	208.0	240.0	0.0	0.0	0.0	0.0	0.0	0.0	0.0	0.0	0.0	0.0	218.0	222.0	227.0	242.0	193.0	207.0	207.0	207.0	206.0	207.0	207.0	208.0	211.0	194.0	229.0	235.0	211.0	238.0	0.0	0.0	0.0	0.0	0.0	0.0	0.0	0.0	0.0	0.0	236.0	221.0	232.0	240.0	194.0	208.0	208.0	207.0	207.0	207.0	207.0	209.0	209.0	198.0	224.0	240.0	216.0	241.0	0.0	0.0	0.0	0.0	0.0	0.0	0.0	0.0	0.0	0.0	241.0	218.0	240.0	248.0	198.0	208.0	205.0	206.0	207.0	206.0	207.0	206.0	207.0	200.0	218.0	242.0	220.0	242.0	19.0	0.0	0.0	0.0	0.0	0.0	0.0	0.0	0.0	23.0	242.0	217.0	246.0	246.0	196.0	207.0	204.0	206.0	207.0	205.0	206.0	208.0	211.0	201.0	206.0	252.0	225.0	243.0	63.0	0.0	0.0	0.0	0.0	0.0	0.0	0.0	0.0	57.0	243.0	217.0	247.0	233.0	195.0	209.0	206.0	205.0	207.0	206.0	207.0	207.0	207.0	203.0	198.0	245.0	229.0	242.0	98.0	0.0	0.0	0.0	0.0	0.0	0.0	0.0	0.0	73.0	243.0	218.0	246.0	220.0	197.0	208.0	205.0	204.0	206.0	206.0	206.0	206.0	207.0	205.0	191.0	240.0	227.0	240.0	106.0	0.0	0.0	0.0	0.0	0.0	0.0	0.0	0.0	75.0	242.0	220.0	255.0	213.0	201.0	208.0	202.0	203.0	205.0	205.0	204.0	205.0	204.0	205.0	190.0	236.0	229.0	241.0	109.0	0.0	0.0	0.0	0.0	0.0	0.0	0.0	0.0	74.0	242.0	221.0	255.0	209.0	200.0	209.0	202.0	203.0	205.0	205.0	205.0	205.0	203.0	204.0	189.0	233.0	230.0	242.0	107.0	0.0	0.0	0.0	0.0	0.0	0.0	0.0	0.0	72.0	240.0	224.0	237.0	188.0	205.0	205.0	203.0	203.0	205.0	205.0	205.0	205.0	204.0	204.0	189.0	238.0	230.0	241.0	108.0	0.0	0.0	0.0	0.0	0.0	0.0	0.0	0.0	70.0	237.0	229.0	213.0	176.0	203.0	203.0	205.0	202.0	203.0	204.0	202.0	202.0	206.0	204.0	191.0	196.0	232.0	238.0	109.0	0.0	0.0	0.0	0.0	0.0	0.0	0.0	0.0	64.0	237.0	231.0	201.0	178.0	208.0	205.0	203.0	203.0	204.0	204.0	203.0	201.0	202.0	206.0	204.0	123.0	251.0	239.0	110.0	0.0	0.0	0.0	0.0	0.0	0.0	0.0	0.0	59.0	216.0	236.0	148.0	180.0	206.0	201.0	203.0	204.0	204.0	204.0	203.0	202.0	204.0	205.0	218.0	77.0	252.0	239.0	117.0	0.0	0.0	0.0	0.0	0.0	0.0	0.0	0.0	59.0	216.0	235.0	90.0	174.0	217.0	202.0	202.0	204.0	206.0	205.0	204.0	207.0	204.0	200.0	235.0	62.0	226.0	243.0	118.0	0.0	0.0	0.0	0.0	0.0	0.0	0.0	0.0	59.0	213.0	236.0	69.0	171.0	207.0	200.0	201.0	200.0	200.0	201.0	200.0	201.0	200.0	195.0	233.0	50.0	209.0	230.0	129.0	0.0	0.0	0.0	0.0	0.0	0.0	0.0	0.0	60.0	213.0	238.0	64.0	214.0	229.0	218.0	219.0	219.0	219.0	220.0	221.0	219.0	217.0	214.0	253.0	38.0	217.0	232.0	152.0	0.0	0.0	0.0	0.0	0.0	0.0	0.0	0.0	62.0	206.0	238.0	62.0	0.0	64.0	55.0	46.0	55.0	63.0	56.0	61.0	70.0	65.0	65.0	78.0	0.0	225.0	234.0	170.0	0.0	0.0	0.0	0.0	0.0	0.0	0.0	0.0	83.0	222.0	248.0	74.0	0.0	0.0	0.0	0.0	0.0	0.0	0.0	0.0	0.0	0.0	0.0	0.0	0.0	239.0	247.0	183.0	0.0	0.0	0.0	0.0	0.0	0.0	0.0	0.0	31.0	149.0	160.0	32.0	0.0	5.0	3.0	2.0	3.0	2.0	2.0	2.0	2.0	2.0	3.0	0.0	0.0	139.0	183.0	109.0	0.0	0.0	0.0	0.0
0.0	0.0	0.0	0.0	0.0	0.0	0.0	0.0	0.0	0.0	0.0	76.0	249.0	237.0	244.0	251.0	255.0	80.0	0.0	0.0	0.0	0.0	0.0	0.0	0.0	0.0	0.0	0.0	0.0	0.0	0.0	0.0	0.0	0.0	0.0	0.0	68.0	178.0	200.0	206.0	218.0	228.0	232.0	251.0	209.0	200.0	225.0	200.0	110.0	0.0	0.0	0.0	0.0	0.0	0.0	0.0	0.0	0.0	0.0	0.0	0.0	0.0	0.0	0.0	124.0	214.0	185.0	167.0	188.0	169.0	174.0	165.0	172.0	176.0	183.0	207.0	59.0	0.0	0.0	0.0	0.0	0.0	0.0	0.0	0.0	0.0	0.0	0.0	0.0	0.0	0.0	0.0	43.0	190.0	179.0	190.0	146.0	144.0	155.0	127.0	162.0	186.0	181.0	176.0	0.0	0.0	0.0	0.0	0.0	0.0	0.0	0.0	0.0	0.0	0.0	0.0	0.0	0.0	0.0	0.0	54.0	213.0	176.0	171.0	183.0	192.0	188.0	192.0	179.0	176.0	181.0	193.0	0.0	0.0	0.0	0.0	0.0	0.0	0.0	0.0	0.0	0.0	0.0	0.0	0.0	0.0	0.0	0.0	71.0	220.0	176.0	183.0	178.0	172.0	171.0	169.0	172.0	174.0	181.0	186.0	0.0	0.0	0.0	0.0	0.0	0.0	0.0	0.0	0.0	0.0	0.0	0.0	0.0	0.0	0.0	0.0	113.0	207.0	176.0	188.0	185.0	183.0	178.0	181.0	181.0	178.0	176.0	214.0	10.0	0.0	0.0	0.0	0.0	0.0	0.0	0.0	0.0	0.0	0.0	0.0	0.0	0.0	0.0	0.0	167.0	197.0	186.0	186.0	185.0	183.0	183.0	183.0	181.0	186.0	181.0	220.0	96.0	0.0	0.0	0.0	0.0	0.0	0.0	0.0	0.0	0.0	0.0	0.0	0.0	0.0	0.0	0.0	176.0	183.0	176.0	179.0	178.0	176.0	179.0	178.0	176.0	172.0	172.0	192.0	120.0	0.0	0.0	0.0	0.0	0.0	0.0	0.0	0.0	0.0	0.0	0.0	0.0	0.0	0.0	0.0	155.0	188.0	176.0	179.0	178.0	178.0	176.0	174.0	178.0	183.0	178.0	207.0	117.0	0.0	0.0	0.0	0.0	0.0	0.0	0.0	0.0	0.0	0.0	0.0	0.0	0.0	0.0	0.0	85.0	232.0	181.0	181.0	179.0	178.0	176.0	176.0	185.0	183.0	185.0	221.0	76.0	0.0	0.0	0.0	0.0	0.0	0.0	0.0	0.0	0.0	0.0	0.0	0.0	0.0	0.0	0.0	43.0	221.0	183.0	179.0	178.0	174.0	174.0	178.0	181.0	190.0	192.0	227.0	52.0	0.0	0.0	0.0	0.0	0.0	0.0	0.0	0.0	0.0	0.0	0.0	0.0	0.0	0.0	0.0	0.0	220.0	186.0	176.0	178.0	179.0	185.0	186.0	185.0	185.0	181.0	221.0	6.0	0.0	0.0	0.0	0.0	0.0	0.0	0.0	0.0	0.0	0.0	0.0	0.0	0.0	0.0	0.0	0.0	206.0	186.0	176.0	178.0	176.0	179.0	181.0	176.0	181.0	183.0	211.0	0.0	0.0	0.0	0.0	0.0	0.0	0.0	0.0	0.0	0.0	0.0	0.0	0.0	0.0	0.0	0.0	0.0	176.0	195.0	186.0	176.0	171.0	183.0	183.0	176.0	183.0	183.0	206.0	0.0	0.0	0.0	0.0	0.0	0.0	0.0	0.0	0.0	0.0	0.0	0.0	0.0	0.0	0.0	0.0	0.0	171.0	193.0	178.0	172.0	181.0	185.0	183.0	178.0	176.0	181.0	197.0	0.0	0.0	0.0	0.0	0.0	0.0	0.0	0.0	0.0	0.0	0.0	0.0	0.0	0.0	0.0	0.0	0.0	162.0	195.0	181.0	178.0	178.0	174.0	178.0	179.0	183.0	186.0	193.0	0.0	0.0	0.0	0.0	0.0	0.0	0.0	0.0	0.0	0.0	0.0	0.0	0.0	0.0	0.0	0.0	0.0	155.0	192.0	179.0	183.0	178.0	178.0	178.0	176.0	179.0	179.0	200.0	0.0	0.0	0.0	0.0	0.0	0.0	0.0	0.0	0.0	0.0	0.0	0.0	0.0	0.0	0.0	0.0	0.0	167.0	192.0	179.0	185.0	172.0	169.0	179.0	181.0	178.0	186.0	199.0	0.0	0.0	0.0	0.0	0.0	0.0	0.0	0.0	0.0	0.0	0.0	0.0	0.0	0.0	0.0	0.0	0.0	172.0	192.0	181.0	186.0	178.0	174.0	183.0	181.0	185.0	183.0	213.0	3.0	0.0	0.0	0.0	0.0	0.0	0.0	0.0	0.0	0.0	0.0	0.0	0.0	0.0	0.0	0.0	0.0	176.0	188.0	179.0	181.0	183.0	174.0	171.0	174.0	178.0	178.0	213.0	3.0	0.0	0.0	0.0	0.0	0.0	0.0	0.0	0.0	0.0	0.0	0.0	0.0	0.0	0.0	0.0	0.0	181.0	195.0	183.0	183.0	185.0	183.0	181.0	183.0	179.0	181.0	218.0	1.0	0.0	0.0	0.0	0.0	0.0	0.0	0.0	0.0	0.0	0.0	0.0	0.0	0.0	0.0	0.0	0.0	193.0	193.0	176.0	179.0	183.0	188.0	188.0	188.0	183.0	183.0	221.0	12.0	0.0	0.0	0.0	0.0	0.0	0.0	0.0	0.0	0.0	0.0	0.0	0.0	0.0	0.0	0.0	1.0	204.0	188.0	186.0	186.0	179.0	183.0	183.0	181.0	183.0	185.0	221.0	33.0	0.0	0.0	0.0	0.0	0.0	0.0	0.0	0.0	0.0	0.0	0.0	0.0	0.0	0.0	0.0	12.0	185.0	183.0	181.0	192.0	188.0	183.0	183.0	181.0	190.0	183.0	223.0	43.0	0.0	0.0	0.0	0.0	0.0	0.0	0.0	0.0	0.0	0.0	0.0	0.0	0.0	0.0	0.0	6.0	186.0	183.0	181.0	185.0	183.0	172.0	172.0	179.0	186.0	179.0	190.0	55.0	0.0	0.0	0.0	0.0	0.0	0.0	0.0	0.0	0.0	0.0	0.0	0.0	0.0	0.0	0.0	41.0	199.0	183.0	193.0	200.0	197.0	195.0	197.0	204.0	199.0	181.0	242.0	94.0	0.0	0.0	0.0	0.0	0.0	0.0	0.0	0.0	0.0	0.0	0.0	0.0	0.0	0.0	0.0	13.0	103.0	87.0	103.0	129.0	148.0	143.0	127.0	117.0	141.0	134.0	144.0	26.0	0.0	0.0	0.0	0.0	0.0	0.0	0.0
0.0	0.0	0.0	0.0	0.0	0.0	0.0	0.0	0.0	0.0	0.0	0.0	0.0	0.0	0.0	0.0	0.0	0.0	0.0	0.0	0.0	0.0	0.0	0.0	0.0	0.0	0.0	0.0	0.0	0.0	0.0	0.0	0.0	0.0	0.0	0.0	0.0	0.0	0.0	0.0	0.0	0.0	0.0	0.0	0.0	0.0	0.0	0.0	0.0	0.0	0.0	0.0	0.0	0.0	0.0	0.0	0.0	0.0	0.0	0.0	0.0	0.0	0.0	0.0	0.0	0.0	0.0	0.0	0.0	0.0	0.0	0.0	0.0	0.0	0.0	0.0	0.0	0.0	0.0	0.0	0.0	0.0	0.0	0.0	0.0	0.0	0.0	0.0	0.0	0.0	0.0	0.0	0.0	0.0	0.0	0.0	0.0	0.0	0.0	0.0	0.0	0.0	0.0	0.0	0.0	0.0	0.0	0.0	0.0	0.0	0.0	0.0	0.0	0.0	0.0	0.0	0.0	0.0	0.0	0.0	0.0	0.0	0.0	0.0	0.0	0.0	0.0	0.0	0.0	0.0	0.0	0.0	0.0	0.0	0.0	0.0	0.0	0.0	0.0	0.0	0.0	16.0	17.0	51.0	70.0	58.0	59.0	56.0	58.0	60.0	58.0	57.0	57.0	55.0	57.0	51.0	35.0	108.0	104.0	133.0	104.0	51.0	62.0	105.0	54.0	31.0	38.0	0.0	0.0	135.0	167.0	143.0	150.0	150.0	153.0	155.0	155.0	153.0	154.0	154.0	153.0	153.0	142.0	158.0	255.0	208.0	215.0	235.0	134.0	152.0	147.0	145.0	148.0	168.0	174.0	0.0	0.0	236.0	138.0	98.0	100.0	99.0	99.0	100.0	98.0	97.0	99.0	103.0	104.0	110.0	124.0	115.0	146.0	194.0	178.0	78.0	92.0	103.0	104.0	106.0	122.0	136.0	186.0	47.0	0.0	112.0	151.0	121.0	145.0	142.0	144.0	145.0	146.0	146.0	144.0	141.0	144.0	121.0	116.0	132.0	102.0	144.0	147.0	120.0	142.0	131.0	144.0	120.0	128.0	155.0	162.0	0.0	0.0	93.0	147.0	123.0	133.0	134.0	132.0	134.0	138.0	141.0	140.0	148.0	152.0	126.0	137.0	130.0	111.0	175.0	142.0	135.0	148.0	143.0	160.0	142.0	130.0	142.0	206.0	0.0	67.0	255.0	140.0	127.0	114.0	112.0	117.0	122.0	117.0	112.0	121.0	125.0	115.0	142.0	138.0	100.0	184.0	160.0	101.0	119.0	115.0	113.0	105.0	210.0	129.0	138.0	224.0	0.0	0.0	153.0	157.0	116.0	134.0	122.0	128.0	128.0	122.0	127.0	138.0	126.0	139.0	140.0	101.0	168.0	184.0	107.0	130.0	130.0	129.0	132.0	120.0	222.0	129.0	163.0	178.0	0.0	0.0	31.0	179.0	129.0	140.0	131.0	128.0	123.0	121.0	142.0	126.0	137.0	145.0	104.0	154.0	199.0	111.0	130.0	133.0	124.0	129.0	127.0	123.0	204.0	126.0	154.0	87.0	62.0	0.0	3.0	179.0	126.0	127.0	134.0	127.0	122.0	143.0	123.0	135.0	147.0	107.0	142.0	208.0	111.0	127.0	119.0	111.0	117.0	113.0	115.0	126.0	226.0	143.0	139.0	131.0	57.0	0.0	0.0	160.0	142.0	125.0	125.0	125.0	137.0	137.0	132.0	150.0	115.0	127.0	205.0	133.0	115.0	127.0	134.0	150.0	152.0	146.0	158.0	111.0	163.0	164.0	122.0	154.0	42.0	0.0	0.0	121.0	155.0	119.0	127.0	133.0	140.0	124.0	153.0	120.0	121.0	208.0	152.0	104.0	138.0	113.0	184.0	215.0	156.0	166.0	233.0	140.0	122.0	153.0	86.0	116.0	126.0	0.0	0.0	92.0	172.0	122.0	127.0	123.0	144.0	167.0	127.0	115.0	196.0	162.0	109.0	136.0	130.0	114.0	146.0	189.0	173.0	183.0	195.0	129.0	138.0	148.0	127.0	94.0	0.0	0.0	0.0	59.0	175.0	124.0	132.0	192.0	125.0	127.0	136.0	192.0	178.0	112.0	130.0	128.0	132.0	134.0	121.0	106.0	111.0	106.0	114.0	138.0	139.0	156.0	73.0	7.0	0.0	6.0	0.0	32.0	188.0	124.0	198.0	242.0	208.0	129.0	158.0	162.0	109.0	120.0	125.0	127.0	125.0	124.0	125.0	129.0	126.0	125.0	142.0	150.0	110.0	183.0	42.0	0.0	1.0	6.0	0.0	0.0	159.0	183.0	208.0	202.0	218.0	197.0	148.0	125.0	136.0	136.0	134.0	135.0	134.0	134.0	132.0	131.0	129.0	130.0	132.0	128.0	143.0	189.0	4.0	0.0	1.0	2.0	0.0	0.0	185.0	206.0	200.0	205.0	202.0	182.0	169.0	186.0	172.0	169.0	172.0	171.0	172.0	173.0	172.0	178.0	195.0	206.0	195.0	158.0	155.0	171.0	0.0	0.0	0.0	1.0	0.0	0.0	175.0	226.0	214.0	229.0	255.0	189.0	186.0	183.0	183.0	188.0	188.0	188.0	189.0	189.0	196.0	189.0	202.0	227.0	208.0	177.0	193.0	130.0	0.0	1.0	0.0	0.0	0.0	0.0	0.0	66.0	50.0	18.0	42.0	0.0	0.0	0.0	0.0	0.0	0.0	0.0	0.0	0.0	0.0	0.0	0.0	33.0	34.0	30.0	42.0	0.0	0.0	0.0	0.0	0.0	0.0	0.0	0.0	0.0	0.0	0.0	0.0	0.0	0.0	0.0	0.0	0.0	0.0	0.0	0.0	0.0	0.0	0.0	0.0	0.0	0.0	0.0	0.0	0.0	0.0	0.0	0.0	0.0	0.0	0.0	0.0	0.0	0.0	0.0	0.0	0.0	0.0	0.0	0.0	0.0	0.0	0.0	0.0	0.0	0.0	0.0	0.0	0.0	0.0	0.0	0.0	0.0	0.0	0.0	0.0	0.0	0.0	0.0	0.0	0.0	0.0	0.0	0.0	0.0	0.0	0.0	0.0	0.0	0.0	0.0	0.0	0.0	0.0	0.0	0.0	0.0	0.0	0.0	0.0	0.0	0.0	0.0	0.0	0.0	0.0	0.0	0.0	0.0	0.0	0.0	0.0	0.0	0.0	0.0	0.0	0.0	0.0	0.0	0.0	0.0	0.0	0.0	0.0	0.0	0.0	0.0	0.0	0.0	0.0	0.0	0.0	0.0	0.0	0.0	0.0	0.0	0.0	0.0	0.0	0.0	0.0	0.0	0.0	0.0	0.0	0.0	0.0	0.0	0.0	0.0	0.0	0.0	0.0	0.0	0.0	0.0	0.0	0.0	0.0
0.0	0.0	0.0	0.0	0.0	0.0	0.0	0.0	0.0	0.0	0.0	0.0	0.0	0.0	0.0	0.0	0.0	0.0	0.0	0.0	0.0	0.0	0.0	0.0	0.0	0.0	0.0	0.0	0.0	0.0	0.0	0.0	0.0	0.0	0.0	0.0	0.0	0.0	0.0	0.0	0.0	0.0	0.0	0.0	0.0	0.0	0.0	0.0	0.0	0.0	0.0	0.0	0.0	0.0	0.0	0.0	0.0	0.0	0.0	0.0	0.0	0.0	0.0	0.0	0.0	0.0	0.0	0.0	0.0	0.0	0.0	0.0	0.0	0.0	0.0	0.0	0.0	0.0	0.0	0.0	0.0	0.0	0.0	0.0	0.0	0.0	0.0	0.0	0.0	0.0	0.0	0.0	0.0	0.0	0.0	0.0	0.0	0.0	0.0	0.0	0.0	0.0	0.0	0.0	0.0	0.0	0.0	0.0	0.0	0.0	0.0	0.0	0.0	0.0	0.0	0.0	0.0	0.0	0.0	0.0	0.0	0.0	0.0	0.0	0.0	0.0	0.0	0.0	0.0	0.0	0.0	0.0	0.0	0.0	0.0	0.0	0.0	0.0	0.0	0.0	0.0	0.0	0.0	0.0	0.0	0.0	0.0	0.0	0.0	0.0	0.0	0.0	0.0	0.0	0.0	0.0	0.0	0.0	0.0	0.0	0.0	0.0	0.0	0.0	0.0	0.0	0.0	0.0	0.0	0.0	0.0	0.0	0.0	0.0	0.0	0.0	0.0	0.0	0.0	0.0	0.0	0.0	0.0	0.0	0.0	0.0	0.0	0.0	0.0	0.0	0.0	0.0	0.0	0.0	0.0	0.0	0.0	0.0	0.0	0.0	0.0	0.0	0.0	0.0	0.0	0.0	0.0	0.0	0.0	0.0	0.0	0.0	0.0	0.0	0.0	0.0	0.0	0.0	0.0	0.0	0.0	0.0	0.0	0.0	0.0	0.0	0.0	0.0	0.0	0.0	0.0	0.0	0.0	0.0	1.0	2.0	0.0	0.0	7.0	30.0	139.0	48.0	0.0	1.0	0.0	0.0	0.0	0.0	0.0	0.0	0.0	1.0	0.0	0.0	0.0	0.0	0.0	0.0	0.0	0.0	1.0	2.0	0.0	0.0	19.0	116.0	141.0	87.0	152.0	192.0	0.0	0.0	3.0	0.0	2.0	0.0	9.0	142.0	0.0	0.0	0.0	0.0	0.0	0.0	0.0	0.0	0.0	0.0	0.0	0.0	0.0	84.0	178.0	84.0	85.0	187.0	204.0	194.0	63.0	0.0	0.0	0.0	0.0	0.0	92.0	218.0	13.0	0.0	0.0	0.0	0.0	0.0	2.0	5.0	0.0	0.0	0.0	99.0	150.0	143.0	45.0	160.0	248.0	221.0	180.0	173.0	212.0	163.0	52.0	0.0	0.0	60.0	185.0	207.0	123.0	0.0	0.0	1.0	1.0	0.0	0.0	0.0	0.0	64.0	173.0	128.0	74.0	68.0	179.0	191.0	141.0	137.0	162.0	192.0	209.0	213.0	233.0	226.0	234.0	220.0	218.0	195.0	229.0	4.0	0.0	0.0	0.0	0.0	0.0	21.0	189.0	149.0	108.0	74.0	124.0	156.0	145.0	161.0	192.0	212.0	212.0	204.0	195.0	165.0	197.0	207.0	198.0	196.0	210.0	208.0	198.0	90.0	0.0	0.0	0.0	0.0	74.0	187.0	140.0	82.0	65.0	115.0	143.0	164.0	189.0	209.0	221.0	211.0	207.0	197.0	198.0	199.0	212.0	198.0	201.0	233.0	227.0	217.0	205.0	53.0	3.0	132.0	130.0	151.0	148.0	97.0	117.0	102.0	130.0	173.0	184.0	197.0	213.0	196.0	215.0	202.0	199.0	196.0	193.0	184.0	176.0	178.0	176.0	196.0	204.0	203.0	230.0	32.0	96.0	188.0	161.0	137.0	118.0	154.0	194.0	202.0	208.0	209.0	209.0	213.0	210.0	191.0	188.0	185.0	181.0	172.0	164.0	159.0	162.0	170.0	168.0	162.0	161.0	169.0	205.0	35.0	57.0	195.0	207.0	197.0	204.0	216.0	211.0	216.0	221.0	216.0	195.0	181.0	168.0	167.0	160.0	153.0	145.0	151.0	171.0	182.0	191.0	190.0	188.0	184.0	177.0	179.0	209.0	22.0	0.0	84.0	185.0	198.0	202.0	220.0	209.0	202.0	201.0	191.0	196.0	206.0	206.0	209.0	220.0	240.0	253.0	255.0	255.0	252.0	249.0	245.0	240.0	246.0	245.0	205.0	218.0	11.0	0.0	0.0	0.0	5.0	65.0	104.0	132.0	166.0	188.0	191.0	198.0	202.0	194.0	182.0	169.0	153.0	143.0	135.0	126.0	115.0	105.0	101.0	106.0	101.0	88.0	73.0	11.0	0.0	0.0	0.0	0.0	0.0	0.0	0.0	0.0	0.0	0.0	0.0	0.0	0.0	0.0	0.0	0.0	0.0	0.0	0.0	0.0	0.0	0.0	0.0	0.0	0.0	0.0	0.0	0.0	0.0	0.0	0.0	0.0	0.0	0.0	0.0	0.0	0.0	0.0	0.0	0.0	0.0	0.0	0.0	0.0	0.0	0.0	0.0	0.0	0.0	0.0	0.0	0.0	0.0	0.0	0.0	0.0	0.0	0.0	0.0	0.0	0.0	0.0	0.0	0.0	0.0	0.0	0.0	0.0	0.0	0.0	0.0	0.0	0.0	0.0	0.0	0.0	0.0	0.0	0.0	0.0	0.0	0.0	0.0	0.0	0.0	0.0	0.0	0.0	0.0	0.0	0.0	0.0	0.0	0.0	0.0	0.0	0.0	0.0	0.0	0.0	0.0	0.0	0.0	0.0	0.0	0.0	0.0	0.0	0.0	0.0	0.0	0.0	0.0	0.0	0.0	0.0	0.0	0.0	0.0	0.0	0.0	0.0	0.0	0.0	0.0	0.0	0.0	0.0	0.0	0.0	0.0	0.0	0.0	0.0	0.0	0.0	0.0	0.0	0.0	0.0	0.0	0.0	0.0	0.0	0.0	0.0	0.0	0.0	0.0	0.0	0.0	0.0	0.0	0.0	0.0	0.0	0.0	0.0	0.0	0.0	0.0	0.0	0.0	0.0	0.0	0.0	0.0	0.0	0.0	0.0	0.0	0.0	0.0	0.0	0.0	0.0	0.0	0.0	0.0	0.0	0.0	0.0	0.0	0.0	0.0	0.0	0.0	0.0	0.0	0.0	0.0	0.0	0.0	0.0	0.0	0.0	0.0	0.0	0.0	0.0	0.0	0.0	0.0	0.0	0.0	0.0	0.0	0.0	0.0	0.0	0.0	0.0	0.0	0.0	0.0	0.0	0.0	0.0	0.0	0.0	0.0	0.0	0.0	0.0	0.0
0.0	0.0	0.0	0.0	0.0	0.0	0.0	0.0	0.0	0.0	66.0	232.0	164.0	198.0	170.0	197.0	182.0	200.0	139.0	0.0	0.0	0.0	0.0	0.0	0.0	0.0	0.0	0.0	0.0	0.0	0.0	0.0	0.0	0.0	0.0	0.0	0.0	0.0	132.0	253.0	211.0	226.0	209.0	212.0	192.0	164.0	122.0	0.0	0.0	0.0	0.0	0.0	0.0	0.0	0.0	0.0	0.0	0.0	0.0	0.0	0.0	0.0	0.0	0.0	0.0	0.0	169.0	221.0	183.0	197.0	196.0	178.0	181.0	190.0	158.0	0.0	0.0	0.0	0.0	0.0	0.0	0.0	0.0	0.0	0.0	0.0	0.0	0.0	0.0	0.0	0.0	0.0	0.0	0.0	183.0	212.0	191.0	187.0	197.0	195.0	172.0	170.0	207.0	16.0	0.0	0.0	0.0	0.0	0.0	0.0	0.0	0.0	0.0	0.0	0.0	0.0	0.0	0.0	0.0	0.0	0.0	0.0	240.0	221.0	170.0	167.0	226.0	223.0	202.0	163.0	213.0	45.0	0.0	0.0	0.0	0.0	0.0	0.0	0.0	0.0	0.0	0.0	0.0	0.0	0.0	0.0	0.0	0.0	0.0	0.0	195.0	197.0	199.0	200.0	226.0	208.0	220.0	135.0	145.0	72.0	0.0	0.0	0.0	0.0	0.0	0.0	0.0	0.0	0.0	0.0	0.0	0.0	0.0	0.0	0.0	0.0	0.0	48.0	241.0	181.0	180.0	207.0	251.0	235.0	209.0	130.0	124.0	75.0	0.0	0.0	0.0	0.0	0.0	0.0	0.0	0.0	0.0	0.0	0.0	0.0	0.0	0.0	0.0	0.0	0.0	97.0	250.0	160.0	178.0	214.0	149.0	245.0	223.0	192.0	200.0	79.0	0.0	0.0	0.0	0.0	0.0	0.0	0.0	0.0	0.0	0.0	0.0	0.0	0.0	0.0	0.0	0.0	0.0	105.0	214.0	127.0	165.0	212.0	38.0	255.0	173.0	172.0	170.0	54.0	0.0	0.0	0.0	0.0	0.0	0.0	0.0	0.0	0.0	0.0	0.0	0.0	0.0	0.0	0.0	0.0	0.0	125.0	208.0	127.0	202.0	181.0	0.0	255.0	192.0	144.0	157.0	46.0	0.0	0.0	0.0	0.0	0.0	0.0	0.0	0.0	0.0	0.0	0.0	0.0	0.0	0.0	0.0	0.0	0.0	144.0	195.0	139.0	243.0	102.0	0.0	231.0	211.0	141.0	180.0	49.0	0.0	0.0	0.0	0.0	0.0	0.0	0.0	0.0	0.0	0.0	0.0	0.0	0.0	0.0	0.0	0.0	0.0	149.0	183.0	153.0	248.0	48.0	0.0	180.0	210.0	135.0	184.0	56.0	0.0	0.0	0.0	0.0	0.0	0.0	0.0	0.0	0.0	0.0	0.0	0.0	0.0	0.0	0.0	0.0	0.0	148.0	154.0	167.0	250.0	0.0	0.0	138.0	210.0	148.0	189.0	23.0	0.0	0.0	0.0	0.0	0.0	0.0	0.0	0.0	0.0	0.0	0.0	0.0	0.0	0.0	0.0	0.0	0.0	138.0	137.0	194.0	221.0	0.0	0.0	108.0	212.0	142.0	158.0	0.0	0.0	0.0	0.0	0.0	0.0	0.0	0.0	0.0	0.0	0.0	0.0	0.0	0.0	0.0	0.0	0.0	0.0	127.0	158.0	192.0	184.0	0.0	0.0	50.0	220.0	146.0	168.0	0.0	0.0	0.0	0.0	0.0	0.0	0.0	0.0	0.0	0.0	0.0	0.0	0.0	0.0	0.0	0.0	0.0	0.0	91.0	179.0	213.0	167.0	0.0	0.0	0.0	247.0	152.0	187.0	38.0	0.0	0.0	0.0	0.0	0.0	0.0	0.0	0.0	0.0	0.0	0.0	0.0	0.0	0.0	0.0	0.0	0.0	74.0	179.0	217.0	226.0	0.0	0.0	0.0	224.0	154.0	195.0	32.0	0.0	0.0	0.0	0.0	0.0	0.0	0.0	0.0	0.0	0.0	0.0	0.0	0.0	0.0	0.0	0.0	0.0	67.0	219.0	210.0	252.0	0.0	0.0	0.0	252.0	203.0	181.0	37.0	0.0	0.0	0.0	0.0	0.0	0.0	0.0	0.0	0.0	0.0	0.0	0.0	0.0	0.0	0.0	0.0	0.0	12.0	254.0	214.0	216.0	0.0	0.0	0.0	197.0	225.0	178.0	0.0	0.0	0.0	0.0	0.0	0.0	0.0	0.0	0.0	0.0	0.0	0.0	0.0	0.0	0.0	0.0	0.0	0.0	0.0	244.0	219.0	222.0	16.0	0.0	0.0	225.0	235.0	197.0	0.0	0.0	0.0	0.0	0.0	0.0	0.0	0.0	0.0	0.0	0.0	0.0	0.0	0.0	0.0	0.0	0.0	0.0	0.0	216.0	228.0	232.0	55.0	0.0	0.0	214.0	235.0	208.0	2.0	0.0	0.0	0.0	0.0	0.0	0.0	0.0	0.0	0.0	0.0	0.0	0.0	0.0	0.0	0.0	0.0	0.0	0.0	174.0	236.0	233.0	80.0	0.0	0.0	205.0	231.0	218.0	0.0	0.0	0.0	0.0	0.0	0.0	0.0	0.0	0.0	0.0	0.0	0.0	0.0	0.0	0.0	0.0	0.0	0.0	0.0	92.0	236.0	234.0	109.0	0.0	0.0	200.0	230.0	213.0	0.0	0.0	0.0	0.0	0.0	0.0	0.0	0.0	0.0	0.0	0.0	0.0	0.0	0.0	0.0	0.0	0.0	0.0	0.0	44.0	232.0	228.0	141.0	0.0	0.0	190.0	238.0	215.0	0.0	0.0	0.0	0.0	0.0	0.0	0.0	0.0	0.0	0.0	0.0	0.0	0.0	0.0	0.0	0.0	0.0	0.0	0.0	22.0	224.0	219.0	155.0	0.0	0.0	168.0	239.0	221.0	1.0	0.0	0.0	0.0	0.0	0.0	0.0	0.0	0.0	0.0	0.0	0.0	0.0	0.0	0.0	0.0	0.0	0.0	0.0	1.0	214.0	216.0	150.0	0.0	0.0	162.0	232.0	205.0	0.0	0.0	0.0	0.0	0.0	0.0	0.0	0.0	0.0	0.0	0.0	0.0	0.0	0.0	0.0	0.0	0.0	0.0	0.0	0.0	206.0	222.0	215.0	0.0	0.0	194.0	236.0	197.0	10.0	0.0	0.0	0.0	0.0	0.0	0.0	0.0	0.0	0.0	0.0	0.0	0.0	0.0	0.0	0.0	0.0	0.0	0.0	0.0	25.0	11.0	13.0	0.0	0.0	12.0	0.0	8.0	0.0	0.0	0.0	0.0	0.0	0.0	0.0	0.0	0.0
0.0	0.0	0.0	0.0	0.0	0.0	0.0	0.0	0.0	0.0	0.0	0.0	18.0	56.0	28.0	67.0	14.0	0.0	1.0	0.0	0.0	0.0	0.0	1.0	0.0	0.0	0.0	0.0	0.0	0.0	0.0	0.0	0.0	0.0	0.0	3.0	2.0	1.0	0.0	15.0	163.0	186.0	255.0	196.0	207.0	2.0	0.0	0.0	0.0	2.0	1.0	0.0	2.0	0.0	0.0	0.0	0.0	0.0	0.0	0.0	0.0	0.0	0.0	0.0	0.0	0.0	46.0	107.0	124.0	147.0	219.0	152.0	164.0	215.0	59.0	0.0	0.0	0.0	1.0	0.0	0.0	0.0	0.0	0.0	0.0	0.0	0.0	0.0	1.0	0.0	0.0	29.0	80.0	106.0	95.0	73.0	164.0	141.0	74.0	151.0	158.0	142.0	164.0	132.0	47.0	1.0	0.0	0.0	0.0	0.0	0.0	0.0	0.0	0.0	0.0	4.0	0.0	0.0	100.0	130.0	104.0	74.0	140.0	176.0	117.0	189.0	183.0	117.0	131.0	173.0	117.0	100.0	129.0	150.0	58.0	0.0	0.0	0.0	0.0	0.0	0.0	0.0	0.0	4.0	0.0	31.0	130.0	100.0	85.0	123.0	159.0	169.0	174.0	164.0	196.0	123.0	200.0	211.0	154.0	76.0	115.0	123.0	132.0	0.0	0.0	0.0	0.0	0.0	0.0	0.0	0.0	0.0	0.0	104.0	131.0	126.0	81.0	86.0	79.0	57.0	84.0	145.0	140.0	158.0	71.0	61.0	68.0	123.0	162.0	125.0	143.0	20.0	0.0	0.0	0.0	0.0	0.0	0.0	0.0	0.0	20.0	148.0	108.0	146.0	146.0	79.0	92.0	91.0	79.0	62.0	73.0	71.0	89.0	86.0	95.0	145.0	153.0	143.0	120.0	113.0	0.0	0.0	0.0	0.0	0.0	0.0	0.0	0.0	90.0	132.0	92.0	117.0	164.0	125.0	85.0	81.0	85.0	93.0	85.0	97.0	82.0	80.0	109.0	191.0	158.0	126.0	81.0	163.0	3.0	0.0	0.0	0.0	0.0	0.0	0.0	23.0	132.0	100.0	86.0	120.0	169.0	147.0	93.0	96.0	90.0	97.0	87.0	93.0	79.0	87.0	114.0	189.0	158.0	111.0	92.0	135.0	87.0	0.0	0.0	0.0	0.0	0.0	0.0	69.0	136.0	103.0	112.0	151.0	140.0	125.0	115.0	109.0	101.0	96.0	101.0	101.0	107.0	124.0	131.0	192.0	176.0	124.0	101.0	114.0	130.0	0.0	0.0	0.0	0.0	0.0	0.0	0.0	10.0	81.0	180.0	183.0	62.0	147.0	103.0	103.0	117.0	107.0	101.0	120.0	108.0	115.0	139.0	167.0	106.0	229.0	122.0	52.0	1.0	0.0	0.0	0.0	0.0	0.0	0.0	0.0	0.0	0.0	0.0	0.0	59.0	184.0	92.0	111.0	97.0	115.0	95.0	107.0	96.0	112.0	132.0	207.0	0.0	31.0	0.0	0.0	0.0	0.0	0.0	0.0	0.0	0.0	0.0	0.0	2.0	0.0	0.0	0.0	36.0	168.0	112.0	103.0	97.0	101.0	96.0	122.0	102.0	112.0	142.0	148.0	0.0	0.0	0.0	0.0	1.0	0.0	0.0	0.0	0.0	0.0	0.0	0.0	0.0	0.0	2.0	0.0	32.0	142.0	104.0	98.0	106.0	90.0	106.0	102.0	98.0	102.0	131.0	147.0	0.0	0.0	1.0	0.0	0.0	0.0	0.0	0.0	0.0	0.0	0.0	0.0	0.0	0.0	1.0	0.0	53.0	132.0	96.0	100.0	106.0	106.0	95.0	98.0	112.0	106.0	130.0	146.0	0.0	0.0	1.0	0.0	0.0	0.0	0.0	0.0	0.0	0.0	0.0	0.0	0.0	0.0	4.0	0.0	63.0	141.0	92.0	112.0	90.0	108.0	92.0	118.0	111.0	109.0	129.0	163.0	0.0	0.0	1.0	0.0	0.0	0.0	0.0	0.0	0.0	0.0	0.0	0.0	0.0	0.0	1.0	0.0	81.0	136.0	90.0	104.0	93.0	96.0	93.0	112.0	108.0	107.0	114.0	165.0	23.0	0.0	3.0	0.0	0.0	0.0	0.0	0.0	0.0	0.0	0.0	0.0	0.0	1.0	0.0	0.0	102.0	119.0	95.0	96.0	109.0	98.0	96.0	103.0	101.0	115.0	112.0	150.0	40.0	0.0	2.0	0.0	0.0	0.0	0.0	0.0	0.0	0.0	0.0	0.0	0.0	0.0	0.0	0.0	126.0	112.0	101.0	103.0	103.0	107.0	95.0	117.0	102.0	107.0	100.0	156.0	96.0	0.0	1.0	0.0	0.0	0.0	0.0	0.0	0.0	0.0	0.0	0.0	0.0	0.0	0.0	0.0	132.0	114.0	108.0	114.0	96.0	106.0	98.0	108.0	100.0	108.0	95.0	135.0	113.0	0.0	1.0	0.0	0.0	0.0	0.0	0.0	0.0	0.0	0.0	0.0	0.0	2.0	0.0	2.0	150.0	108.0	101.0	103.0	101.0	92.0	100.0	98.0	107.0	107.0	97.0	118.0	151.0	0.0	0.0	1.0	0.0	0.0	0.0	0.0	0.0	0.0	0.0	0.0	0.0	3.0	0.0	20.0	131.0	87.0	103.0	100.0	117.0	111.0	98.0	112.0	108.0	107.0	97.0	126.0	134.0	0.0	0.0	1.0	0.0	0.0	0.0	0.0	0.0	0.0	0.0	0.0	1.0	3.0	0.0	54.0	135.0	95.0	114.0	113.0	109.0	112.0	101.0	119.0	106.0	114.0	101.0	126.0	131.0	0.0	0.0	1.0	0.0	0.0	0.0	0.0	0.0	0.0	0.0	0.0	0.0	4.0	0.0	92.0	136.0	101.0	98.0	104.0	91.0	103.0	117.0	108.0	101.0	109.0	100.0	120.0	150.0	0.0	0.0	1.0	0.0	0.0	0.0	0.0	0.0	0.0	0.0	1.0	0.0	8.0	0.0	120.0	142.0	100.0	98.0	91.0	92.0	97.0	92.0	98.0	106.0	100.0	96.0	118.0	165.0	0.0	0.0	2.0	1.0	0.0	0.0	0.0	0.0	0.0	0.0	0.0	1.0	2.0	0.0	43.0	148.0	124.0	137.0	135.0	136.0	128.0	132.0	137.0	123.0	128.0	126.0	135.0	140.0	0.0	0.0	1.0	0.0	0.0	0.0	0.0	0.0	0.0	0.0	0.0	0.0	0.0	0.0	0.0	0.0	34.0	47.0	59.0	65.0	65.0	67.0	42.0	41.0	43.0	54.0	67.0	2.0	0.0	0.0	0.0	0.0	0.0	0.0	0.0
0.0	2.0	52.0	55.0	54.0	54.0	54.0	48.0	57.0	58.0	55.0	57.0	58.0	57.0	57.0	58.0	60.0	60.0	61.0	65.0	51.0	60.0	68.0	63.0	64.0	17.0	0.0	0.0	0.0	57.0	105.0	99.0	112.0	98.0	93.0	79.0	83.0	82.0	76.0	77.0	82.0	80.0	79.0	80.0	77.0	85.0	71.0	93.0	95.0	80.0	90.0	106.0	93.0	83.0	1.0	0.0	0.0	101.0	93.0	93.0	114.0	111.0	79.0	71.0	71.0	67.0	64.0	65.0	70.0	76.0	76.0	76.0	64.0	74.0	64.0	68.0	118.0	73.0	73.0	89.0	74.0	117.0	45.0	0.0	19.0	120.0	68.0	80.0	108.0	136.0	68.0	73.0	83.0	68.0	73.0	73.0	71.0	80.0	82.0	90.0	64.0	71.0	95.0	54.0	140.0	92.0	65.0	93.0	87.0	92.0	92.0	0.0	26.0	102.0	77.0	87.0	83.0	117.0	74.0	76.0	70.0	54.0	52.0	57.0	64.0	67.0	58.0	85.0	64.0	57.0	68.0	52.0	153.0	111.0	54.0	111.0	93.0	83.0	101.0	38.0	71.0	105.0	67.0	65.0	77.0	86.0	38.0	96.0	96.0	109.0	140.0	131.0	93.0	101.0	126.0	120.0	98.0	130.0	131.0	76.0	108.0	83.0	46.0	99.0	73.0	85.0	108.0	45.0	16.0	65.0	139.0	109.0	104.0	134.0	193.0	140.0	145.0	143.0	142.0	153.0	159.0	164.0	159.0	150.0	150.0	131.0	126.0	139.0	181.0	190.0	133.0	127.0	145.0	120.0	35.0	0.0	0.0	43.0	148.0	140.0	187.0	194.0	255.0	186.0	104.0	106.0	104.0	104.0	101.0	99.0	101.0	102.0	105.0	111.0	101.0	108.0	140.0	233.0	197.0	161.0	106.0	112.0	17.0	0.0	0.0	48.0	104.0	121.0	218.0	42.0	0.0	108.0	102.0	99.0	121.0	106.0	95.0	102.0	108.0	108.0	108.0	115.0	99.0	130.0	27.0	0.0	153.0	181.0	118.0	124.0	55.0	0.0	0.0	67.0	111.0	128.0	227.0	30.0	0.0	17.0	98.0	105.0	111.0	98.0	98.0	96.0	98.0	101.0	101.0	109.0	96.0	117.0	30.0	0.0	90.0	197.0	118.0	123.0	65.0	0.0	0.0	79.0	101.0	140.0	212.0	2.0	0.0	19.0	117.0	99.0	99.0	98.0	95.0	93.0	98.0	99.0	102.0	111.0	104.0	101.0	4.0	0.0	29.0	209.0	131.0	111.0	80.0	1.0	0.0	82.0	92.0	168.0	211.0	0.0	0.0	23.0	109.0	98.0	104.0	104.0	93.0	95.0	101.0	102.0	105.0	108.0	104.0	115.0	16.0	0.0	11.0	211.0	145.0	96.0	93.0	17.0	5.0	85.0	92.0	186.0	209.0	0.0	0.0	35.0	108.0	96.0	104.0	102.0	95.0	96.0	98.0	101.0	104.0	105.0	108.0	108.0	29.0	0.0	2.0	205.0	149.0	92.0	89.0	21.0	2.0	89.0	90.0	187.0	196.0	0.0	0.0	45.0	109.0	96.0	102.0	101.0	96.0	96.0	98.0	99.0	101.0	99.0	102.0	108.0	58.0	0.0	0.0	184.0	152.0	83.0	86.0	30.0	5.0	89.0	85.0	184.0	171.0	0.0	0.0	74.0	101.0	92.0	95.0	96.0	93.0	95.0	96.0	96.0	96.0	99.0	99.0	99.0	99.0	1.0	0.0	196.0	158.0	79.0	86.0	38.0	7.0	93.0	83.0	180.0	180.0	0.0	8.0	104.0	92.0	90.0	92.0	92.0	92.0	93.0	95.0	95.0	95.0	95.0	90.0	90.0	101.0	51.0	0.0	174.0	161.0	77.0	89.0	38.0	7.0	95.0	90.0	174.0	152.0	0.0	48.0	96.0	87.0	92.0	92.0	95.0	95.0	92.0	93.0	96.0	95.0	92.0	90.0	86.0	93.0	74.0	0.0	136.0	164.0	80.0	92.0	33.0	5.0	93.0	89.0	171.0	128.0	0.0	64.0	93.0	86.0	92.0	92.0	93.0	95.0	95.0	96.0	98.0	96.0	95.0	92.0	86.0	86.0	95.0	0.0	105.0	165.0	74.0	95.0	32.0	4.0	89.0	87.0	168.0	95.0	0.0	79.0	89.0	82.0	83.0	86.0	89.0	90.0	92.0	93.0	93.0	92.0	87.0	85.0	89.0	85.0	93.0	0.0	60.0	168.0	74.0	93.0	32.0	4.0	86.0	85.0	164.0	55.0	0.0	95.0	114.0	106.0	105.0	108.0	114.0	118.0	118.0	118.0	117.0	112.0	111.0	105.0	106.0	106.0	115.0	0.0	8.0	159.0	76.0	90.0	32.0	1.0	85.0	86.0	155.0	17.0	0.0	46.0	64.0	73.0	79.0	79.0	83.0	85.0	85.0	86.0	85.0	83.0	82.0	80.0	80.0	68.0	48.0	0.0	0.0	178.0	89.0	85.0	36.0	0.0	80.0	86.0	145.0	0.0	0.0	0.0	0.0	0.0	0.0	0.0	0.0	0.0	0.0	0.0	0.0	0.0	0.0	0.0	0.0	0.0	0.0	0.0	0.0	152.0	93.0	77.0	38.0	0.0	74.0	82.0	137.0	0.0	0.0	4.0	1.0	1.0	0.0	1.0	1.0	1.0	1.0	2.0	2.0	1.0	1.0	1.0	2.0	1.0	1.0	1.0	0.0	126.0	95.0	73.0	41.0	0.0	76.0	83.0	133.0	0.0	0.0	1.0	0.0	1.0	0.0	0.0	0.0	0.0	0.0	0.0	0.0	0.0	0.0	0.0	0.0	0.0	0.0	2.0	0.0	98.0	105.0	74.0	43.0	0.0	74.0	85.0	128.0	0.0	0.0	1.0	0.0	0.0	0.0	0.0	0.0	0.0	0.0	0.0	0.0	0.0	0.0	1.0	0.0	1.0	1.0	5.0	0.0	85.0	99.0	73.0	45.0	0.0	76.0	85.0	126.0	0.0	0.0	1.0	0.0	0.0	0.0	0.0	0.0	0.0	0.0	0.0	0.0	0.0	0.0	0.0	0.0	0.0	0.0	4.0	0.0	68.0	101.0	73.0	49.0	0.0	79.0	90.0	130.0	0.0	0.0	1.0	0.0	0.0	0.0	0.0	0.0	0.0	0.0	0.0	0.0	0.0	0.0	0.0	1.0	0.0	0.0	5.0	0.0	52.0	128.0	83.0	58.0	0.0	55.0	76.0	130.0	0.0	0.0	1.0	0.0	0.0	0.0	0.0	0.0	0.0	0.0	0.0	0.0	0.0	0.0	0.0	1.0	0.0	0.0	2.0	0.0	27.0	93.0	61.0	38.0
0.0	0.0	0.0	0.0	35.0	45.0	58.0	98.0	70.0	70.0	80.0	43.0	65.0	53.0	48.0	68.0	50.0	63.0	36.0	67.0	53.0	40.0	60.0	75.0	0.0	0.0	0.0	0.0	0.0	0.0	0.0	0.0	85.0	109.0	88.0	67.0	77.0	78.0	53.0	23.0	73.0	72.0	48.0	93.0	87.0	93.0	134.0	77.0	78.0	109.0	114.0	120.0	0.0	0.0	0.0	0.0	0.0	0.0	0.0	0.0	83.0	80.0	70.0	87.0	93.0	92.0	102.0	112.0	135.0	88.0	80.0	87.0	75.0	115.0	132.0	149.0	179.0	62.0	78.0	109.0	10.0	0.0	0.0	0.0	0.0	0.0	0.0	3.0	70.0	45.0	57.0	48.0	63.0	40.0	43.0	112.0	216.0	223.0	255.0	179.0	77.0	93.0	105.0	104.0	33.0	21.0	46.0	83.0	28.0	0.0	0.0	0.0	0.0	0.0	0.0	36.0	87.0	13.0	11.0	28.0	98.0	46.0	35.0	36.0	135.0	229.0	142.0	179.0	98.0	85.0	50.0	35.0	45.0	87.0	95.0	98.0	41.0	0.0	1.0	0.0	0.0	0.0	0.0	52.0	77.0	55.0	88.0	82.0	78.0	92.0	129.0	62.0	169.0	164.0	0.0	137.0	129.0	58.0	45.0	55.0	100.0	62.0	33.0	40.0	46.0	0.0	0.0	0.0	0.0	0.0	0.0	48.0	90.0	63.0	72.0	72.0	93.0	77.0	95.0	10.0	182.0	184.0	35.0	219.0	194.0	68.0	105.0	100.0	65.0	80.0	78.0	70.0	73.0	0.0	0.0	0.0	0.0	0.0	0.0	110.0	65.0	92.0	57.0	58.0	65.0	75.0	50.0	26.0	125.0	134.0	43.0	206.0	149.0	38.0	135.0	83.0	73.0	83.0	90.0	85.0	90.0	0.0	0.0	0.0	0.0	0.0	0.0	60.0	78.0	162.0	67.0	53.0	33.0	18.0	16.0	65.0	33.0	40.0	83.0	87.0	172.0	82.0	100.0	122.0	127.0	68.0	80.0	78.0	105.0	6.0	0.0	0.0	0.0	0.0	0.0	53.0	107.0	104.0	53.0	78.0	82.0	70.0	50.0	67.0	75.0	57.0	68.0	62.0	68.0	73.0	97.0	124.0	68.0	68.0	55.0	53.0	97.0	11.0	0.0	0.0	0.0	0.0	0.0	70.0	87.0	150.0	164.0	82.0	85.0	73.0	75.0	70.0	68.0	67.0	83.0	60.0	36.0	60.0	41.0	35.0	46.0	3.0	0.0	46.0	109.0	30.0	0.0	0.0	0.0	0.0	0.0	73.0	85.0	88.0	72.0	68.0	105.0	95.0	78.0	68.0	13.0	23.0	90.0	50.0	21.0	58.0	50.0	41.0	53.0	65.0	82.0	88.0	112.0	43.0	0.0	0.0	0.0	0.0	0.0	80.0	72.0	67.0	62.0	16.0	21.0	55.0	85.0	67.0	35.0	57.0	82.0	57.0	63.0	50.0	57.0	97.0	63.0	58.0	75.0	83.0	82.0	41.0	0.0	0.0	0.0	0.0	3.0	85.0	58.0	63.0	77.0	72.0	48.0	68.0	92.0	80.0	78.0	77.0	78.0	73.0	70.0	88.0	73.0	176.0	127.0	156.0	95.0	72.0	36.0	46.0	0.0	0.0	0.0	0.0	8.0	73.0	100.0	87.0	58.0	88.0	97.0	75.0	78.0	149.0	150.0	75.0	50.0	52.0	28.0	75.0	78.0	100.0	104.0	88.0	87.0	80.0	92.0	63.0	0.0	0.0	0.0	0.0	10.0	65.0	117.0	156.0	125.0	98.0	75.0	85.0	65.0	112.0	145.0	119.0	46.0	60.0	35.0	70.0	104.0	68.0	58.0	82.0	87.0	77.0	87.0	65.0	0.0	0.0	0.0	0.0	0.0	82.0	78.0	119.0	120.0	104.0	72.0	33.0	41.0	70.0	65.0	60.0	65.0	95.0	93.0	92.0	78.0	55.0	25.0	20.0	43.0	77.0	70.0	80.0	0.0	0.0	0.0	0.0	5.0	90.0	77.0	57.0	73.0	70.0	82.0	73.0	63.0	58.0	38.0	132.0	62.0	60.0	58.0	107.0	119.0	41.0	30.0	87.0	72.0	63.0	80.0	82.0	0.0	0.0	0.0	0.0	10.0	105.0	52.0	36.0	43.0	83.0	73.0	77.0	63.0	78.0	171.0	45.0	0.0	77.0	46.0	92.0	140.0	70.0	67.0	78.0	82.0	73.0	85.0	62.0	0.0	0.0	0.0	0.0	45.0	109.0	30.0	28.0	46.0	68.0	67.0	88.0	46.0	134.0	152.0	0.0	0.0	28.0	41.0	55.0	87.0	63.0	53.0	80.0	68.0	63.0	23.0	36.0	0.0	0.0	0.0	0.0	43.0	130.0	58.0	87.0	85.0	72.0	72.0	88.0	60.0	75.0	93.0	0.0	0.0	8.0	109.0	117.0	129.0	72.0	88.0	140.0	45.0	65.0	82.0	100.0	0.0	0.0	0.0	0.0	30.0	93.0	68.0	75.0	83.0	72.0	100.0	63.0	65.0	115.0	60.0	0.0	0.0	0.0	41.0	109.0	36.0	43.0	124.0	105.0	83.0	82.0	70.0	97.0	0.0	0.0	0.0	0.0	36.0	88.0	135.0	95.0	77.0	41.0	25.0	23.0	93.0	107.0	0.0	0.0	0.0	0.0	0.0	83.0	75.0	70.0	104.0	164.0	152.0	55.0	88.0	104.0	1.0	0.0	0.0	0.0	0.0	100.0	191.0	75.0	62.0	60.0	73.0	46.0	105.0	60.0	0.0	0.0	0.0	0.0	0.0	28.0	88.0	88.0	73.0	55.0	26.0	18.0	35.0	62.0	1.0	0.0	0.0	0.0	0.0	117.0	140.0	100.0	112.0	115.0	135.0	82.0	93.0	0.0	0.0	0.0	0.0	0.0	0.0	0.0	48.0	114.0	57.0	88.0	139.0	67.0	102.0	119.0	5.0	0.0	0.0	0.0	45.0	95.0	75.0	78.0	72.0	75.0	62.0	62.0	90.0	0.0	0.0	1.0	0.0	0.0	0.0	0.0	50.0	72.0	48.0	97.0	105.0	63.0	50.0	73.0	38.0	0.0	0.0	0.0	70.0	122.0	88.0	88.0	93.0	92.0	97.0	112.0	115.0	0.0	0.0	1.0	0.0	0.0	0.0	1.0	105.0	98.0	95.0	102.0	93.0	115.0	112.0	132.0	73.0	0.0	0.0	0.0	21.0	75.0	72.0	75.0	77.0	70.0	90.0	124.0	77.0	0.0	0.0	0.0	0.0	1.0	0.0	0.0	73.0	85.0	90.0	65.0	63.0	63.0	60.0	85.0	26.0	0.0
0.0	0.0	0.0	0.0	0.0	0.0	0.0	0.0	0.0	0.0	0.0	0.0	0.0	0.0	0.0	0.0	0.0	0.0	0.0	0.0	0.0	0.0	0.0	0.0	0.0	0.0	0.0	0.0	0.0	0.0	0.0	0.0	0.0	0.0	0.0	0.0	0.0	0.0	0.0	0.0	0.0	0.0	0.0	0.0	0.0	0.0	0.0	0.0	0.0	0.0	0.0	0.0	0.0	0.0	0.0	0.0	0.0	0.0	0.0	0.0	0.0	0.0	0.0	0.0	0.0	0.0	0.0	0.0	0.0	0.0	0.0	0.0	0.0	0.0	0.0	0.0	0.0	0.0	0.0	0.0	0.0	0.0	0.0	0.0	0.0	0.0	0.0	0.0	0.0	0.0	0.0	0.0	0.0	0.0	0.0	0.0	0.0	0.0	0.0	0.0	0.0	0.0	0.0	0.0	0.0	0.0	0.0	0.0	0.0	0.0	0.0	0.0	0.0	0.0	0.0	0.0	0.0	0.0	0.0	0.0	0.0	0.0	0.0	0.0	0.0	0.0	0.0	0.0	0.0	0.0	0.0	0.0	0.0	0.0	0.0	0.0	0.0	0.0	0.0	0.0	0.0	0.0	0.0	0.0	0.0	0.0	0.0	0.0	0.0	0.0	0.0	0.0	0.0	0.0	0.0	0.0	0.0	0.0	0.0	0.0	0.0	0.0	0.0	0.0	0.0	0.0	0.0	0.0	0.0	0.0	0.0	0.0	0.0	0.0	0.0	0.0	0.0	0.0	0.0	0.0	0.0	0.0	0.0	0.0	0.0	0.0	0.0	0.0	0.0	0.0	0.0	0.0	0.0	0.0	0.0	0.0	0.0	0.0	0.0	0.0	0.0	0.0	0.0	0.0	0.0	0.0	3.0	2.0	0.0	0.0	0.0	104.0	200.0	165.0	24.0	0.0	0.0	0.0	0.0	0.0	0.0	204.0	80.0	0.0	0.0	0.0	0.0	0.0	0.0	0.0	0.0	0.0	1.0	2.0	1.0	0.0	0.0	0.0	58.0	225.0	202.0	218.0	169.0	0.0	0.0	0.0	22.0	157.0	184.0	222.0	122.0	0.0	0.0	0.0	0.0	0.0	0.0	0.0	0.0	0.0	1.0	2.0	0.0	3.0	0.0	0.0	221.0	216.0	199.0	192.0	198.0	224.0	193.0	173.0	238.0	227.0	207.0	214.0	164.0	0.0	0.0	0.0	0.0	0.0	0.0	0.0	0.0	0.0	2.0	0.0	0.0	0.0	0.0	148.0	231.0	200.0	201.0	185.0	176.0	165.0	190.0	228.0	209.0	202.0	208.0	209.0	199.0	0.0	0.0	0.0	0.0	0.0	0.0	0.0	0.0	0.0	0.0	6.0	0.0	0.0	108.0	255.0	199.0	207.0	183.0	180.0	177.0	185.0	202.0	203.0	200.0	210.0	209.0	202.0	229.0	0.0	0.0	0.0	0.0	0.0	2.0	0.0	3.0	1.0	1.0	0.0	0.0	133.0	254.0	198.0	202.0	198.0	181.0	173.0	180.0	201.0	207.0	201.0	201.0	198.0	212.0	184.0	243.0	28.0	0.0	1.0	6.0	5.0	7.0	4.0	0.0	0.0	0.0	39.0	193.0	254.0	197.0	193.0	200.0	179.0	166.0	176.0	198.0	212.0	205.0	198.0	199.0	201.0	205.0	162.0	251.0	74.0	0.0	0.0	0.0	0.0	0.0	0.0	0.0	72.0	185.0	253.0	216.0	195.0	198.0	202.0	186.0	165.0	170.0	189.0	208.0	209.0	199.0	200.0	199.0	210.0	196.0	181.0	255.0	124.0	0.0	0.0	44.0	63.0	68.0	131.0	216.0	254.0	215.0	197.0	199.0	207.0	205.0	191.0	172.0	169.0	185.0	191.0	203.0	205.0	202.0	198.0	198.0	203.0	176.0	209.0	214.0	140.0	0.0	161.0	241.0	230.0	223.0	211.0	200.0	190.0	194.0	205.0	198.0	195.0	202.0	183.0	196.0	199.0	201.0	195.0	192.0	195.0	196.0	193.0	197.0	176.0	186.0	178.0	182.0	153.0	28.0	226.0	210.0	209.0	201.0	196.0	191.0	187.0	184.0	185.0	188.0	198.0	217.0	191.0	206.0	208.0	201.0	199.0	189.0	194.0	203.0	208.0	207.0	200.0	230.0	205.0	227.0	118.0	169.0	208.0	194.0	199.0	213.0	209.0	202.0	201.0	200.0	199.0	201.0	189.0	192.0	189.0	198.0	202.0	202.0	205.0	229.0	226.0	208.0	202.0	201.0	188.0	181.0	131.0	168.0	71.0	10.0	115.0	184.0	212.0	194.0	209.0	205.0	197.0	205.0	215.0	216.0	202.0	188.0	203.0	216.0	217.0	234.0	215.0	180.0	130.0	152.0	122.0	134.0	116.0	110.0	77.0	144.0	72.0	0.0	0.0	0.0	24.0	71.0	124.0	159.0	184.0	204.0	209.0	219.0	222.0	214.0	212.0	188.0	125.0	43.0	0.0	0.0	0.0	186.0	210.0	213.0	202.0	196.0	174.0	207.0	81.0	0.0	0.0	0.0	0.0	0.0	0.0	0.0	0.0	24.0	40.0	63.0	65.0	54.0	32.0	0.0	0.0	0.0	0.0	0.0	0.0	44.0	61.0	44.0	43.0	34.0	22.0	14.0	0.0	0.0	0.0	0.0	0.0	0.0	0.0	0.0	0.0	0.0	0.0	0.0	0.0	0.0	0.0	0.0	0.0	0.0	0.0	0.0	0.0	0.0	0.0	0.0	0.0	0.0	0.0	0.0	0.0	0.0	0.0	0.0	0.0	0.0	0.0	0.0	0.0	0.0	0.0	0.0	0.0	0.0	0.0	0.0	0.0	0.0	0.0	0.0	0.0	0.0	0.0	0.0	0.0	0.0	0.0	0.0	0.0	0.0	0.0	0.0	0.0	0.0	0.0	0.0	0.0	0.0	0.0	0.0	0.0	0.0	0.0	0.0	0.0	0.0	0.0	0.0	0.0	0.0	0.0	0.0	0.0	0.0	0.0	0.0	0.0	0.0	0.0	0.0	0.0	0.0	0.0	0.0	0.0	0.0	0.0	0.0	0.0	0.0	0.0	0.0	0.0	0.0	0.0	0.0	0.0	0.0	0.0	0.0	0.0	0.0	0.0	0.0	0.0	0.0	0.0	0.0	0.0	0.0	0.0	0.0	0.0	0.0	0.0	0.0	0.0	0.0	0.0	0.0	0.0	0.0	0.0	0.0	0.0	0.0	0.0	0.0	0.0	0.0	0.0	0.0	0.0	0.0	0.0	0.0	0.0	0.0	0.0	0.0	0.0	0.0	0.0	0.0	0.0	0.0	0.0	0.0	0.0	0.0	0.0	0.0	0.0	0.0	0.0	0.0	0.0	0.0	0.0	0.0	0.0
0.0	0.0	0.0	0.0	0.0	0.0	0.0	0.0	0.0	0.0	0.0	0.0	0.0	0.0	0.0	0.0	0.0	0.0	0.0	0.0	0.0	0.0	0.0	0.0	0.0	0.0	0.0	0.0	0.0	0.0	0.0	0.0	0.0	0.0	0.0	0.0	0.0	0.0	0.0	0.0	0.0	0.0	0.0	0.0	0.0	0.0	0.0	0.0	0.0	0.0	0.0	0.0	0.0	0.0	0.0	0.0	0.0	0.0	77.0	79.0	69.0	83.0	116.0	176.0	173.0	183.0	161.0	155.0	155.0	144.0	146.0	142.0	153.0	155.0	167.0	158.0	143.0	120.0	105.0	51.0	71.0	56.0	0.0	0.0	0.0	39.0	206.0	181.0	196.0	215.0	200.0	182.0	165.0	182.0	177.0	179.0	178.0	177.0	183.0	177.0	193.0	173.0	184.0	181.0	193.0	195.0	214.0	217.0	165.0	196.0	23.0	0.0	0.0	156.0	205.0	159.0	156.0	203.0	180.0	164.0	165.0	164.0	163.0	175.0	180.0	187.0	182.0	165.0	166.0	166.0	157.0	166.0	171.0	172.0	166.0	170.0	170.0	183.0	120.0	0.0	11.0	183.0	198.0	199.0	133.0	175.0	192.0	175.0	163.0	184.0	175.0	167.0	195.0	167.0	173.0	172.0	170.0	175.0	173.0	175.0	168.0	204.0	190.0	182.0	160.0	170.0	202.0	0.0	34.0	180.0	141.0	56.0	177.0	186.0	201.0	173.0	171.0	186.0	177.0	173.0	189.0	164.0	202.0	178.0	185.0	168.0	168.0	196.0	175.0	195.0	201.0	181.0	80.0	158.0	178.0	36.0	118.0	182.0	166.0	159.0	205.0	179.0	183.0	182.0	171.0	189.0	165.0	184.0	203.0	166.0	176.0	179.0	184.0	176.0	170.0	179.0	172.0	183.0	187.0	178.0	162.0	186.0	207.0	122.0	35.0	46.0	103.0	123.0	167.0	214.0	205.0	196.0	187.0	211.0	188.0	196.0	196.0	208.0	208.0	224.0	216.0	214.0	203.0	194.0	197.0	183.0	234.0	112.0	52.0	88.0	90.0	48.0	0.0	0.0	0.0	0.0	0.0	238.0	200.0	190.0	186.0	184.0	193.0	184.0	181.0	195.0	190.0	194.0	221.0	181.0	177.0	187.0	185.0	194.0	219.0	56.0	0.0	0.0	0.0	0.0	5.0	4.0	4.0	0.0	0.0	218.0	199.0	189.0	178.0	195.0	205.0	197.0	174.0	209.0	205.0	176.0	199.0	182.0	195.0	201.0	181.0	192.0	207.0	67.0	0.0	10.0	3.0	0.0	0.0	0.0	2.0	0.0	0.0	215.0	203.0	183.0	184.0	200.0	188.0	186.0	199.0	183.0	220.0	173.0	209.0	194.0	183.0	190.0	195.0	193.0	207.0	57.0	0.0	4.0	0.0	0.0	0.0	0.0	0.0	0.0	0.0	209.0	206.0	188.0	174.0	186.0	201.0	192.0	181.0	189.0	183.0	181.0	227.0	196.0	184.0	178.0	184.0	193.0	207.0	56.0	0.0	3.0	0.0	0.0	0.0	0.0	0.0	0.0	0.0	195.0	201.0	193.0	189.0	194.0	190.0	186.0	183.0	186.0	185.0	211.0	180.0	188.0	204.0	187.0	182.0	183.0	204.0	59.0	0.0	3.0	0.0	0.0	0.0	0.0	0.0	0.0	0.0	202.0	195.0	184.0	182.0	188.0	193.0	210.0	202.0	189.0	208.0	189.0	196.0	189.0	187.0	190.0	189.0	187.0	204.0	65.0	0.0	3.0	0.0	0.0	0.0	0.0	0.0	0.0	0.0	209.0	198.0	184.0	178.0	193.0	183.0	195.0	187.0	215.0	198.0	183.0	201.0	178.0	194.0	198.0	190.0	194.0	210.0	64.0	0.0	4.0	0.0	0.0	0.0	0.0	0.0	0.0	0.0	201.0	199.0	182.0	184.0	215.0	194.0	186.0	209.0	198.0	201.0	194.0	185.0	193.0	197.0	190.0	195.0	189.0	206.0	41.0	0.0	5.0	0.0	0.0	0.0	0.0	0.0	0.0	0.0	196.0	200.0	186.0	184.0	190.0	190.0	226.0	214.0	177.0	207.0	200.0	179.0	202.0	194.0	187.0	205.0	190.0	194.0	19.0	0.0	1.0	0.0	0.0	0.0	0.0	0.0	0.0	0.0	196.0	203.0	188.0	190.0	211.0	179.0	206.0	183.0	189.0	224.0	198.0	198.0	190.0	199.0	202.0	183.0	185.0	193.0	7.0	0.0	0.0	0.0	0.0	0.0	0.0	0.0	0.0	0.0	196.0	203.0	184.0	184.0	201.0	185.0	199.0	213.0	183.0	219.0	180.0	189.0	198.0	198.0	192.0	192.0	190.0	198.0	8.0	0.0	1.0	0.0	0.0	0.0	1.0	0.0	0.0	0.0	195.0	198.0	175.0	192.0	189.0	183.0	217.0	224.0	185.0	193.0	186.0	186.0	189.0	198.0	183.0	201.0	188.0	204.0	33.0	0.0	3.0	0.0	0.0	0.0	1.0	1.0	0.0	0.0	203.0	194.0	185.0	186.0	188.0	210.0	188.0	186.0	214.0	203.0	184.0	195.0	200.0	198.0	188.0	189.0	186.0	202.0	33.0	0.0	2.0	0.0	0.0	0.0	0.0	2.0	0.0	0.0	183.0	198.0	197.0	194.0	193.0	190.0	181.0	205.0	197.0	204.0	226.0	198.0	211.0	190.0	199.0	193.0	192.0	205.0	26.0	0.0	2.0	0.0	0.0	0.0	0.0	4.0	0.0	19.0	196.0	194.0	185.0	163.0	193.0	192.0	173.0	187.0	196.0	197.0	214.0	189.0	168.0	183.0	196.0	189.0	184.0	202.0	28.0	0.0	3.0	0.0	0.0	0.0	0.0	5.0	0.0	57.0	213.0	208.0	207.0	230.0	244.0	246.0	234.0	237.0	230.0	253.0	232.0	251.0	255.0	243.0	239.0	229.0	200.0	226.0	92.0	0.0	7.0	0.0	0.0	0.0	0.0	2.0	0.0	0.0	53.0	49.0	61.0	54.0	45.0	46.0	53.0	59.0	51.0	50.0	51.0	66.0	68.0	46.0	46.0	52.0	62.0	87.0	27.0	0.0	6.0	0.0	0.0	0.0	0.0	0.0	0.0	0.0	0.0	0.0	0.0	0.0	0.0	0.0	0.0	0.0	0.0	0.0	0.0	0.0	0.0	0.0	0.0	0.0	0.0	0.0	0.0	0.0	0.0	0.0	0.0	0.0	0.0	0.0	0.0	0.0	0.0	0.0	0.0	0.0	0.0	0.0	0.0	0.0	0.0	0.0	0.0	0.0	0.0	0.0	0.0	0.0	0.0	0.0	0.0	0.0	0.0	0.0	0.0
0.0	0.0	0.0	0.0	0.0	2.0	0.0	2.0	0.0	0.0	0.0	53.0	77.0	74.0	76.0	72.0	0.0	0.0	0.0	0.0	1.0	0.0	0.0	0.0	0.0	0.0	0.0	0.0	0.0	0.0	0.0	0.0	0.0	0.0	0.0	0.0	0.0	33.0	188.0	255.0	255.0	255.0	255.0	255.0	218.0	61.0	0.0	0.0	0.0	0.0	0.0	0.0	0.0	0.0	0.0	0.0	0.0	0.0	0.0	0.0	0.0	0.0	0.0	98.0	202.0	248.0	222.0	183.0	193.0	193.0	188.0	192.0	215.0	249.0	240.0	176.0	51.0	0.0	0.0	0.0	0.0	0.0	0.0	0.0	0.0	0.0	0.0	0.0	0.0	0.0	217.0	220.0	207.0	193.0	188.0	200.0	197.0	195.0	198.0	199.0	195.0	189.0	201.0	213.0	226.0	76.0	0.0	4.0	0.0	0.0	0.0	0.0	0.0	0.0	0.0	0.0	0.0	137.0	225.0	196.0	198.0	200.0	198.0	196.0	194.0	195.0	196.0	196.0	195.0	198.0	203.0	195.0	212.0	220.0	0.0	0.0	2.0	0.0	0.0	0.0	0.0	0.0	1.0	0.0	0.0	234.0	205.0	206.0	202.0	198.0	195.0	195.0	192.0	193.0	195.0	194.0	194.0	191.0	199.0	204.0	207.0	254.0	0.0	0.0	5.0	0.0	0.0	0.0	0.0	0.0	2.0	0.0	26.0	254.0	203.0	208.0	204.0	193.0	189.0	193.0	193.0	192.0	193.0	193.0	192.0	195.0	197.0	206.0	207.0	219.0	42.0	0.0	4.0	0.0	0.0	0.0	0.0	0.0	3.0	0.0	77.0	218.0	201.0	209.0	200.0	195.0	189.0	197.0	198.0	195.0	194.0	193.0	194.0	197.0	196.0	209.0	204.0	224.0	91.0	0.0	4.0	0.0	0.0	0.0	0.0	0.0	3.0	0.0	94.0	222.0	197.0	213.0	200.0	206.0	204.0	206.0	205.0	201.0	200.0	201.0	205.0	207.0	201.0	215.0	204.0	226.0	118.0	0.0	1.0	0.0	0.0	0.0	0.0	0.0	3.0	0.0	106.0	222.0	199.0	228.0	204.0	208.0	210.0	206.0	204.0	206.0	206.0	207.0	212.0	212.0	206.0	224.0	206.0	223.0	165.0	0.0	0.0	0.0	0.0	0.0	0.0	0.0	4.0	0.0	129.0	224.0	195.0	245.0	208.0	201.0	211.0	206.0	206.0	208.0	206.0	205.0	207.0	207.0	210.0	237.0	212.0	220.0	204.0	0.0	0.0	0.0	0.0	0.0	0.0	0.0	0.0	0.0	144.0	223.0	197.0	254.0	216.0	198.0	209.0	205.0	205.0	208.0	207.0	203.0	209.0	206.0	205.0	254.0	231.0	214.0	230.0	0.0	0.0	1.0	0.0	0.0	0.0	0.0	0.0	0.0	163.0	219.0	215.0	223.0	212.0	204.0	209.0	207.0	205.0	209.0	208.0	204.0	209.0	209.0	214.0	190.0	244.0	213.0	240.0	0.0	0.0	1.0	0.0	0.0	0.0	0.0	0.0	0.0	196.0	215.0	238.0	156.0	212.0	207.0	210.0	210.0	204.0	211.0	210.0	204.0	208.0	207.0	233.0	102.0	219.0	217.0	254.0	12.0	0.0	2.0	0.0	0.0	0.0	0.0	0.0	0.0	218.0	213.0	254.0	102.0	219.0	205.0	211.0	212.0	204.0	211.0	211.0	205.0	208.0	203.0	249.0	109.0	196.0	223.0	222.0	35.0	0.0	2.0	0.0	0.0	0.0	0.0	0.0	0.0	229.0	211.0	255.0	48.0	223.0	208.0	213.0	209.0	205.0	210.0	211.0	207.0	210.0	203.0	250.0	113.0	155.0	230.0	221.0	72.0	0.0	3.0	0.0	0.0	0.0	0.0	0.0	0.0	234.0	214.0	253.0	9.0	236.0	206.0	217.0	209.0	207.0	212.0	212.0	207.0	210.0	201.0	244.0	135.0	114.0	232.0	222.0	91.0	0.0	3.0	0.0	0.0	0.0	0.0	0.0	0.0	241.0	218.0	238.0	17.0	244.0	203.0	218.0	207.0	206.0	213.0	213.0	208.0	209.0	206.0	234.0	166.0	90.0	255.0	221.0	111.0	0.0	3.0	0.0	0.0	0.0	0.0	0.0	8.0	211.0	219.0	226.0	59.0	243.0	204.0	215.0	204.0	203.0	214.0	215.0	208.0	208.0	206.0	231.0	195.0	84.0	255.0	225.0	143.0	0.0	1.0	0.0	0.0	0.0	0.0	0.0	45.0	216.0	213.0	212.0	82.0	238.0	206.0	212.0	204.0	202.0	212.0	219.0	207.0	207.0	211.0	211.0	218.0	89.0	254.0	220.0	195.0	0.0	0.0	0.0	0.0	0.0	0.0	0.0	52.0	233.0	239.0	255.0	102.0	241.0	208.0	216.0	208.0	204.0	214.0	225.0	209.0	206.0	211.0	210.0	233.0	121.0	255.0	226.0	185.0	0.0	0.0	0.0	0.0	0.0	0.0	0.0	193.0	178.0	132.0	118.0	122.0	217.0	202.0	209.0	198.0	194.0	204.0	219.0	201.0	197.0	208.0	205.0	233.0	109.0	221.0	193.0	228.0	50.0	0.0	0.0	0.0	0.0	0.0	13.0	237.0	53.0	0.0	0.0	141.0	237.0	222.0	230.0	224.0	220.0	229.0	242.0	229.0	222.0	228.0	223.0	255.0	74.0	0.0	8.0	230.0	192.0	0.0	0.0	0.0	0.0	0.0	57.0	252.0	98.0	0.0	0.0	0.0	78.0	118.0	131.0	134.0	145.0	154.0	169.0	152.0	142.0	137.0	109.0	66.0	0.0	0.0	33.0	226.0	221.0	43.0	0.0	0.0	0.0	0.0	119.0	179.0	117.0	0.0	4.0	0.0	0.0	0.0	0.0	0.0	0.0	0.0	0.0	0.0	0.0	0.0	0.0	0.0	0.0	0.0	0.0	192.0	235.0	120.0	0.0	0.0	0.0	0.0	91.0	87.0	129.0	0.0	5.0	2.0	3.0	3.0	2.0	2.0	2.0	3.0	3.0	3.0	2.0	2.0	2.0	2.0	0.0	0.0	0.0	27.0	200.0	0.0	0.0	0.0	0.0	0.0	0.0	22.0	116.0	0.0	6.0	0.0	0.0	0.0	0.0	0.0	0.0	0.0	0.0	0.0	0.0	0.0	0.0	0.0	0.0	0.0	0.0	0.0	137.0	0.0	0.0	0.0	0.0	0.0	0.0	7.0	35.0	0.0	3.0	0.0	0.0	0.0	0.0	0.0	0.0	0.0	0.0	0.0	0.0	0.0	0.0	0.0	0.0	0.0	0.0	0.0	13.0	0.0	0.0	0.0
0.0	0.0	0.0	0.0	0.0	0.0	0.0	0.0	0.0	72.0	158.0	129.0	129.0	123.0	133.0	135.0	138.0	113.0	155.0	39.0	0.0	0.0	0.0	0.0	0.0	0.0	0.0	0.0	0.0	0.0	0.0	0.0	0.0	0.0	0.0	0.0	0.0	163.0	247.0	242.0	239.0	239.0	249.0	239.0	234.0	212.0	237.0	127.0	0.0	0.0	0.0	0.0	0.0	0.0	0.0	0.0	0.0	0.0	0.0	0.0	0.0	0.0	0.0	0.0	0.0	165.0	221.0	213.0	205.0	198.0	222.0	200.0	205.0	203.0	221.0	133.0	0.0	0.0	0.0	0.0	0.0	0.0	0.0	0.0	0.0	0.0	0.0	0.0	0.0	0.0	0.0	0.0	0.0	184.0	213.0	206.0	209.0	221.0	216.0	205.0	211.0	205.0	223.0	133.0	0.0	0.0	0.0	0.0	0.0	0.0	0.0	0.0	0.0	0.0	0.0	0.0	0.0	0.0	0.0	0.0	0.0	180.0	212.0	202.0	207.0	207.0	208.0	206.0	208.0	202.0	213.0	139.0	0.0	0.0	0.0	0.0	0.0	0.0	0.0	0.0	0.0	0.0	0.0	0.0	0.0	0.0	0.0	0.0	0.0	184.0	215.0	202.0	206.0	211.0	232.0	209.0	208.0	207.0	212.0	160.0	0.0	0.0	0.0	0.0	0.0	0.0	0.0	0.0	0.0	0.0	0.0	0.0	0.0	0.0	0.0	0.0	0.0	181.0	213.0	202.0	198.0	227.0	150.0	229.0	208.0	206.0	209.0	159.0	0.0	0.0	0.0	0.0	0.0	0.0	0.0	0.0	0.0	0.0	0.0	0.0	0.0	0.0	0.0	0.0	0.0	158.0	225.0	200.0	193.0	244.0	49.0	229.0	222.0	203.0	209.0	149.0	0.0	0.0	0.0	0.0	0.0	0.0	0.0	0.0	0.0	0.0	0.0	0.0	0.0	0.0	0.0	0.0	0.0	121.0	234.0	202.0	194.0	246.0	0.0	204.0	239.0	202.0	208.0	141.0	0.0	0.0	0.0	0.0	0.0	0.0	0.0	0.0	0.0	0.0	0.0	0.0	0.0	0.0	0.0	0.0	0.0	92.0	239.0	197.0	215.0	213.0	0.0	179.0	246.0	194.0	218.0	118.0	0.0	0.0	0.0	0.0	0.0	0.0	0.0	0.0	0.0	0.0	0.0	0.0	0.0	0.0	0.0	0.0	0.0	75.0	238.0	199.0	231.0	176.0	0.0	113.0	251.0	203.0	220.0	108.0	0.0	0.0	0.0	0.0	0.0	0.0	0.0	0.0	0.0	0.0	0.0	0.0	0.0	0.0	0.0	0.0	0.0	55.0	236.0	199.0	238.0	135.0	0.0	54.0	255.0	205.0	220.0	101.0	0.0	0.0	0.0	0.0	0.0	0.0	0.0	0.0	0.0	0.0	0.0	0.0	0.0	0.0	0.0	0.0	0.0	37.0	235.0	199.0	218.0	87.0	0.0	0.0	250.0	210.0	218.0	91.0	0.0	0.0	0.0	0.0	0.0	0.0	0.0	0.0	0.0	0.0	0.0	0.0	0.0	0.0	0.0	0.0	0.0	21.0	232.0	203.0	213.0	58.0	0.0	0.0	227.0	217.0	216.0	91.0	0.0	0.0	0.0	0.0	0.0	0.0	0.0	0.0	0.0	0.0	0.0	0.0	0.0	0.0	0.0	0.0	0.0	1.0	234.0	204.0	202.0	18.0	0.0	0.0	196.0	220.0	209.0	105.0	0.0	0.0	0.0	0.0	0.0	0.0	0.0	0.0	0.0	0.0	0.0	0.0	0.0	0.0	0.0	0.0	0.0	0.0	234.0	205.0	196.0	9.0	0.0	0.0	168.0	221.0	207.0	89.0	0.0	0.0	0.0	0.0	0.0	0.0	0.0	0.0	0.0	0.0	0.0	0.0	0.0	0.0	0.0	0.0	0.0	0.0	224.0	209.0	199.0	8.0	0.0	0.0	145.0	231.0	208.0	79.0	0.0	0.0	0.0	0.0	0.0	0.0	0.0	0.0	0.0	0.0	0.0	0.0	0.0	0.0	0.0	0.0	0.0	1.0	236.0	209.0	194.0	0.0	0.0	0.0	145.0	240.0	220.0	85.0	0.0	0.0	0.0	0.0	0.0	0.0	0.0	0.0	0.0	0.0	0.0	0.0	0.0	0.0	0.0	0.0	0.0	3.0	238.0	208.0	197.0	1.0	0.0	0.0	127.0	234.0	208.0	119.0	0.0	0.0	0.0	0.0	0.0	0.0	0.0	0.0	0.0	0.0	0.0	0.0	0.0	0.0	0.0	0.0	0.0	10.0	239.0	205.0	198.0	0.0	0.0	0.0	125.0	230.0	207.0	103.0	0.0	0.0	0.0	0.0	0.0	0.0	0.0	0.0	0.0	0.0	0.0	0.0	0.0	0.0	0.0	0.0	0.0	10.0	243.0	205.0	224.0	0.0	0.0	0.0	146.0	230.0	209.0	95.0	0.0	0.0	0.0	0.0	0.0	0.0	0.0	0.0	0.0	0.0	0.0	0.0	0.0	0.0	0.0	0.0	0.0	3.0	209.0	210.0	193.0	0.0	0.0	0.0	135.0	235.0	208.0	117.0	0.0	0.0	0.0	0.0	0.0	0.0	0.0	0.0	0.0	0.0	0.0	0.0	0.0	0.0	0.0	0.0	0.0	0.0	197.0	220.0	198.0	0.0	0.0	0.0	125.0	239.0	216.0	106.0	0.0	0.0	0.0	0.0	0.0	0.0	0.0	0.0	0.0	0.0	0.0	0.0	0.0	0.0	0.0	0.0	0.0	0.0	225.0	221.0	190.0	0.0	0.0	0.0	124.0	236.0	224.0	79.0	0.0	0.0	0.0	0.0	0.0	0.0	0.0	0.0	0.0	0.0	0.0	0.0	0.0	0.0	0.0	0.0	0.0	0.0	207.0	225.0	178.0	0.0	0.0	0.0	99.0	243.0	218.0	30.0	0.0	0.0	0.0	0.0	0.0	0.0	0.0	0.0	0.0	0.0	0.0	0.0	0.0	0.0	0.0	0.0	0.0	0.0	164.0	235.0	173.0	0.0	0.0	0.0	71.0	237.0	219.0	4.0	0.0	0.0	0.0	0.0	0.0	0.0	0.0	0.0	0.0	0.0	0.0	0.0	0.0	0.0	0.0	0.0	0.0	0.0	144.0	246.0	185.0	0.0	0.0	0.0	77.0	247.0	205.0	1.0	0.0	0.0	0.0	0.0	0.0	0.0	0.0	0.0	0.0	0.0	0.0	0.0	0.0	0.0	0.0	0.0	0.0	0.0	51.0	155.0	106.0	0.0	0.0	0.0	15.0	166.0	139.0	0.0	0.0	0.0	0.0	0.0	0.0	0.0	0.0	0.0
0.0	0.0	0.0	0.0	0.0	0.0	2.0	0.0	0.0	0.0	0.0	131.0	99.0	54.0	68.0	76.0	126.0	116.0	0.0	0.0	0.0	0.0	1.0	1.0	0.0	0.0	0.0	0.0	0.0	0.0	0.0	0.0	0.0	0.0	0.0	0.0	25.0	144.0	249.0	235.0	244.0	250.0	148.0	252.0	236.0	234.0	238.0	141.0	30.0	0.0	0.0	0.0	0.0	0.0	0.0	0.0	0.0	0.0	0.0	0.0	0.0	0.0	55.0	232.0	235.0	238.0	227.0	220.0	224.0	218.0	163.0	224.0	222.0	223.0	230.0	237.0	232.0	196.0	85.0	0.0	0.0	0.0	0.0	0.0	0.0	0.0	0.0	0.0	0.0	5.0	223.0	235.0	222.0	224.0	228.0	230.0	226.0	235.0	246.0	231.0	233.0	230.0	226.0	223.0	221.0	232.0	241.0	57.0	0.0	1.0	0.0	0.0	0.0	0.0	0.0	0.0	0.0	145.0	243.0	218.0	227.0	231.0	229.0	230.0	234.0	233.0	234.0	233.0	221.0	228.0	229.0	229.0	227.0	221.0	237.0	188.0	0.0	0.0	0.0	0.0	0.0	0.0	0.0	0.0	0.0	214.0	229.0	225.0	226.0	226.0	233.0	224.0	186.0	196.0	186.0	191.0	189.0	237.0	231.0	225.0	227.0	226.0	226.0	220.0	0.0	0.0	0.0	0.0	0.0	0.0	0.0	0.0	79.0	240.0	221.0	228.0	224.0	226.0	238.0	198.0	161.0	182.0	187.0	196.0	216.0	223.0	218.0	227.0	224.0	228.0	221.0	238.0	93.0	0.0	0.0	0.0	0.0	0.0	0.0	0.0	166.0	240.0	222.0	229.0	220.0	236.0	203.0	211.0	228.0	215.0	191.0	155.0	186.0	214.0	221.0	225.0	220.0	227.0	223.0	234.0	183.0	0.0	0.0	0.0	0.0	0.0	0.0	0.0	240.0	231.0	224.0	233.0	223.0	232.0	154.0	196.0	185.0	148.0	170.0	219.0	236.0	230.0	223.0	222.0	224.0	226.0	227.0	225.0	242.0	0.0	0.0	0.0	0.0	0.0	0.0	13.0	232.0	221.0	226.0	232.0	221.0	237.0	171.0	136.0	161.0	220.0	245.0	241.0	224.0	227.0	226.0	222.0	223.0	227.0	228.0	219.0	227.0	20.0	0.0	0.0	0.0	0.0	0.0	144.0	245.0	216.0	223.0	227.0	225.0	227.0	230.0	228.0	246.0	236.0	221.0	216.0	223.0	222.0	220.0	223.0	223.0	221.0	219.0	219.0	245.0	143.0	0.0	0.0	0.0	0.0	0.0	90.0	199.0	241.0	238.0	240.0	227.0	226.0	208.0	207.0	199.0	190.0	198.0	207.0	197.0	195.0	201.0	222.0	222.0	233.0	246.0	222.0	209.0	55.0	0.0	0.0	0.0	0.0	0.0	0.0	0.0	64.0	157.0	225.0	247.0	222.0	224.0	227.0	230.0	229.0	229.0	230.0	227.0	233.0	226.0	216.0	249.0	201.0	75.0	5.0	0.0	0.0	0.0	0.0	0.0	0.0	0.0	0.0	0.0	0.0	0.0	0.0	255.0	226.0	224.0	226.0	225.0	225.0	226.0	223.0	223.0	224.0	224.0	210.0	255.0	94.0	0.0	0.0	0.0	0.0	0.0	0.0	0.0	0.0	0.0	0.0	0.0	4.0	0.0	0.0	255.0	229.0	220.0	226.0	227.0	225.0	227.0	227.0	225.0	226.0	226.0	215.0	244.0	114.0	0.0	7.0	1.0	0.0	0.0	0.0	0.0	0.0	0.0	0.0	0.0	1.0	0.0	0.0	255.0	229.0	221.0	225.0	224.0	224.0	224.0	224.0	224.0	226.0	224.0	216.0	246.0	115.0	0.0	4.0	0.0	0.0	0.0	0.0	0.0	0.0	0.0	0.0	0.0	2.0	0.0	0.0	254.0	227.0	221.0	226.0	225.0	225.0	225.0	225.0	225.0	226.0	227.0	215.0	246.0	121.0	0.0	4.0	0.0	0.0	0.0	0.0	0.0	0.0	0.0	0.0	0.0	2.0	0.0	0.0	252.0	225.0	221.0	225.0	225.0	225.0	225.0	225.0	224.0	225.0	230.0	214.0	245.0	125.0	0.0	4.0	0.0	0.0	0.0	0.0	0.0	0.0	0.0	0.0	0.0	2.0	0.0	0.0	254.0	222.0	223.0	226.0	226.0	226.0	226.0	226.0	225.0	226.0	230.0	215.0	243.0	137.0	0.0	3.0	0.0	0.0	0.0	0.0	0.0	0.0	0.0	0.0	0.0	2.0	0.0	0.0	255.0	222.0	224.0	227.0	226.0	226.0	226.0	226.0	226.0	226.0	229.0	216.0	241.0	142.0	0.0	3.0	0.0	0.0	0.0	0.0	0.0	0.0	0.0	0.0	0.0	2.0	0.0	0.0	214.0	224.0	224.0	226.0	226.0	226.0	226.0	226.0	226.0	225.0	227.0	218.0	238.0	139.0	0.0	3.0	0.0	0.0	0.0	0.0	0.0	0.0	0.0	0.0	0.0	2.0	0.0	0.0	215.0	226.0	224.0	226.0	225.0	226.0	226.0	226.0	226.0	225.0	226.0	219.0	236.0	137.0	0.0	2.0	0.0	0.0	0.0	0.0	0.0	0.0	0.0	0.0	0.0	2.0	0.0	0.0	214.0	226.0	223.0	225.0	226.0	226.0	226.0	226.0	225.0	224.0	226.0	222.0	232.0	146.0	0.0	2.0	0.0	0.0	0.0	0.0	0.0	0.0	0.0	0.0	0.0	2.0	0.0	0.0	211.0	224.0	226.0	226.0	227.0	227.0	226.0	225.0	224.0	225.0	225.0	222.0	236.0	141.0	0.0	2.0	0.0	0.0	0.0	0.0	0.0	0.0	0.0	0.0	0.0	2.0	0.0	0.0	215.0	225.0	219.0	221.0	224.0	222.0	224.0	222.0	222.0	221.0	222.0	214.0	235.0	161.0	0.0	3.0	0.0	0.0	0.0	0.0	0.0	0.0	0.0	0.0	0.0	1.0	0.0	0.0	182.0	236.0	240.0	234.0	228.0	229.0	230.0	229.0	229.0	230.0	233.0	242.0	232.0	92.0	0.0	6.0	0.0	0.0	0.0	0.0	0.0	0.0	0.0	0.0	0.0	0.0	1.0	0.0	0.0	30.0	135.0	201.0	236.0	242.0	250.0	243.0	241.0	231.0	200.0	139.0	19.0	0.0	0.0	0.0	0.0	0.0	0.0	0.0	0.0	0.0	0.0	0.0	0.0	0.0	0.0	0.0	0.0	0.0	0.0	0.0	0.0	0.0	0.0	0.0	0.0	0.0	0.0	0.0	0.0	0.0	0.0	0.0	0.0	0.0	0.0	0.0
0.0	0.0	0.0	0.0	0.0	0.0	0.0	0.0	0.0	0.0	0.0	0.0	0.0	0.0	0.0	0.0	0.0	0.0	0.0	0.0	0.0	0.0	0.0	0.0	0.0	0.0	0.0	0.0	0.0	0.0	0.0	0.0	0.0	0.0	0.0	0.0	0.0	0.0	0.0	0.0	0.0	0.0	0.0	0.0	0.0	0.0	0.0	0.0	0.0	0.0	22.0	99.0	4.0	0.0	6.0	0.0	0.0	0.0	0.0	0.0	0.0	0.0	0.0	0.0	0.0	0.0	0.0	0.0	0.0	0.0	2.0	0.0	0.0	0.0	28.0	102.0	210.0	155.0	163.0	165.0	118.0	0.0	4.0	0.0	0.0	0.0	0.0	0.0	0.0	0.0	0.0	0.0	0.0	2.0	2.0	0.0	2.0	0.0	0.0	0.0	20.0	108.0	228.0	173.0	197.0	124.0	36.0	0.0	140.0	14.0	0.0	2.0	0.0	0.0	0.0	0.0	0.0	0.0	0.0	0.0	0.0	0.0	0.0	0.0	0.0	0.0	71.0	153.0	185.0	169.0	144.0	61.0	0.0	0.0	0.0	0.0	85.0	106.0	0.0	0.0	0.0	0.0	0.0	0.0	0.0	0.0	0.0	0.0	0.0	2.0	4.0	0.0	20.0	142.0	177.0	153.0	81.0	10.0	0.0	0.0	0.0	2.0	2.0	0.0	114.0	167.0	24.0	0.0	0.0	0.0	0.0	0.0	0.0	0.0	0.0	0.0	0.0	2.0	0.0	0.0	8.0	106.0	36.0	0.0	0.0	0.0	0.0	0.0	2.0	2.0	0.0	38.0	169.0	163.0	157.0	0.0	0.0	0.0	0.0	0.0	0.0	0.0	0.0	0.0	0.0	0.0	0.0	0.0	0.0	0.0	0.0	0.0	6.0	4.0	4.0	0.0	0.0	0.0	2.0	173.0	161.0	159.0	169.0	40.0	0.0	0.0	0.0	0.0	0.0	0.0	0.0	0.0	0.0	0.0	0.0	0.0	0.0	4.0	2.0	0.0	0.0	2.0	2.0	0.0	0.0	0.0	128.0	177.0	155.0	163.0	167.0	79.0	0.0	0.0	0.0	0.0	0.0	0.0	0.0	0.0	0.0	0.0	0.0	0.0	2.0	0.0	0.0	0.0	2.0	2.0	0.0	6.0	0.0	42.0	195.0	159.0	175.0	165.0	153.0	81.0	0.0	0.0	0.0	0.0	0.0	0.0	0.0	0.0	0.0	2.0	0.0	0.0	0.0	0.0	0.0	0.0	0.0	0.0	4.0	6.0	0.0	134.0	175.0	179.0	181.0	175.0	126.0	91.0	0.0	0.0	0.0	0.0	0.0	0.0	0.0	0.0	0.0	2.0	0.0	0.0	2.0	0.0	0.0	2.0	0.0	0.0	2.0	0.0	0.0	197.0	187.0	177.0	167.0	140.0	163.0	165.0	0.0	0.0	0.0	0.0	0.0	0.0	0.0	0.0	0.0	0.0	2.0	2.0	0.0	0.0	0.0	0.0	0.0	4.0	4.0	0.0	16.0	230.0	169.0	150.0	157.0	159.0	171.0	122.0	2.0	0.0	0.0	0.0	0.0	0.0	0.0	0.0	0.0	2.0	0.0	0.0	0.0	0.0	2.0	0.0	0.0	2.0	0.0	12.0	87.0	157.0	183.0	191.0	173.0	153.0	146.0	108.0	0.0	0.0	0.0	0.0	0.0	0.0	2.0	2.0	2.0	4.0	0.0	4.0	2.0	0.0	2.0	0.0	0.0	0.0	57.0	144.0	193.0	255.0	201.0	153.0	142.0	153.0	157.0	99.0	0.0	0.0	0.0	0.0	0.0	0.0	0.0	2.0	0.0	0.0	0.0	0.0	0.0	0.0	0.0	0.0	0.0	87.0	165.0	181.0	210.0	0.0	67.0	191.0	157.0	146.0	159.0	93.0	2.0	4.0	0.0	0.0	0.0	0.0	0.0	0.0	0.0	4.0	0.0	4.0	2.0	2.0	0.0	0.0	97.0	183.0	175.0	59.0	0.0	0.0	153.0	179.0	140.0	155.0	167.0	79.0	0.0	0.0	0.0	0.0	0.0	0.0	51.0	51.0	0.0	4.0	2.0	2.0	0.0	4.0	0.0	99.0	185.0	165.0	26.0	0.0	0.0	0.0	165.0	171.0	148.0	148.0	163.0	67.0	2.0	0.0	0.0	2.0	36.0	55.0	26.0	171.0	8.0	0.0	2.0	2.0	2.0	0.0	71.0	177.0	167.0	18.0	0.0	2.0	0.0	0.0	185.0	161.0	144.0	146.0	163.0	55.0	0.0	0.0	0.0	0.0	24.0	48.0	18.0	118.0	102.0	0.0	2.0	2.0	0.0	28.0	163.0	171.0	36.0	0.0	0.0	0.0	0.0	6.0	199.0	153.0	144.0	146.0	161.0	40.0	0.0	0.0	2.0	0.0	26.0	61.0	59.0	67.0	120.0	0.0	0.0	0.0	10.0	132.0	206.0	91.0	0.0	6.0	0.0	0.0	0.0	26.0	210.0	146.0	144.0	144.0	157.0	32.0	20.0	71.0	59.0	57.0	87.0	97.0	102.0	122.0	128.0	24.0	12.0	40.0	146.0	173.0	150.0	0.0	0.0	0.0	2.0	4.0	0.0	63.0	195.0	146.0	153.0	146.0	159.0	18.0	34.0	148.0	155.0	148.0	155.0	175.0	201.0	181.0	195.0	173.0	175.0	204.0	159.0	163.0	73.0	0.0	4.0	0.0	2.0	4.0	0.0	85.0	173.0	146.0	150.0	146.0	155.0	14.0	8.0	116.0	122.0	136.0	148.0	159.0	171.0	177.0	189.0	191.0	175.0	142.0	138.0	187.0	0.0	0.0	0.0	0.0	0.0	0.0	0.0	114.0	169.0	146.0	150.0	146.0	148.0	2.0	18.0	120.0	120.0	132.0	140.0	146.0	153.0	165.0	157.0	157.0	153.0	132.0	183.0	118.0	0.0	4.0	2.0	0.0	0.0	2.0	0.0	138.0	171.0	157.0	155.0	153.0	148.0	0.0	0.0	108.0	177.0	146.0	167.0	155.0	155.0	155.0	159.0	157.0	161.0	140.0	197.0	22.0	0.0	2.0	2.0	0.0	0.0	0.0	0.0	148.0	157.0	146.0	142.0	140.0	122.0	0.0	0.0	0.0	22.0	79.0	146.0	175.0	189.0	193.0	204.0	201.0	179.0	212.0	130.0	0.0	0.0	0.0	0.0	0.0	0.0	2.0	2.0	206.0	193.0	181.0	183.0	177.0	175.0	0.0	4.0	0.0	0.0	0.0	0.0	0.0	8.0	44.0	57.0	97.0	122.0	99.0	0.0	0.0	0.0	0.0	0.0	0.0	2.0	0.0	0.0	38.0	40.0	32.0	38.0	38.0	34.0	0.0
0.0	0.0	0.0	0.0	0.0	0.0	0.0	0.0	0.0	0.0	0.0	0.0	0.0	0.0	0.0	0.0	0.0	0.0	0.0	0.0	0.0	0.0	0.0	0.0	0.0	0.0	0.0	0.0	0.0	0.0	0.0	0.0	0.0	0.0	0.0	0.0	0.0	0.0	0.0	0.0	0.0	0.0	0.0	0.0	0.0	0.0	0.0	0.0	0.0	0.0	0.0	0.0	0.0	0.0	0.0	0.0	0.0	0.0	0.0	0.0	0.0	0.0	0.0	0.0	0.0	0.0	0.0	0.0	0.0	0.0	0.0	0.0	0.0	0.0	0.0	0.0	0.0	0.0	0.0	0.0	0.0	0.0	0.0	0.0	0.0	0.0	0.0	0.0	0.0	0.0	0.0	0.0	0.0	0.0	0.0	0.0	0.0	0.0	0.0	0.0	0.0	0.0	14.0	109.0	64.0	0.0	0.0	0.0	0.0	0.0	0.0	0.0	0.0	0.0	0.0	0.0	0.0	0.0	0.0	0.0	0.0	0.0	0.0	0.0	0.0	0.0	2.0	0.0	69.0	150.0	116.0	185.0	157.0	159.0	173.0	166.0	126.0	126.0	0.0	0.0	0.0	0.0	0.0	0.0	0.0	0.0	0.0	0.0	0.0	0.0	0.0	0.0	0.0	0.0	2.0	0.0	40.0	121.0	104.0	123.0	114.0	138.0	173.0	135.0	131.0	224.0	112.0	0.0	0.0	0.0	0.0	0.0	0.0	0.0	0.0	0.0	0.0	0.0	0.0	0.0	0.0	0.0	0.0	0.0	0.0	0.0	0.0	0.0	0.0	16.0	0.0	14.0	131.0	126.0	133.0	0.0	0.0	0.0	0.0	0.0	0.0	0.0	0.0	0.0	0.0	0.0	0.0	0.0	0.0	0.0	0.0	0.0	2.0	4.0	2.0	0.0	0.0	0.0	0.0	131.0	128.0	142.0	81.0	0.0	0.0	0.0	0.0	0.0	0.0	0.0	0.0	0.0	0.0	0.0	0.0	0.0	0.0	0.0	0.0	0.0	0.0	0.0	4.0	4.0	0.0	0.0	88.0	162.0	119.0	131.0	0.0	0.0	0.0	0.0	0.0	0.0	0.0	0.0	0.0	0.0	0.0	0.0	0.0	0.0	0.0	0.0	0.0	0.0	0.0	0.0	0.0	0.0	0.0	0.0	147.0	109.0	157.0	11.0	0.0	0.0	0.0	0.0	0.0	0.0	0.0	0.0	0.0	0.0	0.0	0.0	0.0	0.0	0.0	0.0	0.0	0.0	0.0	0.0	0.0	7.0	0.0	88.0	140.0	145.0	88.0	0.0	7.0	0.0	0.0	0.0	0.0	0.0	0.0	0.0	0.0	0.0	0.0	0.0	0.0	0.0	0.0	0.0	0.0	0.0	0.0	0.0	0.0	0.0	0.0	169.0	140.0	202.0	0.0	0.0	0.0	0.0	0.0	0.0	0.0	0.0	0.0	0.0	0.0	0.0	0.0	0.0	0.0	0.0	0.0	0.0	0.0	0.0	0.0	0.0	4.0	0.0	11.0	166.0	145.0	138.0	0.0	0.0	59.0	78.0	0.0	0.0	0.0	0.0	0.0	0.0	0.0	0.0	0.0	0.0	0.0	0.0	0.0	0.0	0.0	0.0	0.0	0.0	4.0	0.0	121.0	195.0	104.0	135.0	112.0	154.0	207.0	142.0	0.0	0.0	0.0	0.0	0.0	0.0	0.0	0.0	0.0	0.0	0.0	0.0	0.0	0.0	0.0	0.0	0.0	0.0	0.0	0.0	66.0	140.0	126.0	154.0	166.0	171.0	162.0	97.0	0.0	0.0	0.0	0.0	2.0	0.0	0.0	0.0	2.0	2.0	2.0	0.0	0.0	0.0	0.0	0.0	4.0	0.0	0.0	7.0	90.0	145.0	195.0	216.0	176.0	131.0	150.0	38.0	0.0	0.0	0.0	0.0	2.0	0.0	2.0	2.0	0.0	0.0	2.0	2.0	0.0	0.0	0.0	2.0	0.0	0.0	64.0	126.0	214.0	235.0	150.0	61.0	195.0	183.0	150.0	19.0	0.0	0.0	0.0	0.0	0.0	0.0	0.0	0.0	16.0	23.0	0.0	0.0	2.0	0.0	0.0	0.0	0.0	76.0	138.0	226.0	183.0	0.0	0.0	0.0	61.0	228.0	147.0	0.0	0.0	0.0	0.0	0.0	0.0	0.0	47.0	50.0	71.0	133.0	123.0	16.0	0.0	0.0	0.0	0.0	76.0	150.0	221.0	114.0	0.0	0.0	7.0	0.0	52.0	212.0	121.0	0.0	0.0	0.0	0.0	2.0	0.0	30.0	100.0	66.0	57.0	38.0	90.0	140.0	42.0	0.0	0.0	61.0	135.0	231.0	76.0	0.0	0.0	11.0	4.0	0.0	45.0	200.0	88.0	0.0	4.0	4.0	4.0	0.0	0.0	42.0	66.0	64.0	40.0	119.0	78.0	100.0	157.0	61.0	54.0	128.0	228.0	107.0	0.0	0.0	0.0	0.0	2.0	0.0	28.0	204.0	71.0	0.0	0.0	0.0	0.0	0.0	0.0	102.0	76.0	145.0	0.0	97.0	138.0	135.0	142.0	164.0	116.0	185.0	157.0	0.0	0.0	0.0	0.0	0.0	2.0	0.0	30.0	207.0	35.0	0.0	47.0	131.0	90.0	61.0	19.0	112.0	116.0	126.0	57.0	61.0	128.0	121.0	121.0	114.0	173.0	176.0	0.0	0.0	0.0	0.0	0.0	0.0	2.0	0.0	28.0	188.0	9.0	0.0	38.0	100.0	119.0	150.0	178.0	202.0	202.0	188.0	231.0	255.0	207.0	147.0	164.0	245.0	197.0	0.0	0.0	0.0	0.0	0.0	0.0	0.0	2.0	0.0	16.0	240.0	42.0	0.0	0.0	0.0	0.0	0.0	0.0	0.0	23.0	59.0	95.0	119.0	131.0	152.0	152.0	83.0	0.0	0.0	0.0	2.0	0.0	0.0	0.0	0.0	2.0	0.0	0.0	159.0	38.0	0.0	0.0	0.0	0.0	0.0	0.0	0.0	0.0	0.0	0.0	0.0	0.0	0.0	0.0	0.0	0.0	0.0	0.0	0.0	0.0	0.0	0.0	0.0	0.0	0.0	0.0	0.0	0.0	0.0	0.0	0.0	0.0	0.0	0.0	0.0	0.0	0.0	0.0	0.0	0.0	0.0	0.0	0.0	0.0	0.0	0.0	0.0	0.0	0.0	0.0	0.0	0.0	0.0	0.0	0.0	0.0	0.0	0.0	0.0	0.0	0.0	0.0	0.0	0.0	0.0	0.0	0.0	0.0	0.0	0.0	0.0	0.0	0.0	0.0	0.0	0.0	0.0	0.0	0.0	0.0	0.0	0.0	0.0	0.0	0.0
0.0	0.0	0.0	0.0	0.0	0.0	0.0	0.0	90.0	235.0	198.0	204.0	205.0	204.0	203.0	203.0	205.0	203.0	236.0	121.0	0.0	0.0	0.0	0.0	0.0	0.0	0.0	0.0	0.0	0.0	0.0	0.0	0.0	0.0	0.0	0.0	155.0	254.0	224.0	231.0	232.0	231.0	229.0	229.0	229.0	223.0	252.0	156.0	0.0	0.0	0.0	0.0	0.0	0.0	0.0	0.0	0.0	0.0	0.0	0.0	0.0	0.0	0.0	0.0	172.0	230.0	214.0	218.0	219.0	220.0	220.0	221.0	218.0	215.0	237.0	173.0	0.0	0.0	0.0	0.0	0.0	0.0	0.0	0.0	0.0	0.0	0.0	0.0	0.0	0.0	0.0	0.0	172.0	231.0	215.0	219.0	221.0	220.0	219.0	220.0	220.0	216.0	239.0	154.0	0.0	0.0	0.0	0.0	0.0	0.0	0.0	0.0	0.0	0.0	0.0	0.0	0.0	0.0	0.0	0.0	178.0	228.0	214.0	218.0	220.0	220.0	219.0	219.0	222.0	212.0	243.0	113.0	0.0	0.0	0.0	0.0	0.0	0.0	0.0	0.0	0.0	0.0	0.0	0.0	0.0	0.0	0.0	0.0	184.0	222.0	216.0	217.0	219.0	218.0	217.0	217.0	218.0	212.0	243.0	123.0	0.0	0.0	0.0	0.0	0.0	0.0	0.0	0.0	0.0	0.0	0.0	0.0	0.0	0.0	0.0	0.0	182.0	219.0	214.0	216.0	218.0	217.0	215.0	216.0	214.0	212.0	236.0	140.0	0.0	0.0	0.0	0.0	0.0	0.0	0.0	0.0	0.0	0.0	0.0	0.0	0.0	0.0	0.0	0.0	178.0	218.0	210.0	213.0	215.0	215.0	214.0	214.0	214.0	213.0	231.0	129.0	0.0	0.0	0.0	0.0	0.0	0.0	0.0	0.0	0.0	0.0	0.0	0.0	0.0	0.0	0.0	0.0	175.0	219.0	207.0	211.0	212.0	212.0	211.0	214.0	212.0	209.0	231.0	116.0	0.0	0.0	0.0	0.0	0.0	0.0	0.0	0.0	0.0	0.0	0.0	0.0	0.0	0.0	0.0	0.0	161.0	225.0	207.0	210.0	208.0	216.0	222.0	215.0	212.0	212.0	228.0	88.0	0.0	0.0	0.0	0.0	0.0	0.0	0.0	0.0	0.0	0.0	0.0	0.0	0.0	0.0	0.0	0.0	136.0	235.0	206.0	210.0	214.0	211.0	223.0	223.0	208.0	213.0	222.0	59.0	0.0	0.0	0.0	0.0	0.0	0.0	0.0	0.0	0.0	0.0	0.0	0.0	0.0	0.0	0.0	0.0	107.0	240.0	206.0	206.0	236.0	136.0	165.0	244.0	203.0	227.0	234.0	51.0	0.0	0.0	0.0	0.0	0.0	0.0	0.0	0.0	0.0	0.0	0.0	0.0	0.0	0.0	0.0	0.0	71.0	246.0	205.0	206.0	244.0	122.0	145.0	248.0	218.0	203.0	217.0	80.0	0.0	0.0	0.0	0.0	0.0	0.0	0.0	0.0	0.0	0.0	0.0	0.0	0.0	0.0	0.0	0.0	26.0	244.0	204.0	205.0	245.0	112.0	135.0	250.0	224.0	50.0	85.0	51.0	0.0	0.0	0.0	0.0	0.0	0.0	0.0	0.0	0.0	0.0	0.0	0.0	0.0	0.0	0.0	0.0	0.0	239.0	207.0	203.0	247.0	103.0	125.0	250.0	226.0	148.0	89.0	12.0	0.0	0.0	0.0	0.0	0.0	0.0	0.0	0.0	0.0	0.0	0.0	0.0	0.0	0.0	0.0	0.0	0.0	226.0	207.0	198.0	248.0	95.0	99.0	254.0	206.0	214.0	234.0	1.0	0.0	0.0	0.0	0.0	0.0	0.0	0.0	0.0	0.0	0.0	0.0	0.0	0.0	0.0	0.0	0.0	0.0	202.0	215.0	205.0	253.0	91.0	77.0	255.0	204.0	214.0	225.0	0.0	0.0	0.0	0.0	0.0	0.0	0.0	0.0	0.0	0.0	0.0	0.0	0.0	0.0	0.0	0.0	0.0	0.0	176.0	222.0	208.0	253.0	85.0	54.0	255.0	206.0	217.0	175.0	0.0	0.0	0.0	0.0	0.0	0.0	0.0	0.0	0.0	0.0	0.0	0.0	0.0	0.0	0.0	0.0	0.0	0.0	162.0	222.0	206.0	253.0	84.0	33.0	255.0	205.0	221.0	158.0	0.0	0.0	0.0	0.0	0.0	0.0	0.0	0.0	0.0	0.0	0.0	0.0	0.0	0.0	0.0	0.0	0.0	0.0	157.0	222.0	205.0	253.0	77.0	13.0	255.0	203.0	219.0	159.0	0.0	0.0	0.0	0.0	0.0	0.0	0.0	0.0	0.0	0.0	0.0	0.0	0.0	0.0	0.0	0.0	0.0	0.0	156.0	221.0	206.0	254.0	62.0	3.0	255.0	207.0	220.0	169.0	0.0	0.0	0.0	0.0	0.0	0.0	0.0	0.0	0.0	0.0	0.0	0.0	0.0	0.0	0.0	0.0	0.0	0.0	154.0	221.0	207.0	255.0	62.0	0.0	255.0	210.0	223.0	178.0	0.0	0.0	0.0	0.0	0.0	0.0	0.0	0.0	0.0	0.0	0.0	0.0	0.0	0.0	0.0	0.0	0.0	0.0	142.0	225.0	207.0	255.0	70.0	0.0	255.0	210.0	225.0	180.0	0.0	0.0	0.0	0.0	0.0	0.0	0.0	0.0	0.0	0.0	0.0	0.0	0.0	0.0	0.0	0.0	0.0	0.0	114.0	228.0	206.0	255.0	57.0	0.0	255.0	213.0	226.0	169.0	0.0	0.0	0.0	0.0	0.0	0.0	0.0	0.0	0.0	0.0	0.0	0.0	0.0	0.0	0.0	0.0	0.0	0.0	88.0	227.0	207.0	254.0	47.0	0.0	255.0	212.0	226.0	142.0	0.0	0.0	0.0	0.0	0.0	0.0	0.0	0.0	0.0	0.0	0.0	0.0	0.0	0.0	0.0	0.0	0.0	0.0	76.0	236.0	219.0	236.0	52.0	0.0	255.0	223.0	236.0	125.0	0.0	0.0	0.0	0.0	0.0	0.0	0.0	0.0	0.0	0.0	0.0	0.0	0.0	0.0	0.0	0.0	0.0	0.0	40.0	194.0	179.0	224.0	24.0	0.0	217.0	192.0	194.0	73.0	0.0	0.0	0.0	0.0	0.0	0.0	0.0	0.0	0.0	0.0	0.0	0.0	0.0	0.0	0.0	0.0	0.0	0.0	0.0	106.0	98.0	100.0	0.0	0.0	57.0	89.0	87.0	3.0	0.0	0.0	0.0	0.0	0.0	0.0	0.0	0.0	0.0
0.0	0.0	0.0	0.0	0.0	0.0	0.0	0.0	0.0	0.0	0.0	0.0	0.0	0.0	0.0	0.0	0.0	0.0	0.0	0.0	0.0	0.0	0.0	0.0	0.0	0.0	0.0	0.0	0.0	0.0	0.0	0.0	0.0	0.0	0.0	0.0	0.0	0.0	0.0	0.0	0.0	0.0	0.0	0.0	0.0	0.0	0.0	0.0	0.0	0.0	0.0	0.0	0.0	0.0	0.0	0.0	0.0	0.0	0.0	0.0	0.0	0.0	0.0	0.0	0.0	0.0	0.0	0.0	0.0	0.0	0.0	0.0	0.0	0.0	0.0	0.0	0.0	0.0	0.0	0.0	0.0	0.0	0.0	0.0	0.0	0.0	0.0	0.0	0.0	0.0	0.0	0.0	0.0	0.0	0.0	0.0	0.0	0.0	0.0	0.0	0.0	0.0	0.0	0.0	0.0	0.0	0.0	0.0	0.0	0.0	0.0	0.0	0.0	0.0	0.0	0.0	0.0	0.0	0.0	0.0	0.0	0.0	0.0	0.0	0.0	0.0	0.0	0.0	0.0	0.0	0.0	0.0	0.0	0.0	0.0	0.0	0.0	0.0	0.0	0.0	0.0	0.0	0.0	0.0	0.0	0.0	0.0	0.0	0.0	0.0	0.0	0.0	0.0	0.0	0.0	0.0	0.0	0.0	0.0	0.0	0.0	0.0	0.0	0.0	0.0	0.0	0.0	0.0	0.0	0.0	0.0	0.0	0.0	0.0	0.0	0.0	0.0	0.0	0.0	0.0	0.0	0.0	0.0	0.0	0.0	0.0	0.0	0.0	0.0	0.0	0.0	0.0	0.0	0.0	0.0	0.0	0.0	0.0	0.0	0.0	0.0	0.0	0.0	0.0	2.0	0.0	0.0	1.0	1.0	0.0	1.0	0.0	0.0	0.0	0.0	22.0	0.0	0.0	0.0	0.0	0.0	0.0	0.0	0.0	0.0	0.0	0.0	0.0	0.0	0.0	0.0	0.0	1.0	2.0	0.0	0.0	3.0	0.0	0.0	0.0	17.0	0.0	0.0	12.0	138.0	0.0	0.0	0.0	0.0	0.0	0.0	0.0	0.0	0.0	0.0	0.0	0.0	0.0	0.0	0.0	0.0	1.0	1.0	0.0	0.0	0.0	23.0	251.0	225.0	196.0	222.0	186.0	255.0	159.0	0.0	255.0	99.0	0.0	4.0	0.0	0.0	0.0	0.0	0.0	0.0	0.0	0.0	0.0	1.0	0.0	0.0	0.0	0.0	126.0	218.0	233.0	212.0	210.0	215.0	202.0	242.0	11.0	142.0	255.0	76.0	0.0	12.0	1.0	0.0	0.0	0.0	0.0	0.0	0.0	0.0	1.0	0.0	0.0	0.0	31.0	233.0	240.0	225.0	197.0	202.0	202.0	210.0	201.0	173.0	125.0	227.0	237.0	39.0	0.0	9.0	0.0	0.0	0.0	1.0	1.0	5.0	6.0	0.0	0.0	0.0	38.0	156.0	255.0	223.0	205.0	209.0	212.0	186.0	210.0	203.0	207.0	199.0	199.0	155.0	162.0	176.0	133.0	93.0	0.0	0.0	0.0	0.0	0.0	0.0	0.0	0.0	22.0	202.0	226.0	238.0	211.0	194.0	194.0	207.0	206.0	215.0	198.0	212.0	211.0	206.0	200.0	195.0	179.0	192.0	207.0	141.0	0.0	0.0	0.0	22.0	61.0	82.0	108.0	150.0	192.0	176.0	180.0	195.0	194.0	195.0	198.0	180.0	180.0	179.0	175.0	207.0	209.0	215.0	224.0	219.0	207.0	189.0	181.0	153.0	0.0	0.0	157.0	169.0	158.0	152.0	154.0	158.0	156.0	174.0	184.0	202.0	192.0	191.0	164.0	166.0	191.0	189.0	179.0	170.0	180.0	185.0	202.0	217.0	215.0	204.0	205.0	195.0	0.0	143.0	238.0	183.0	185.0	183.0	172.0	154.0	147.0	135.0	136.0	147.0	159.0	176.0	138.0	79.0	142.0	192.0	202.0	216.0	206.0	188.0	208.0	195.0	171.0	173.0	129.0	164.0	5.0	11.0	199.0	213.0	196.0	168.0	181.0	230.0	210.0	216.0	199.0	179.0	176.0	171.0	163.0	192.0	163.0	193.0	232.0	188.0	171.0	229.0	224.0	129.0	114.0	171.0	90.0	154.0	66.0	0.0	16.0	176.0	214.0	209.0	192.0	174.0	148.0	112.0	153.0	163.0	158.0	156.0	193.0	195.0	168.0	159.0	129.0	137.0	127.0	133.0	122.0	131.0	138.0	132.0	134.0	165.0	130.0	0.0	0.0	0.0	0.0	106.0	188.0	217.0	255.0	202.0	202.0	155.0	135.0	142.0	201.0	200.0	197.0	170.0	144.0	212.0	198.0	196.0	218.0	216.0	219.0	212.0	204.0	193.0	68.0	0.0	0.0	0.0	0.0	0.0	0.0	0.0	26.0	97.0	146.0	172.0	204.0	196.0	174.0	159.0	138.0	113.0	82.0	72.0	50.0	38.0	31.0	10.0	3.0	0.0	0.0	0.0	0.0	0.0	0.0	0.0	0.0	0.0	0.0	0.0	0.0	0.0	0.0	0.0	0.0	0.0	0.0	0.0	0.0	0.0	0.0	0.0	0.0	0.0	0.0	0.0	0.0	0.0	0.0	0.0	0.0	0.0	0.0	0.0	0.0	0.0	0.0	0.0	0.0	0.0	0.0	0.0	0.0	0.0	0.0	0.0	0.0	0.0	0.0	0.0	0.0	0.0	0.0	0.0	0.0	0.0	0.0	0.0	0.0	0.0	0.0	0.0	0.0	0.0	0.0	0.0	0.0	0.0	0.0	0.0	0.0	0.0	0.0	0.0	0.0	0.0	0.0	0.0	0.0	0.0	0.0	0.0	0.0	0.0	0.0	0.0	0.0	0.0	0.0	0.0	0.0	0.0	0.0	0.0	0.0	0.0	0.0	0.0	0.0	0.0	0.0	0.0	0.0	0.0	0.0	0.0	0.0	0.0	0.0	0.0	0.0	0.0	0.0	0.0	0.0	0.0	0.0	0.0	0.0	0.0	0.0	0.0	0.0	0.0	0.0	0.0	0.0	0.0	0.0	0.0	0.0	0.0	0.0	0.0	0.0	0.0	0.0	0.0	0.0	0.0	0.0	0.0	0.0	0.0	0.0	0.0	0.0	0.0	0.0	0.0	0.0	0.0	0.0	0.0	0.0	0.0	0.0	0.0	0.0	0.0	0.0	0.0	0.0	0.0	0.0	0.0	0.0	0.0	0.0	0.0	0.0	0.0	0.0	0.0	0.0	0.0	0.0	0.0	0.0	0.0	0.0	0.0	0.0	0.0	0.0	0.0	0.0	0.0	0.0	0.0	0.0	0.0	0.0	0.0	0.0	0.0	0.0	0.0	0.0
0.0	1.0	1.0	0.0	2.0	1.0	0.0	0.0	0.0	2.0	121.0	204.0	164.0	143.0	149.0	177.0	206.0	113.0	0.0	0.0	0.0	0.0	1.0	0.0	0.0	0.0	0.0	0.0	0.0	0.0	0.0	1.0	0.0	0.0	0.0	30.0	155.0	229.0	225.0	225.0	238.0	166.0	166.0	219.0	175.0	205.0	216.0	132.0	27.0	0.0	0.0	0.0	2.0	0.0	0.0	0.0	0.0	1.0	2.0	0.0	0.0	90.0	204.0	208.0	210.0	198.0	189.0	194.0	202.0	193.0	194.0	191.0	185.0	189.0	186.0	198.0	196.0	173.0	62.0	0.0	0.0	3.0	0.0	0.0	0.0	2.0	0.0	0.0	156.0	216.0	203.0	194.0	197.0	204.0	205.0	197.0	196.0	197.0	197.0	186.0	190.0	184.0	184.0	186.0	189.0	196.0	189.0	131.0	0.0	0.0	0.0	0.0	0.0	1.0	0.0	45.0	220.0	191.0	199.0	202.0	200.0	197.0	197.0	199.0	195.0	190.0	191.0	192.0	186.0	186.0	191.0	195.0	186.0	166.0	168.0	175.0	31.0	0.0	0.0	0.0	0.0	2.0	0.0	185.0	213.0	201.0	198.0	199.0	201.0	199.0	197.0	198.0	195.0	192.0	193.0	191.0	186.0	186.0	183.0	175.0	173.0	162.0	175.0	183.0	129.0	0.0	0.0	0.0	0.0	0.0	17.0	213.0	200.0	219.0	202.0	198.0	200.0	199.0	197.0	200.0	197.0	192.0	193.0	191.0	187.0	182.0	181.0	184.0	172.0	165.0	198.0	167.0	201.0	27.0	0.0	0.0	0.0	0.0	129.0	220.0	196.0	215.0	219.0	197.0	199.0	198.0	199.0	199.0	192.0	194.0	192.0	191.0	189.0	189.0	185.0	177.0	150.0	170.0	197.0	163.0	179.0	128.0	0.0	0.0	0.0	0.0	179.0	213.0	198.0	210.0	240.0	211.0	203.0	198.0	197.0	193.0	185.0	188.0	187.0	190.0	183.0	179.0	188.0	162.0	128.0	213.0	194.0	168.0	164.0	173.0	11.0	0.0	0.0	100.0	220.0	199.0	195.0	207.0	238.0	225.0	204.0	198.0	192.0	178.0	184.0	172.0	173.0	179.0	165.0	175.0	168.0	148.0	154.0	215.0	182.0	174.0	179.0	183.0	81.0	0.0	0.0	26.0	152.0	208.0	215.0	209.0	238.0	234.0	200.0	201.0	194.0	173.0	193.0	167.0	167.0	179.0	168.0	179.0	157.0	170.0	117.0	212.0	220.0	170.0	121.0	16.0	0.0	0.0	0.0	0.0	0.0	13.0	131.0	255.0	109.0	149.0	229.0	203.0	192.0	174.0	199.0	176.0	181.0	183.0	184.0	187.0	149.0	183.0	108.0	24.0	159.0	7.0	0.0	0.0	0.0	0.0	0.0	0.0	2.0	0.0	0.0	10.0	0.0	174.0	220.0	209.0	185.0	176.0	198.0	181.0	189.0	173.0	188.0	187.0	142.0	185.0	140.0	0.0	0.0	0.0	0.0	4.0	0.0	0.0	0.0	0.0	2.0	4.0	0.0	0.0	0.0	151.0	211.0	208.0	183.0	176.0	196.0	182.0	183.0	169.0	192.0	191.0	141.0	189.0	138.0	0.0	2.0	2.0	2.0	0.0	0.0	0.0	0.0	0.0	0.0	0.0	0.0	6.0	0.0	131.0	216.0	210.0	182.0	177.0	192.0	188.0	182.0	165.0	199.0	193.0	141.0	181.0	146.0	0.0	1.0	1.0	1.0	1.0	0.0	0.0	0.0	1.0	0.0	0.0	0.0	3.0	0.0	125.0	221.0	213.0	180.0	178.0	191.0	192.0	182.0	165.0	207.0	193.0	145.0	169.0	155.0	0.0	0.0	1.0	1.0	0.0	0.0	0.0	0.0	0.0	0.0	0.0	0.0	1.0	0.0	119.0	227.0	211.0	173.0	184.0	200.0	192.0	180.0	166.0	210.0	195.0	151.0	164.0	156.0	0.0	0.0	0.0	0.0	0.0	0.0	0.0	0.0	0.0	0.0	0.0	0.0	1.0	0.0	116.0	225.0	206.0	174.0	179.0	200.0	198.0	177.0	167.0	211.0	197.0	150.0	167.0	161.0	0.0	0.0	0.0	0.0	0.0	0.0	0.0	0.0	0.0	0.0	0.0	0.0	1.0	0.0	113.0	225.0	208.0	176.0	179.0	195.0	197.0	180.0	169.0	217.0	194.0	147.0	168.0	164.0	0.0	0.0	0.0	0.0	0.0	0.0	0.0	0.0	0.0	0.0	0.0	0.0	3.0	0.0	112.0	226.0	206.0	172.0	186.0	198.0	194.0	185.0	170.0	225.0	186.0	145.0	167.0	165.0	0.0	0.0	1.0	0.0	0.0	0.0	0.0	0.0	0.0	0.0	0.0	0.0	1.0	0.0	108.0	227.0	203.0	173.0	189.0	200.0	194.0	184.0	176.0	228.0	178.0	146.0	165.0	159.0	0.0	0.0	1.0	0.0	0.0	0.0	0.0	0.0	0.0	0.0	0.0	0.0	1.0	0.0	108.0	226.0	203.0	175.0	188.0	199.0	195.0	185.0	178.0	229.0	174.0	147.0	162.0	158.0	0.0	0.0	1.0	1.0	0.0	0.0	0.0	0.0	0.0	0.0	0.0	0.0	1.0	0.0	108.0	225.0	204.0	177.0	186.0	198.0	196.0	188.0	182.0	232.0	174.0	149.0	159.0	175.0	0.0	0.0	2.0	1.0	0.0	0.0	0.0	0.0	0.0	0.0	0.0	0.0	1.0	0.0	107.0	223.0	205.0	179.0	185.0	196.0	197.0	189.0	185.0	233.0	174.0	154.0	159.0	163.0	0.0	0.0	1.0	1.0	0.0	0.0	0.0	0.0	0.0	0.0	0.0	0.0	6.0	0.0	99.0	223.0	206.0	185.0	180.0	194.0	195.0	194.0	184.0	234.0	175.0	152.0	164.0	153.0	0.0	0.0	1.0	1.0	0.0	0.0	0.0	0.0	0.0	0.0	0.0	0.0	4.0	0.0	90.0	220.0	206.0	179.0	167.0	191.0	192.0	187.0	181.0	234.0	170.0	146.0	156.0	155.0	0.0	1.0	1.0	0.0	1.0	0.0	0.0	0.0	0.0	0.0	0.0	2.0	3.0	0.0	104.0	235.0	221.0	213.0	196.0	214.0	222.0	215.0	205.0	237.0	200.0	164.0	183.0	179.0	0.0	0.0	1.0	1.0	0.0	0.0	0.0	0.0	0.0	0.0	0.0	0.0	2.0	0.0	23.0	142.0	151.0	143.0	129.0	127.0	147.0	162.0	147.0	181.0	159.0	122.0	121.0	97.0	0.0	0.0	1.0	1.0	0.0	0.0	0.0
0.0	0.0	0.0	0.0	0.0	0.0	0.0	0.0	0.0	0.0	0.0	0.0	0.0	0.0	0.0	0.0	0.0	0.0	0.0	0.0	0.0	0.0	0.0	0.0	0.0	0.0	0.0	0.0	0.0	0.0	0.0	0.0	0.0	0.0	0.0	0.0	0.0	0.0	0.0	0.0	0.0	0.0	0.0	0.0	0.0	0.0	0.0	0.0	0.0	0.0	0.0	0.0	0.0	0.0	0.0	0.0	0.0	0.0	0.0	0.0	0.0	0.0	0.0	0.0	0.0	0.0	0.0	0.0	0.0	0.0	0.0	0.0	0.0	0.0	0.0	0.0	0.0	0.0	0.0	0.0	0.0	0.0	0.0	0.0	0.0	0.0	0.0	0.0	0.0	0.0	0.0	0.0	0.0	0.0	0.0	0.0	0.0	0.0	0.0	0.0	0.0	0.0	0.0	0.0	0.0	0.0	0.0	0.0	0.0	0.0	0.0	0.0	0.0	0.0	0.0	0.0	0.0	0.0	0.0	0.0	0.0	0.0	0.0	0.0	0.0	0.0	0.0	0.0	0.0	0.0	0.0	0.0	0.0	0.0	0.0	0.0	0.0	0.0	0.0	0.0	0.0	0.0	0.0	0.0	0.0	0.0	0.0	0.0	0.0	0.0	0.0	0.0	0.0	0.0	0.0	0.0	0.0	0.0	0.0	0.0	0.0	0.0	0.0	0.0	0.0	0.0	0.0	0.0	0.0	0.0	0.0	0.0	0.0	0.0	0.0	0.0	0.0	1.0	0.0	0.0	0.0	0.0	2.0	0.0	0.0	0.0	0.0	6.0	71.0	133.0	171.0	178.0	34.0	0.0	0.0	0.0	0.0	0.0	0.0	0.0	0.0	0.0	0.0	0.0	0.0	1.0	0.0	0.0	0.0	0.0	1.0	3.0	0.0	67.0	184.0	213.0	207.0	207.0	219.0	240.0	201.0	7.0	0.0	0.0	0.0	0.0	0.0	0.0	0.0	0.0	0.0	0.0	0.0	1.0	0.0	0.0	0.0	1.0	0.0	7.0	0.0	61.0	221.0	194.0	169.0	170.0	160.0	201.0	185.0	220.0	23.0	0.0	0.0	0.0	0.0	0.0	0.0	0.0	0.0	0.0	1.0	1.0	0.0	1.0	0.0	0.0	0.0	1.0	0.0	0.0	39.0	48.0	34.0	112.0	197.0	67.0	49.0	116.0	90.0	0.0	0.0	0.0	0.0	0.0	0.0	0.0	0.0	0.0	0.0	0.0	2.0	0.0	0.0	25.0	0.0	0.0	0.0	0.0	0.0	0.0	103.0	153.0	15.0	0.0	90.0	175.0	115.0	0.0	0.0	0.0	0.0	0.0	0.0	0.0	0.0	0.0	0.0	2.0	1.0	0.0	51.0	144.0	93.0	0.0	0.0	0.0	49.0	167.0	124.0	0.0	0.0	0.0	0.0	206.0	55.0	60.0	0.0	0.0	1.0	1.0	1.0	5.0	1.0	2.0	0.0	1.0	0.0	21.0	126.0	128.0	166.0	131.0	37.0	85.0	137.0	52.0	0.0	0.0	0.0	0.0	0.0	176.0	25.0	67.0	0.0	0.0	1.0	2.0	2.0	0.0	0.0	0.0	0.0	0.0	25.0	137.0	115.0	133.0	148.0	166.0	175.0	74.0	10.0	0.0	1.0	0.0	0.0	0.0	0.0	155.0	39.0	26.0	0.0	0.0	1.0	0.0	0.0	41.0	69.0	96.0	130.0	0.0	3.0	175.0	172.0	134.0	152.0	133.0	170.0	161.0	0.0	0.0	0.0	0.0	0.0	5.0	65.0	152.0	61.0	0.0	1.0	1.0	3.0	0.0	28.0	179.0	142.0	129.0	217.0	58.0	0.0	0.0	128.0	190.0	187.0	199.0	213.0	238.0	181.0	80.0	143.0	167.0	202.0	197.0	206.0	80.0	17.0	0.0	0.0	0.0	0.0	0.0	0.0	148.0	155.0	156.0	175.0	108.0	0.0	0.0	0.0	185.0	237.0	229.0	221.0	208.0	255.0	172.0	112.0	90.0	42.0	29.0	38.0	3.0	0.0	0.0	10.0	102.0	105.0	62.0	44.0	179.0	210.0	205.0	207.0	138.0	70.0	131.0	131.0	192.0	187.0	137.0	82.0	66.0	52.0	34.0	62.0	85.0	108.0	139.0	155.0	11.0	0.0	1.0	0.0	61.0	84.0	98.0	114.0	190.0	190.0	175.0	199.0	175.0	112.0	79.0	57.0	37.0	57.0	76.0	96.0	125.0	172.0	161.0	160.0	174.0	140.0	142.0	146.0	7.0	0.0	1.0	14.0	57.0	20.0	24.0	11.0	14.0	19.0	21.0	28.0	29.0	49.0	73.0	129.0	144.0	158.0	164.0	146.0	148.0	151.0	131.0	143.0	130.0	142.0	153.0	142.0	26.0	0.0	1.0	41.0	126.0	164.0	153.0	147.0	135.0	158.0	147.0	144.0	158.0	178.0	155.0	183.0	188.0	160.0	157.0	153.0	155.0	156.0	194.0	180.0	167.0	162.0	158.0	143.0	65.0	0.0	1.0	37.0	71.0	119.0	130.0	140.0	147.0	188.0	178.0	162.0	161.0	161.0	161.0	140.0	167.0	156.0	160.0	161.0	146.0	142.0	135.0	138.0	134.0	112.0	124.0	117.0	73.0	0.0	0.0	0.0	10.0	35.0	49.0	73.0	78.0	79.0	85.0	90.0	87.0	83.0	76.0	76.0	55.0	49.0	44.0	42.0	38.0	25.0	24.0	20.0	21.0	5.0	1.0	0.0	0.0	0.0	0.0	0.0	0.0	0.0	0.0	0.0	0.0	0.0	0.0	0.0	0.0	0.0	0.0	0.0	0.0	0.0	0.0	0.0	0.0	0.0	0.0	0.0	0.0	0.0	0.0	0.0	0.0	0.0	0.0	0.0	0.0	0.0	0.0	0.0	0.0	0.0	0.0	0.0	0.0	0.0	0.0	0.0	0.0	0.0	0.0	0.0	0.0	0.0	0.0	0.0	0.0	0.0	0.0	0.0	0.0	0.0	0.0	0.0	0.0	0.0	0.0	0.0	0.0	0.0	0.0	0.0	0.0	0.0	0.0	0.0	0.0	0.0	0.0	0.0	0.0	0.0	0.0	0.0	0.0	0.0	0.0	0.0	0.0	0.0	0.0	0.0	0.0	0.0	0.0	0.0	0.0	0.0	0.0	0.0	0.0	0.0	0.0	0.0	0.0	0.0	0.0	0.0	0.0	0.0	0.0	0.0	0.0	0.0	0.0	0.0	0.0	0.0	0.0	0.0	0.0	0.0	0.0	0.0	0.0	0.0	0.0	0.0	0.0	0.0	0.0	0.0	0.0	0.0	0.0	0.0	0.0	0.0	0.0	0.0	0.0	0.0	0.0	0.0	0.0	0.0	0.0
0.0	0.0	0.0	0.0	0.0	0.0	0.0	0.0	0.0	0.0	0.0	0.0	0.0	0.0	0.0	0.0	0.0	0.0	0.0	0.0	0.0	0.0	0.0	0.0	0.0	0.0	0.0	0.0	0.0	0.0	0.0	0.0	0.0	0.0	0.0	0.0	0.0	0.0	0.0	0.0	0.0	0.0	0.0	0.0	0.0	0.0	0.0	0.0	0.0	0.0	0.0	0.0	0.0	0.0	0.0	0.0	0.0	0.0	0.0	0.0	0.0	0.0	0.0	0.0	0.0	0.0	0.0	0.0	0.0	0.0	0.0	0.0	0.0	0.0	0.0	0.0	0.0	0.0	0.0	0.0	0.0	0.0	0.0	0.0	0.0	0.0	0.0	0.0	0.0	0.0	0.0	0.0	0.0	0.0	0.0	0.0	0.0	0.0	0.0	0.0	0.0	0.0	0.0	0.0	0.0	0.0	0.0	0.0	0.0	0.0	0.0	0.0	0.0	0.0	0.0	0.0	0.0	0.0	0.0	0.0	0.0	0.0	0.0	0.0	0.0	0.0	0.0	0.0	0.0	0.0	0.0	0.0	0.0	0.0	0.0	0.0	0.0	0.0	0.0	0.0	0.0	0.0	2.0	0.0	0.0	0.0	0.0	42.0	83.0	139.0	138.0	153.0	165.0	172.0	173.0	167.0	162.0	159.0	156.0	156.0	155.0	154.0	157.0	160.0	147.0	182.0	162.0	6.0	1.0	1.0	0.0	0.0	0.0	18.0	38.0	255.0	225.0	212.0	225.0	221.0	220.0	212.0	209.0	211.0	213.0	213.0	207.0	209.0	211.0	212.0	210.0	223.0	202.0	234.0	210.0	32.0	4.0	0.0	0.0	99.0	149.0	235.0	217.0	218.0	191.0	200.0	204.0	206.0	205.0	208.0	209.0	206.0	207.0	208.0	209.0	208.0	210.0	208.0	202.0	211.0	187.0	217.0	228.0	23.0	10.0	0.0	132.0	134.0	188.0	186.0	222.0	217.0	176.0	197.0	199.0	202.0	203.0	206.0	208.0	203.0	200.0	202.0	209.0	200.0	191.0	184.0	180.0	180.0	167.0	193.0	235.0	117.0	0.0	15.0	207.0	0.0	0.0	92.0	236.0	200.0	186.0	201.0	195.0	195.0	191.0	192.0	193.0	191.0	193.0	195.0	186.0	178.0	172.0	169.0	160.0	164.0	176.0	158.0	238.0	191.0	0.0	99.0	210.0	0.0	0.0	190.0	232.0	191.0	191.0	200.0	198.0	200.0	198.0	198.0	197.0	193.0	192.0	193.0	178.0	169.0	165.0	165.0	164.0	160.0	196.0	150.0	218.0	196.0	0.0	144.0	188.0	0.0	4.0	177.0	209.0	191.0	202.0	196.0	197.0	200.0	198.0	200.0	196.0	193.0	186.0	187.0	184.0	176.0	173.0	165.0	163.0	165.0	185.0	161.0	212.0	180.0	0.0	160.0	134.0	0.0	88.0	86.0	187.0	198.0	200.0	199.0	197.0	199.0	199.0	198.0	194.0	193.0	186.0	185.0	185.0	175.0	172.0	163.0	158.0	167.0	182.0	171.0	204.0	89.0	0.0	195.0	117.0	0.0	132.0	0.0	160.0	210.0	196.0	197.0	198.0	199.0	202.0	201.0	196.0	197.0	188.0	187.0	184.0	173.0	169.0	163.0	159.0	166.0	184.0	180.0	201.0	19.0	27.0	209.0	25.0	1.0	232.0	0.0	157.0	205.0	200.0	199.0	194.0	197.0	202.0	199.0	197.0	200.0	191.0	187.0	185.0	175.0	172.0	168.0	168.0	173.0	186.0	187.0	210.0	20.0	77.0	201.0	28.0	131.0	185.0	80.0	142.0	208.0	198.0	195.0	193.0	196.0	201.0	204.0	195.0	197.0	188.0	184.0	179.0	169.0	172.0	170.0	171.0	175.0	182.0	193.0	206.0	0.0	86.0	203.0	22.0	160.0	120.0	84.0	82.0	211.0	193.0	204.0	200.0	205.0	198.0	202.0	200.0	205.0	199.0	193.0	191.0	161.0	160.0	174.0	181.0	181.0	183.0	199.0	167.0	0.0	42.0	215.0	0.0	35.0	117.0	0.0	0.0	229.0	194.0	200.0	198.0	198.0	207.0	207.0	196.0	182.0	179.0	168.0	190.0	173.0	159.0	175.0	188.0	187.0	187.0	203.0	69.0	0.0	0.0	189.0	64.0	0.0	0.0	0.0	0.0	128.0	217.0	191.0	201.0	200.0	202.0	207.0	188.0	169.0	167.0	127.0	158.0	161.0	154.0	167.0	179.0	186.0	203.0	160.0	0.0	0.0	0.0	22.0	156.0	124.0	165.0	217.0	227.0	138.0	150.0	215.0	194.0	198.0	201.0	204.0	214.0	215.0	210.0	173.0	178.0	172.0	167.0	173.0	180.0	198.0	191.0	18.0	0.0	1.0	1.0	0.0	0.0	79.0	88.0	44.0	5.0	0.0	0.0	136.0	212.0	209.0	200.0	199.0	205.0	205.0	193.0	179.0	170.0	168.0	172.0	188.0	209.0	175.0	28.0	0.0	0.0	0.0	0.0	4.0	0.0	0.0	0.0	0.0	0.0	0.0	0.0	0.0	32.0	168.0	233.0	212.0	215.0	220.0	213.0	230.0	216.0	191.0	191.0	212.0	127.0	0.0	0.0	0.0	0.0	0.0	0.0	0.0	3.0	6.0	4.0	5.0	3.0	0.0	0.0	0.0	0.0	0.0	0.0	50.0	58.0	68.0	83.0	88.0	74.0	57.0	28.0	0.0	0.0	0.0	1.0	0.0	0.0	0.0	0.0	0.0	0.0	0.0	0.0	0.0	0.0	0.0	0.0	0.0	0.0	0.0	0.0	0.0	0.0	0.0	0.0	0.0	0.0	0.0	0.0	0.0	0.0	0.0	0.0	0.0	0.0	0.0	0.0	0.0	0.0	0.0	0.0	0.0	0.0	0.0	0.0	0.0	0.0	0.0	0.0	0.0	0.0	0.0	0.0	0.0	0.0	0.0	0.0	0.0	0.0	0.0	0.0	0.0	0.0	0.0	0.0	0.0	0.0	0.0	0.0	0.0	0.0	0.0	0.0	0.0	0.0	0.0	0.0	0.0	0.0	0.0	0.0	0.0	0.0	0.0	0.0	0.0	0.0	0.0	0.0	0.0	0.0	0.0	0.0	0.0	0.0	0.0	0.0	0.0	0.0	0.0	0.0	0.0	0.0	0.0	0.0	0.0	0.0	0.0	0.0	0.0	0.0	0.0	0.0	0.0	0.0	0.0	0.0	0.0	0.0	0.0	0.0	0.0	0.0	0.0	0.0	0.0	0.0	0.0	0.0	0.0	0.0	0.0	0.0	0.0	0.0	0.0	0.0	0.0	0.0	0.0	0.0	0.0	0.0	0.0	0.0	0.0	0.0	0.0
0.0	0.0	0.0	0.0	0.0	0.0	1.0	2.0	0.0	0.0	0.0	79.0	190.0	145.0	176.0	173.0	0.0	0.0	0.0	0.0	1.0	0.0	0.0	0.0	0.0	0.0	0.0	0.0	0.0	0.0	0.0	0.0	0.0	2.0	0.0	0.0	0.0	0.0	141.0	234.0	242.0	225.0	239.0	244.0	224.0	79.0	0.0	0.0	0.0	0.0	1.0	0.0	0.0	0.0	0.0	0.0	0.0	0.0	0.0	0.0	1.0	0.0	0.0	76.0	177.0	204.0	221.0	212.0	221.0	222.0	232.0	217.0	218.0	224.0	203.0	185.0	41.0	0.0	0.0	0.0	0.0	0.0	0.0	0.0	0.0	0.0	0.0	0.0	0.0	0.0	153.0	228.0	217.0	208.0	204.0	206.0	204.0	198.0	198.0	198.0	198.0	198.0	206.0	220.0	223.0	58.0	0.0	4.0	0.0	0.0	0.0	0.0	0.0	0.0	0.0	0.0	0.0	61.0	227.0	198.0	201.0	202.0	202.0	202.0	200.0	199.0	206.0	201.0	206.0	210.0	205.0	196.0	213.0	154.0	0.0	0.0	0.0	0.0	0.0	0.0	0.0	0.0	0.0	0.0	0.0	137.0	220.0	203.0	211.0	204.0	201.0	203.0	206.0	188.0	193.0	202.0	204.0	202.0	197.0	205.0	209.0	192.0	0.0	0.0	0.0	0.0	0.0	0.0	0.0	0.0	0.0	0.0	0.0	165.0	223.0	206.0	205.0	204.0	200.0	200.0	203.0	186.0	191.0	203.0	203.0	204.0	210.0	216.0	200.0	208.0	28.0	0.0	0.0	0.0	0.0	0.0	0.0	0.0	0.0	0.0	0.0	203.0	222.0	214.0	202.0	205.0	213.0	201.0	202.0	196.0	194.0	200.0	205.0	215.0	204.0	203.0	197.0	219.0	72.0	0.0	0.0	0.0	0.0	0.0	0.0	0.0	0.0	0.0	0.0	227.0	219.0	221.0	201.0	190.0	170.0	201.0	201.0	189.0	199.0	218.0	189.0	137.0	201.0	198.0	200.0	222.0	133.0	0.0	0.0	0.0	0.0	0.0	0.0	0.0	0.0	0.0	0.0	238.0	215.0	234.0	217.0	200.0	183.0	222.0	208.0	194.0	192.0	224.0	219.0	186.0	215.0	205.0	200.0	221.0	170.0	0.0	0.0	0.0	0.0	0.0	0.0	0.0	0.0	0.0	17.0	242.0	211.0	238.0	219.0	208.0	209.0	197.0	206.0	193.0	187.0	198.0	204.0	206.0	201.0	201.0	206.0	222.0	199.0	0.0	0.0	0.0	0.0	0.0	0.0	0.0	0.0	0.0	49.0	246.0	208.0	238.0	218.0	212.0	203.0	203.0	212.0	198.0	191.0	203.0	203.0	197.0	204.0	206.0	211.0	221.0	225.0	0.0	0.0	0.0	0.0	0.0	0.0	0.0	0.0	0.0	63.0	247.0	206.0	245.0	229.0	214.0	209.0	203.0	208.0	202.0	199.0	205.0	205.0	202.0	206.0	196.0	207.0	223.0	236.0	0.0	0.0	0.0	0.0	0.0	0.0	0.0	0.0	0.0	83.0	245.0	205.0	238.0	218.0	208.0	213.0	208.0	206.0	205.0	212.0	198.0	207.0	201.0	200.0	191.0	214.0	224.0	236.0	33.0	0.0	0.0	0.0	0.0	0.0	0.0	0.0	0.0	106.0	241.0	197.0	238.0	207.0	205.0	214.0	209.0	208.0	195.0	207.0	201.0	207.0	199.0	202.0	205.0	212.0	220.0	234.0	82.0	0.0	0.0	0.0	0.0	0.0	0.0	0.0	0.0	126.0	237.0	199.0	235.0	223.0	213.0	207.0	209.0	208.0	196.0	210.0	204.0	202.0	209.0	202.0	205.0	212.0	218.0	232.0	103.0	0.0	0.0	0.0	0.0	0.0	0.0	0.0	0.0	146.0	234.0	200.0	233.0	221.0	214.0	207.0	215.0	208.0	195.0	204.0	206.0	195.0	208.0	202.0	194.0	224.0	219.0	227.0	125.0	0.0	0.0	0.0	0.0	0.0	0.0	0.0	0.0	163.0	230.0	201.0	236.0	211.0	216.0	207.0	214.0	209.0	199.0	209.0	206.0	200.0	200.0	208.0	193.0	230.0	218.0	218.0	148.0	0.0	0.0	0.0	0.0	0.0	0.0	0.0	0.0	173.0	225.0	202.0	232.0	203.0	217.0	212.0	218.0	217.0	197.0	192.0	212.0	202.0	208.0	208.0	200.0	224.0	222.0	213.0	164.0	0.0	0.0	0.0	0.0	0.0	0.0	0.0	0.0	179.0	221.0	206.0	246.0	201.0	206.0	215.0	217.0	214.0	210.0	206.0	216.0	205.0	215.0	205.0	204.0	235.0	225.0	209.0	173.0	0.0	0.0	0.0	0.0	0.0	0.0	0.0	0.0	183.0	219.0	225.0	197.0	240.0	216.0	207.0	210.0	215.0	216.0	218.0	221.0	209.0	200.0	214.0	181.0	203.0	250.0	206.0	175.0	0.0	0.0	0.0	0.0	0.0	0.0	0.0	0.0	192.0	212.0	252.0	21.0	137.0	240.0	218.0	219.0	207.0	204.0	203.0	209.0	214.0	217.0	243.0	81.0	99.0	243.0	208.0	175.0	0.0	0.0	0.0	0.0	0.0	0.0	0.0	0.0	188.0	212.0	253.0	17.0	143.0	255.0	247.0	249.0	229.0	218.0	217.0	222.0	239.0	245.0	254.0	131.0	74.0	242.0	210.0	174.0	0.0	0.0	0.0	0.0	0.0	0.0	0.0	0.0	171.0	216.0	224.0	36.0	0.0	94.0	92.0	106.0	117.0	102.0	77.0	95.0	88.0	73.0	51.0	0.0	67.0	235.0	214.0	176.0	0.0	0.0	0.0	0.0	0.0	0.0	0.0	0.0	155.0	216.0	220.0	48.0	0.0	0.0	0.0	0.0	0.0	0.0	0.0	0.0	0.0	0.0	0.0	0.0	64.0	229.0	215.0	166.0	0.0	0.0	0.0	0.0	0.0	0.0	0.0	0.0	168.0	220.0	219.0	45.0	0.0	9.0	4.0	3.0	2.0	4.0	4.0	7.0	9.0	4.0	6.0	0.0	24.0	221.0	220.0	177.0	0.0	0.0	0.0	0.0	0.0	0.0	0.0	0.0	99.0	254.0	229.0	0.0	0.0	2.0	0.0	0.0	0.0	0.0	0.0	0.0	0.0	0.0	2.0	0.0	0.0	229.0	255.0	158.0	0.0	0.0	0.0	0.0	0.0	0.0	0.0	0.0	42.0	190.0	155.0	0.0	0.0	2.0	0.0	0.0	0.0	0.0	0.0	0.0	0.0	0.0	1.0	0.0	0.0	99.0	167.0	57.0	0.0	0.0	0.0	0.0
0.0	0.0	1.0	0.0	0.0	0.0	0.0	5.0	55.0	89.0	48.0	0.0	0.0	0.0	0.0	0.0	0.0	41.0	137.0	89.0	18.0	0.0	0.0	0.0	2.0	0.0	0.0	0.0	0.0	0.0	0.0	0.0	0.0	61.0	114.0	142.0	125.0	121.0	156.0	144.0	121.0	117.0	110.0	115.0	136.0	158.0	160.0	172.0	161.0	176.0	149.0	52.0	0.0	0.0	0.0	0.0	0.0	0.0	0.0	8.0	96.0	130.0	126.0	114.0	105.0	100.0	97.0	114.0	124.0	128.0	128.0	128.0	132.0	139.0	142.0	137.0	142.0	143.0	147.0	170.0	50.0	0.0	0.0	0.0	0.0	0.0	0.0	83.0	110.0	103.0	110.0	108.0	104.0	105.0	107.0	103.0	107.0	108.0	110.0	115.0	122.0	132.0	132.0	135.0	133.0	124.0	136.0	154.0	146.0	0.0	0.0	0.0	0.0	0.0	1.0	119.0	105.0	103.0	104.0	105.0	107.0	104.0	105.0	111.0	110.0	114.0	118.0	118.0	121.0	129.0	137.0	136.0	129.0	135.0	137.0	143.0	158.0	0.0	0.0	0.0	0.0	0.0	26.0	122.0	108.0	104.0	100.0	100.0	103.0	103.0	105.0	108.0	112.0	111.0	112.0	115.0	121.0	130.0	137.0	139.0	133.0	161.0	118.0	156.0	160.0	4.0	0.0	0.0	0.0	0.0	40.0	117.0	103.0	105.0	97.0	94.0	98.0	101.0	104.0	108.0	114.0	110.0	110.0	112.0	117.0	124.0	136.0	144.0	144.0	160.0	130.0	151.0	147.0	37.0	0.0	0.0	0.0	0.0	52.0	108.0	104.0	107.0	91.0	93.0	96.0	101.0	104.0	107.0	115.0	107.0	108.0	110.0	115.0	121.0	130.0	147.0	158.0	156.0	149.0	126.0	151.0	112.0	0.0	0.0	0.0	0.0	94.0	112.0	118.0	142.0	132.0	82.0	93.0	103.0	111.0	100.0	114.0	126.0	110.0	105.0	112.0	122.0	124.0	158.0	154.0	199.0	168.0	129.0	163.0	108.0	0.0	0.0	0.0	0.0	0.0	12.0	29.0	90.0	178.0	90.0	93.0	97.0	117.0	108.0	114.0	143.0	104.0	121.0	119.0	114.0	128.0	147.0	153.0	196.0	71.0	18.0	0.0	0.0	0.0	0.0	0.0	0.0	1.0	0.0	0.0	0.0	0.0	101.0	94.0	97.0	114.0	128.0	111.0	136.0	115.0	139.0	112.0	115.0	130.0	142.0	176.0	0.0	0.0	0.0	5.0	0.0	0.0	0.0	0.0	0.0	0.0	2.0	4.0	0.0	1.0	104.0	93.0	97.0	97.0	103.0	111.0	108.0	107.0	128.0	110.0	107.0	139.0	146.0	178.0	11.0	0.0	5.0	1.0	0.0	0.0	0.0	0.0	0.0	0.0	0.0	1.0	0.0	0.0	105.0	93.0	97.0	104.0	186.0	188.0	179.0	192.0	203.0	234.0	108.0	130.0	149.0	146.0	1.0	0.0	1.0	0.0	0.0	0.0	0.0	0.0	0.0	1.0	0.0	1.0	0.0	0.0	104.0	96.0	83.0	178.0	218.0	207.0	213.0	227.0	239.0	236.0	118.0	132.0	150.0	143.0	1.0	0.0	1.0	0.0	0.0	0.0	0.0	0.0	0.0	0.0	0.0	1.0	0.0	0.0	104.0	96.0	89.0	195.0	144.0	217.0	185.0	213.0	250.0	235.0	104.0	146.0	147.0	142.0	1.0	0.0	1.0	0.0	0.0	0.0	0.0	0.0	0.0	0.0	0.0	0.0	0.0	0.0	103.0	96.0	98.0	125.0	85.0	204.0	146.0	142.0	178.0	242.0	111.0	142.0	144.0	140.0	1.0	0.0	2.0	0.0	0.0	0.0	0.0	0.0	0.0	0.0	0.0	0.0	0.0	0.0	97.0	96.0	100.0	136.0	90.0	248.0	128.0	217.0	211.0	255.0	137.0	135.0	146.0	164.0	1.0	0.0	2.0	0.0	0.0	0.0	0.0	0.0	0.0	1.0	0.0	1.0	0.0	0.0	96.0	97.0	91.0	117.0	114.0	188.0	140.0	126.0	144.0	195.0	197.0	167.0	142.0	171.0	1.0	0.0	2.0	0.0	0.0	0.0	0.0	0.0	0.0	0.0	0.0	0.0	0.0	0.0	96.0	98.0	96.0	104.0	112.0	96.0	105.0	118.0	117.0	157.0	200.0	172.0	142.0	143.0	2.0	0.0	1.0	0.0	0.0	0.0	0.0	0.0	0.0	0.0	0.0	0.0	0.0	0.0	103.0	98.0	98.0	105.0	108.0	112.0	111.0	119.0	130.0	147.0	147.0	161.0	144.0	151.0	11.0	0.0	2.0	0.0	0.0	0.0	0.0	0.0	0.0	1.0	1.0	2.0	0.0	0.0	112.0	97.0	98.0	104.0	108.0	114.0	114.0	114.0	118.0	121.0	149.0	147.0	146.0	153.0	40.0	0.0	5.0	0.0	0.0	0.0	0.0	0.0	0.0	0.0	1.0	2.0	0.0	1.0	108.0	100.0	104.0	105.0	111.0	115.0	119.0	114.0	117.0	132.0	128.0	142.0	149.0	153.0	59.0	0.0	4.0	1.0	0.0	0.0	0.0	0.0	0.0	0.0	0.0	2.0	0.0	15.0	117.0	98.0	107.0	107.0	112.0	117.0	117.0	119.0	128.0	129.0	135.0	146.0	147.0	154.0	73.0	0.0	4.0	1.0	0.0	0.0	0.0	0.0	0.0	0.0	0.0	2.0	0.0	29.0	121.0	101.0	105.0	111.0	115.0	119.0	119.0	122.0	128.0	128.0	137.0	139.0	142.0	158.0	76.0	0.0	2.0	0.0	0.0	0.0	0.0	0.0	0.0	0.0	0.0	2.0	0.0	37.0	107.0	107.0	107.0	114.0	119.0	119.0	125.0	132.0	136.0	136.0	140.0	139.0	137.0	161.0	83.0	0.0	1.0	0.0	0.0	0.0	0.0	0.0	0.0	0.0	0.0	2.0	0.0	48.0	110.0	108.0	111.0	117.0	119.0	121.0	128.0	130.0	135.0	135.0	135.0	130.0	133.0	156.0	94.0	0.0	1.0	0.0	0.0	0.0	0.0	0.0	0.0	0.0	0.0	2.0	0.0	75.0	119.0	117.0	124.0	125.0	125.0	130.0	142.0	146.0	149.0	146.0	151.0	151.0	143.0	167.0	139.0	0.0	0.0	1.0	0.0	0.0	0.0	0.0	0.0	0.0	0.0	1.0	0.0	43.0	83.0	80.0	85.0	85.0	82.0	85.0	82.0	79.0	83.0	85.0	86.0	85.0	86.0	112.0	108.0	0.0	0.0	1.0	0.0	0.0	0.0
0.0	0.0	0.0	0.0	0.0	0.0	0.0	0.0	0.0	0.0	0.0	0.0	0.0	10.0	0.0	14.0	0.0	0.0	0.0	0.0	0.0	0.0	0.0	0.0	0.0	0.0	0.0	0.0	0.0	0.0	0.0	0.0	0.0	0.0	0.0	1.0	3.0	0.0	0.0	17.0	228.0	230.0	224.0	238.0	192.0	0.0	0.0	3.0	1.0	0.0	0.0	0.0	0.0	0.0	0.0	0.0	0.0	0.0	0.0	0.0	0.0	0.0	1.0	0.0	0.0	0.0	70.0	239.0	241.0	242.0	246.0	239.0	246.0	232.0	0.0	0.0	0.0	0.0	0.0	0.0	0.0	0.0	0.0	0.0	0.0	0.0	0.0	0.0	0.0	0.0	0.0	0.0	28.0	147.0	228.0	239.0	232.0	245.0	244.0	246.0	226.0	247.0	231.0	133.0	14.0	0.0	0.0	2.0	0.0	0.0	0.0	0.0	0.0	0.0	0.0	0.0	0.0	0.0	0.0	191.0	245.0	237.0	222.0	236.0	237.0	252.0	252.0	225.0	206.0	228.0	208.0	223.0	247.0	108.0	0.0	2.0	0.0	0.0	0.0	0.0	0.0	0.0	0.0	0.0	0.0	0.0	3.0	238.0	231.0	226.0	217.0	204.0	123.0	205.0	255.0	170.0	154.0	180.0	220.0	199.0	223.0	190.0	0.0	0.0	0.0	0.0	0.0	0.0	0.0	0.0	0.0	0.0	0.0	0.0	114.0	242.0	222.0	224.0	198.0	198.0	190.0	143.0	205.0	140.0	209.0	239.0	228.0	231.0	208.0	224.0	0.0	0.0	0.0	0.0	0.0	0.0	0.0	0.0	0.0	0.0	0.0	0.0	139.0	248.0	229.0	215.0	217.0	200.0	255.0	255.0	217.0	185.0	200.0	205.0	230.0	240.0	211.0	233.0	45.0	0.0	0.0	0.0	0.0	0.0	0.0	0.0	0.0	0.0	0.0	0.0	100.0	252.0	232.0	226.0	237.0	191.0	131.0	181.0	255.0	213.0	115.0	214.0	237.0	235.0	210.0	244.0	93.0	0.0	0.0	0.0	0.0	0.0	0.0	0.0	0.0	0.0	0.0	0.0	168.0	246.0	228.0	242.0	216.0	221.0	199.0	167.0	210.0	231.0	203.0	197.0	232.0	241.0	217.0	244.0	132.0	0.0	0.0	0.0	0.0	0.0	0.0	0.0	0.0	0.0	0.0	0.0	215.0	240.0	230.0	248.0	225.0	222.0	238.0	237.0	222.0	224.0	224.0	217.0	241.0	254.0	229.0	236.0	190.0	0.0	0.0	0.0	0.0	0.0	0.0	0.0	0.0	0.0	0.0	0.0	243.0	235.0	247.0	249.0	232.0	217.0	222.0	217.0	225.0	227.0	169.0	237.0	249.0	230.0	233.0	239.0	219.0	0.0	0.0	0.0	0.0	0.0	0.0	0.0	0.0	0.0	0.0	0.0	255.0	233.0	243.0	244.0	229.0	221.0	228.0	229.0	223.0	223.0	196.0	236.0	243.0	221.0	218.0	239.0	245.0	0.0	0.0	0.0	0.0	0.0	0.0	0.0	0.0	0.0	0.0	16.0	255.0	233.0	251.0	239.0	231.0	221.0	229.0	230.0	232.0	227.0	198.0	226.0	248.0	232.0	194.0	242.0	255.0	8.0	0.0	0.0	0.0	0.0	0.0	0.0	0.0	0.0	0.0	52.0	255.0	236.0	244.0	239.0	232.0	221.0	230.0	230.0	237.0	224.0	206.0	218.0	240.0	238.0	237.0	239.0	255.0	45.0	0.0	0.0	0.0	0.0	0.0	0.0	0.0	0.0	0.0	94.0	255.0	241.0	231.0	236.0	228.0	226.0	232.0	230.0	225.0	218.0	216.0	212.0	215.0	234.0	237.0	241.0	253.0	80.0	0.0	0.0	0.0	0.0	0.0	0.0	0.0	0.0	0.0	133.0	255.0	238.0	237.0	228.0	216.0	231.0	230.0	226.0	227.0	215.0	221.0	208.0	222.0	231.0	227.0	245.0	255.0	98.0	0.0	0.0	0.0	0.0	0.0	0.0	0.0	0.0	0.0	155.0	250.0	242.0	235.0	238.0	226.0	232.0	229.0	227.0	218.0	224.0	223.0	213.0	220.0	228.0	234.0	250.0	255.0	120.0	0.0	0.0	0.0	0.0	0.0	0.0	0.0	0.0	0.0	154.0	244.0	245.0	236.0	234.0	229.0	232.0	234.0	213.0	228.0	221.0	222.0	221.0	223.0	228.0	234.0	248.0	255.0	121.0	0.0	0.0	0.0	0.0	0.0	0.0	0.0	0.0	0.0	165.0	248.0	243.0	237.0	227.0	227.0	233.0	221.0	225.0	229.0	215.0	229.0	222.0	211.0	228.0	235.0	247.0	255.0	123.0	0.0	0.0	0.0	0.0	0.0	0.0	0.0	0.0	0.0	173.0	255.0	233.0	234.0	224.0	226.0	229.0	225.0	237.0	221.0	209.0	231.0	220.0	214.0	230.0	231.0	252.0	255.0	135.0	0.0	0.0	0.0	0.0	0.0	0.0	0.0	0.0	0.0	174.0	240.0	229.0	238.0	229.0	225.0	235.0	230.0	232.0	196.0	220.0	226.0	226.0	215.0	231.0	233.0	248.0	255.0	134.0	0.0	0.0	0.0	0.0	0.0	0.0	0.0	0.0	0.0	170.0	242.0	243.0	230.0	234.0	229.0	232.0	229.0	210.0	201.0	224.0	218.0	230.0	215.0	220.0	227.0	247.0	255.0	119.0	0.0	0.0	0.0	0.0	0.0	0.0	0.0	0.0	0.0	152.0	247.0	237.0	220.0	230.0	224.0	221.0	223.0	210.0	231.0	222.0	216.0	225.0	200.0	223.0	231.0	246.0	235.0	136.0	0.0	0.0	0.0	0.0	0.0	0.0	0.0	0.0	0.0	140.0	221.0	235.0	233.0	223.0	210.0	232.0	236.0	229.0	236.0	241.0	231.0	222.0	216.0	228.0	224.0	235.0	225.0	154.0	0.0	0.0	0.0	0.0	0.0	0.0	0.0	0.0	0.0	152.0	229.0	230.0	244.0	242.0	222.0	216.0	211.0	230.0	233.0	217.0	228.0	238.0	239.0	228.0	219.0	229.0	240.0	199.0	0.0	0.0	0.0	0.0	0.0	0.0	0.0	0.0	0.0	0.0	13.0	0.0	53.0	153.0	199.0	197.0	231.0	252.0	238.0	217.0	227.0	222.0	184.0	112.0	47.0	41.0	49.0	2.0	0.0	0.0	0.0	0.0	0.0	0.0	0.0	0.0	0.0	0.0	0.0	0.0	0.0	0.0	0.0	0.0	0.0	0.0	0.0	0.0	0.0	0.0	0.0	0.0	0.0	0.0	0.0	0.0	0.0	0.0	0.0	0.0
0.0	0.0	0.0	0.0	0.0	0.0	0.0	0.0	0.0	0.0	0.0	0.0	0.0	0.0	0.0	0.0	0.0	0.0	0.0	0.0	0.0	0.0	0.0	0.0	0.0	0.0	0.0	0.0	0.0	0.0	0.0	0.0	0.0	0.0	0.0	0.0	0.0	0.0	0.0	0.0	0.0	0.0	0.0	0.0	0.0	0.0	0.0	0.0	0.0	0.0	0.0	0.0	0.0	0.0	0.0	0.0	0.0	0.0	0.0	0.0	0.0	0.0	0.0	0.0	0.0	0.0	0.0	0.0	0.0	0.0	0.0	0.0	0.0	0.0	0.0	0.0	0.0	0.0	0.0	0.0	0.0	0.0	0.0	0.0	0.0	0.0	0.0	0.0	0.0	0.0	0.0	0.0	0.0	0.0	0.0	0.0	0.0	0.0	0.0	0.0	0.0	0.0	0.0	0.0	0.0	0.0	0.0	0.0	0.0	0.0	0.0	0.0	0.0	0.0	0.0	0.0	0.0	0.0	0.0	0.0	0.0	0.0	0.0	0.0	0.0	0.0	0.0	0.0	0.0	0.0	0.0	0.0	0.0	0.0	0.0	0.0	0.0	0.0	0.0	0.0	0.0	0.0	0.0	0.0	0.0	0.0	0.0	0.0	0.0	0.0	0.0	0.0	0.0	0.0	0.0	0.0	0.0	0.0	0.0	0.0	0.0	0.0	0.0	0.0	0.0	0.0	0.0	0.0	0.0	0.0	0.0	0.0	0.0	0.0	0.0	0.0	0.0	0.0	0.0	0.0	0.0	0.0	0.0	0.0	0.0	0.0	0.0	0.0	0.0	0.0	0.0	0.0	0.0	0.0	0.0	0.0	0.0	93.0	118.0	85.0	85.0	97.0	74.0	74.0	80.0	70.0	76.0	80.0	76.0	72.0	70.0	66.0	68.0	76.0	64.0	70.0	68.0	64.0	66.0	66.0	66.0	78.0	103.0	0.0	0.0	128.0	111.0	138.0	111.0	136.0	128.0	97.0	134.0	122.0	157.0	155.0	145.0	167.0	167.0	153.0	140.0	188.0	178.0	145.0	124.0	172.0	234.0	155.0	155.0	167.0	201.0	10.0	22.0	132.0	64.0	165.0	87.0	151.0	145.0	53.0	105.0	93.0	118.0	114.0	132.0	140.0	149.0	132.0	93.0	172.0	147.0	114.0	72.0	109.0	192.0	105.0	136.0	109.0	199.0	37.0	91.0	124.0	78.0	174.0	41.0	182.0	116.0	60.0	89.0	95.0	93.0	103.0	180.0	124.0	134.0	134.0	93.0	186.0	145.0	128.0	78.0	122.0	211.0	76.0	145.0	97.0	178.0	53.0	122.0	89.0	97.0	140.0	39.0	203.0	60.0	66.0	85.0	97.0	64.0	151.0	151.0	68.0	136.0	130.0	45.0	174.0	155.0	74.0	62.0	105.0	242.0	47.0	140.0	93.0	161.0	85.0	149.0	85.0	134.0	124.0	99.0	199.0	45.0	74.0	82.0	95.0	85.0	128.0	153.0	109.0	118.0	89.0	109.0	174.0	159.0	126.0	101.0	130.0	244.0	53.0	101.0	85.0	147.0	99.0	49.0	62.0	95.0	41.0	4.0	66.0	116.0	82.0	99.0	99.0	109.0	101.0	134.0	153.0	109.0	116.0	155.0	126.0	89.0	145.0	109.0	188.0	255.0	118.0	116.0	124.0	161.0	122.0	0.0	0.0	0.0	0.0	0.0	0.0	136.0	76.0	78.0	80.0	87.0	80.0	85.0	89.0	91.0	87.0	68.0	78.0	89.0	82.0	76.0	130.0	58.0	39.0	26.0	39.0	39.0	14.0	0.0	6.0	0.0	0.0	0.0	0.0	76.0	89.0	68.0	85.0	87.0	107.0	97.0	93.0	101.0	93.0	105.0	95.0	95.0	91.0	124.0	85.0	0.0	0.0	0.0	0.0	0.0	0.0	0.0	0.0	0.0	0.0	2.0	0.0	41.0	93.0	76.0	91.0	85.0	76.0	80.0	82.0	76.0	74.0	82.0	95.0	101.0	80.0	122.0	41.0	0.0	4.0	0.0	0.0	0.0	0.0	0.0	0.0	0.0	0.0	0.0	0.0	26.0	95.0	85.0	93.0	87.0	78.0	80.0	87.0	82.0	80.0	91.0	101.0	116.0	89.0	107.0	37.0	0.0	2.0	0.0	0.0	0.0	0.0	0.0	0.0	0.0	0.0	2.0	0.0	24.0	93.0	76.0	80.0	76.0	72.0	74.0	76.0	70.0	70.0	80.0	89.0	91.0	91.0	109.0	31.0	0.0	2.0	0.0	0.0	0.0	0.0	0.0	0.0	0.0	0.0	2.0	0.0	29.0	111.0	105.0	111.0	105.0	97.0	97.0	97.0	91.0	93.0	107.0	124.0	132.0	120.0	128.0	39.0	0.0	2.0	0.0	0.0	0.0	0.0	0.0	0.0	0.0	0.0	0.0	0.0	0.0	10.0	16.0	29.0	31.0	37.0	43.0	53.0	51.0	49.0	55.0	55.0	26.0	20.0	24.0	4.0	0.0	0.0	0.0	0.0	0.0	0.0	0.0	0.0	0.0	0.0	0.0	0.0	0.0	0.0	0.0	0.0	0.0	0.0	0.0	0.0	0.0	0.0	0.0	0.0	0.0	0.0	0.0	0.0	0.0	0.0	0.0	0.0	0.0	0.0	0.0	0.0	0.0	0.0	0.0	0.0	0.0	0.0	0.0	0.0	0.0	0.0	0.0	0.0	0.0	0.0	0.0	0.0	0.0	0.0	0.0	0.0	0.0	0.0	0.0	0.0	0.0	0.0	0.0	0.0	0.0	0.0	0.0	0.0	0.0	0.0	0.0	0.0	0.0	0.0	0.0	0.0	0.0	0.0	0.0	0.0	0.0	0.0	0.0	0.0	0.0	0.0	0.0	0.0	0.0	0.0	0.0	0.0	0.0	0.0	0.0	0.0	0.0	0.0	0.0	0.0	0.0	0.0	0.0	0.0	0.0	0.0	0.0	0.0	0.0	0.0	0.0	0.0	0.0	0.0	0.0	0.0	0.0	0.0	0.0	0.0	0.0	0.0	0.0	0.0	0.0	0.0	0.0	0.0	0.0	0.0	0.0	0.0	0.0	0.0	0.0	0.0	0.0	0.0	0.0	0.0	0.0	0.0	0.0	0.0	0.0	0.0	0.0	0.0	0.0	0.0	0.0	0.0	0.0	0.0	0.0	0.0	0.0	0.0	0.0	0.0	0.0	0.0	0.0	0.0	0.0	0.0	0.0	0.0	0.0	0.0	0.0	0.0	0.0	0.0	0.0	0.0	0.0	0.0	0.0	0.0	0.0	0.0	0.0	0.0	0.0	0.0	0.0	0.0	0.0	0.0	0.0	0.0	0.0	0.0	0.0	0.0	0.0	0.0	0.0	0.0	0.0	0.0
0.0	0.0	0.0	0.0	0.0	0.0	0.0	0.0	0.0	0.0	0.0	0.0	74.0	57.0	35.0	85.0	0.0	0.0	0.0	0.0	1.0	0.0	0.0	0.0	0.0	0.0	0.0	0.0	0.0	0.0	0.0	0.0	0.0	0.0	0.0	0.0	0.0	0.0	0.0	32.0	122.0	199.0	204.0	165.0	108.0	1.0	0.0	0.0	0.0	0.0	0.0	0.0	0.0	0.0	0.0	0.0	0.0	0.0	0.0	0.0	0.0	0.0	0.0	0.0	18.0	64.0	134.0	154.0	168.0	233.0	255.0	221.0	148.0	154.0	114.0	60.0	17.0	0.0	0.0	0.0	0.0	0.0	0.0	0.0	0.0	0.0	0.0	0.0	0.0	0.0	43.0	123.0	137.0	119.0	122.0	78.0	108.0	217.0	231.0	196.0	80.0	105.0	100.0	125.0	142.0	106.0	0.0	0.0	0.0	0.0	0.0	0.0	0.0	0.0	0.0	0.0	0.0	15.0	129.0	89.0	74.0	75.0	77.0	131.0	126.0	170.0	159.0	111.0	168.0	103.0	75.0	81.0	68.0	119.0	77.0	0.0	0.0	0.0	0.0	0.0	0.0	0.0	0.0	0.0	0.0	66.0	91.0	66.0	78.0	77.0	77.0	64.0	44.0	69.0	40.0	51.0	66.0	75.0	74.0	78.0	69.0	83.0	106.0	0.0	0.0	0.0	0.0	0.0	0.0	0.0	0.0	0.0	0.0	92.0	88.0	75.0	77.0	71.0	74.0	74.0	60.0	86.0	66.0	64.0	72.0	74.0	71.0	78.0	74.0	85.0	115.0	0.0	0.0	0.0	0.0	0.0	0.0	0.0	0.0	0.0	0.0	102.0	92.0	81.0	75.0	66.0	66.0	72.0	66.0	85.0	71.0	68.0	75.0	66.0	64.0	74.0	80.0	78.0	108.0	15.0	0.0	0.0	0.0	0.0	0.0	0.0	0.0	0.0	0.0	89.0	80.0	95.0	80.0	66.0	63.0	61.0	60.0	69.0	57.0	60.0	68.0	64.0	68.0	72.0	88.0	74.0	103.0	35.0	0.0	0.0	0.0	0.0	0.0	0.0	0.0	0.0	4.0	94.0	63.0	98.0	88.0	71.0	61.0	60.0	55.0	63.0	61.0	58.0	58.0	61.0	77.0	77.0	91.0	63.0	95.0	44.0	0.0	0.0	0.0	0.0	0.0	0.0	0.0	0.0	24.0	98.0	52.0	91.0	92.0	80.0	63.0	60.0	54.0	66.0	68.0	60.0	55.0	61.0	80.0	77.0	98.0	60.0	86.0	52.0	0.0	0.0	0.0	0.0	0.0	0.0	0.0	0.0	34.0	98.0	49.0	92.0	98.0	78.0	66.0	61.0	55.0	60.0	54.0	57.0	60.0	66.0	75.0	75.0	112.0	57.0	83.0	63.0	0.0	0.0	0.0	0.0	0.0	0.0	0.0	0.0	46.0	97.0	44.0	103.0	117.0	74.0	72.0	63.0	58.0	66.0	63.0	57.0	60.0	69.0	72.0	81.0	115.0	49.0	81.0	64.0	0.0	0.0	0.0	0.0	0.0	0.0	0.0	0.0	47.0	95.0	52.0	100.0	106.0	81.0	72.0	63.0	60.0	66.0	63.0	57.0	61.0	71.0	80.0	81.0	83.0	63.0	75.0	71.0	0.0	0.0	0.0	0.0	0.0	0.0	0.0	0.0	49.0	94.0	55.0	103.0	61.0	94.0	72.0	64.0	61.0	66.0	58.0	58.0	61.0	71.0	85.0	71.0	64.0	77.0	68.0	80.0	0.0	0.0	0.0	0.0	0.0	0.0	0.0	0.0	54.0	91.0	57.0	105.0	27.0	98.0	72.0	66.0	61.0	66.0	60.0	60.0	61.0	69.0	89.0	61.0	52.0	88.0	68.0	85.0	0.0	0.0	0.0	0.0	0.0	0.0	0.0	0.0	57.0	85.0	64.0	98.0	7.0	105.0	72.0	68.0	60.0	69.0	68.0	63.0	60.0	68.0	97.0	52.0	30.0	80.0	63.0	94.0	0.0	0.0	0.0	0.0	0.0	0.0	0.0	0.0	55.0	81.0	72.0	88.0	0.0	112.0	69.0	66.0	63.0	66.0	57.0	61.0	68.0	68.0	100.0	49.0	29.0	92.0	52.0	100.0	0.0	0.0	0.0	0.0	0.0	0.0	0.0	0.0	60.0	77.0	81.0	74.0	1.0	114.0	66.0	66.0	63.0	71.0	61.0	60.0	63.0	63.0	92.0	61.0	9.0	109.0	51.0	100.0	0.0	0.0	0.0	0.0	0.0	0.0	0.0	0.0	63.0	75.0	91.0	51.0	6.0	120.0	68.0	68.0	63.0	72.0	69.0	63.0	63.0	68.0	86.0	81.0	0.0	105.0	52.0	103.0	0.0	0.0	0.0	0.0	0.0	0.0	0.0	0.0	63.0	74.0	105.0	34.0	24.0	119.0	66.0	66.0	64.0	69.0	58.0	61.0	64.0	69.0	83.0	94.0	0.0	92.0	61.0	105.0	0.0	0.0	0.0	0.0	0.0	0.0	0.0	0.0	66.0	72.0	106.0	7.0	41.0	114.0	63.0	64.0	64.0	72.0	61.0	63.0	66.0	68.0	81.0	108.0	0.0	71.0	71.0	95.0	0.0	0.0	0.0	0.0	0.0	0.0	0.0	0.0	64.0	74.0	103.0	0.0	58.0	109.0	64.0	68.0	66.0	77.0	69.0	66.0	66.0	69.0	81.0	115.0	0.0	41.0	78.0	100.0	0.0	0.0	0.0	0.0	0.0	0.0	0.0	0.0	63.0	80.0	106.0	0.0	74.0	109.0	63.0	69.0	68.0	74.0	66.0	66.0	66.0	72.0	81.0	119.0	0.0	35.0	85.0	94.0	0.0	0.0	0.0	0.0	0.0	0.0	0.0	0.0	71.0	86.0	92.0	0.0	74.0	111.0	61.0	69.0	66.0	71.0	61.0	63.0	64.0	69.0	80.0	120.0	0.0	27.0	91.0	92.0	0.0	0.0	0.0	0.0	0.0	0.0	0.0	0.0	78.0	91.0	86.0	0.0	78.0	115.0	63.0	72.0	69.0	78.0	72.0	66.0	66.0	72.0	80.0	129.0	0.0	37.0	91.0	103.0	0.0	0.0	0.0	0.0	0.0	0.0	0.0	0.0	92.0	117.0	88.0	0.0	52.0	129.0	69.0	74.0	71.0	81.0	83.0	72.0	69.0	75.0	111.0	100.0	0.0	47.0	109.0	126.0	0.0	0.0	0.0	0.0	0.0	0.0	0.0	0.0	0.0	15.0	13.0	0.0	0.0	60.0	72.0	68.0	68.0	78.0	80.0	69.0	64.0	71.0	72.0	0.0	0.0	0.0	26.0	21.0	0.0	0.0	0.0	0.0
0.0	0.0	0.0	0.0	0.0	0.0	0.0	2.0	0.0	0.0	0.0	0.0	0.0	2.0	3.0	3.0	0.0	0.0	0.0	0.0	0.0	0.0	1.0	0.0	0.0	0.0	0.0	0.0	0.0	0.0	0.0	0.0	0.0	1.0	0.0	0.0	11.0	112.0	100.0	0.0	0.0	0.0	0.0	0.0	0.0	0.0	76.0	87.0	13.0	0.0	0.0	0.0	0.0	0.0	0.0	0.0	0.0	0.0	0.0	0.0	1.0	0.0	0.0	70.0	113.0	158.0	160.0	179.0	123.0	61.0	87.0	98.0	62.0	184.0	205.0	209.0	134.0	99.0	0.0	0.0	0.0	0.0	0.0	0.0	0.0	0.0	1.0	0.0	4.0	0.0	25.0	168.0	133.0	29.0	14.0	152.0	182.0	174.0	198.0	209.0	188.0	201.0	171.0	140.0	67.0	166.0	24.0	0.0	3.0	0.0	0.0	0.0	0.0	0.0	1.0	1.0	3.0	0.0	37.0	123.0	142.0	173.0	248.0	214.0	183.0	181.0	154.0	115.0	206.0	200.0	74.0	89.0	157.0	208.0	64.0	0.0	2.0	0.0	0.0	0.0	0.0	0.0	0.0	3.0	0.0	33.0	29.0	144.0	201.0	173.0	168.0	108.0	222.0	250.0	101.0	97.0	255.0	130.0	4.0	0.0	81.0	195.0	86.0	0.0	0.0	0.0	0.0	0.0	0.0	0.0	0.0	2.0	0.0	153.0	207.0	0.0	156.0	185.0	216.0	19.0	200.0	148.0	2.0	109.0	153.0	180.0	108.0	83.0	187.0	169.0	144.0	0.0	0.0	1.0	0.0	0.0	0.0	0.0	0.0	0.0	0.0	131.0	179.0	54.0	66.0	35.0	136.0	194.0	159.0	69.0	152.0	225.0	168.0	98.0	95.0	206.0	224.0	148.0	117.0	43.0	0.0	0.0	0.0	0.0	0.0	0.0	2.0	0.0	6.0	166.0	146.0	220.0	216.0	23.0	166.0	144.0	148.0	137.0	182.0	159.0	79.0	122.0	176.0	141.0	112.0	160.0	123.0	89.0	0.0	2.0	0.0	0.0	0.0	0.0	2.0	0.0	25.0	178.0	32.0	174.0	228.0	179.0	170.0	155.0	93.0	110.0	253.0	122.0	38.0	217.0	173.0	40.0	161.0	92.0	123.0	78.0	0.0	0.0	0.0	0.0	0.0	0.0	3.0	0.0	51.0	159.0	0.0	88.0	213.0	91.0	143.0	181.0	130.0	171.0	108.0	58.0	105.0	140.0	176.0	13.0	191.0	1.0	81.0	110.0	0.0	0.0	0.0	0.0	0.0	0.0	0.0	0.0	50.0	155.0	19.0	71.0	238.0	170.0	192.0	159.0	103.0	196.0	6.0	22.0	108.0	46.0	166.0	0.0	196.0	152.0	150.0	154.0	0.0	0.0	0.0	0.0	0.0	0.0	4.0	0.0	80.0	135.0	160.0	181.0	72.0	122.0	174.0	171.0	91.0	134.0	46.0	10.0	70.0	117.0	155.0	0.0	130.0	220.0	197.0	142.0	0.0	0.0	0.0	0.0	0.0	0.0	0.0	0.0	173.0	206.0	63.0	204.0	74.0	94.0	92.0	201.0	201.0	170.0	163.0	187.0	135.0	140.0	175.0	148.0	34.0	180.0	203.0	162.0	1.0	0.0	0.0	0.0	0.0	0.0	0.0	0.0	38.0	188.0	72.0	28.0	228.0	213.0	70.0	98.0	104.0	173.0	152.0	218.0	146.0	104.0	123.0	206.0	108.0	210.0	181.0	168.0	17.0	0.0	0.0	0.0	0.0	0.0	0.0	0.0	37.0	149.0	117.0	122.0	175.0	199.0	0.0	57.0	0.0	91.0	134.0	180.0	193.0	144.0	179.0	168.0	182.0	175.0	164.0	173.0	38.0	0.0	0.0	0.0	0.0	0.0	0.0	0.0	181.0	234.0	80.0	106.0	252.0	162.0	75.0	202.0	62.0	91.0	214.0	161.0	179.0	80.0	149.0	159.0	65.0	204.0	194.0	161.0	50.0	0.0	0.0	0.0	0.0	0.0	0.0	0.0	147.0	208.0	87.0	112.0	139.0	55.0	55.0	98.0	23.0	0.0	168.0	138.0	105.0	124.0	147.0	124.0	0.0	105.0	200.0	177.0	115.0	0.0	0.0	0.0	0.0	0.0	0.0	61.0	194.0	148.0	175.0	148.0	0.0	8.0	38.0	57.0	23.0	45.0	208.0	158.0	203.0	127.0	121.0	107.0	0.0	206.0	194.0	159.0	146.0	0.0	0.0	0.0	0.0	0.0	0.0	177.0	232.0	158.0	140.0	184.0	56.0	145.0	106.0	0.0	30.0	2.0	149.0	191.0	157.0	105.0	124.0	135.0	161.0	246.0	179.0	154.0	150.0	0.0	0.0	0.0	0.0	0.0	0.0	122.0	43.0	205.0	151.0	110.0	23.0	170.0	87.0	0.0	183.0	184.0	123.0	192.0	172.0	142.0	201.0	175.0	57.0	218.0	183.0	196.0	183.0	0.0	0.0	0.0	0.0	0.0	0.0	17.0	14.0	39.0	129.0	144.0	16.0	91.0	22.0	152.0	174.0	213.0	179.0	158.0	95.0	119.0	202.0	232.0	0.0	75.0	189.0	214.0	80.0	0.0	0.0	0.0	0.0	0.0	0.0	112.0	163.0	123.0	35.0	164.0	167.0	23.0	0.0	181.0	111.0	159.0	159.0	128.0	138.0	106.0	171.0	46.0	96.0	126.0	153.0	211.0	100.0	21.0	0.0	0.0	0.0	0.0	3.0	141.0	134.0	149.0	0.0	175.0	149.0	76.0	153.0	188.0	171.0	90.0	172.0	142.0	168.0	223.0	122.0	199.0	62.0	23.0	154.0	192.0	202.0	104.0	0.0	0.0	0.0	0.0	0.0	0.0	7.0	13.0	0.0	143.0	199.0	125.0	241.0	153.0	160.0	121.0	115.0	156.0	248.0	150.0	6.0	191.0	110.0	80.0	15.0	24.0	0.0	0.0	0.0	0.0	0.0	0.0	0.0	0.0	0.0	0.0	0.0	176.0	236.0	171.0	151.0	190.0	217.0	202.0	117.0	139.0	236.0	28.0	18.0	122.0	149.0	163.0	0.0	0.0	0.0	0.0	0.0	0.0	0.0	0.0	0.0	1.0	3.0	0.0	0.0	217.0	109.0	178.0	208.0	4.0	221.0	186.0	10.0	133.0	255.0	115.0	44.0	212.0	141.0	176.0	0.0	1.0	2.0	1.0	0.0	0.0	0.0	0.0	0.0	0.0	0.0	0.0	0.0	0.0	0.0	47.0	107.0	47.0	133.0	56.0	41.0	71.0	52.0	99.0	68.0	67.0	13.0	0.0	0.0	0.0	0.0	0.0	0.0	0.0
0.0	0.0	0.0	0.0	0.0	0.0	0.0	0.0	0.0	32.0	177.0	142.0	163.0	209.0	210.0	205.0	210.0	143.0	53.0	0.0	0.0	0.0	0.0	0.0	0.0	0.0	0.0	0.0	0.0	0.0	0.0	0.0	0.0	0.0	0.0	3.0	0.0	153.0	255.0	226.0	246.0	242.0	238.0	230.0	224.0	229.0	255.0	32.0	0.0	5.0	0.0	0.0	0.0	0.0	0.0	0.0	0.0	0.0	0.0	0.0	0.0	0.0	0.0	0.0	0.0	231.0	208.0	207.0	208.0	89.0	92.0	139.0	242.0	204.0	222.0	0.0	0.0	0.0	0.0	0.0	0.0	0.0	0.0	0.0	0.0	0.0	0.0	0.0	0.0	0.0	0.0	0.0	119.0	253.0	216.0	213.0	234.0	134.0	5.0	195.0	255.0	160.0	186.0	176.0	59.0	0.0	0.0	0.0	0.0	0.0	0.0	0.0	0.0	0.0	0.0	0.0	0.0	0.0	126.0	229.0	218.0	188.0	219.0	212.0	229.0	225.0	176.0	219.0	198.0	212.0	203.0	206.0	191.0	222.0	39.0	0.0	0.0	0.0	0.0	0.0	0.0	0.0	0.0	2.0	0.0	33.0	217.0	192.0	187.0	184.0	193.0	195.0	192.0	219.0	234.0	193.0	203.0	200.0	174.0	182.0	177.0	195.0	178.0	0.0	0.0	0.0	0.0	0.0	0.0	0.0	0.0	3.0	0.0	135.0	217.0	194.0	202.0	213.0	215.0	218.0	222.0	245.0	218.0	232.0	233.0	223.0	228.0	230.0	215.0	190.0	195.0	26.0	0.0	1.0	0.0	0.0	0.0	0.0	0.0	0.0	0.0	167.0	223.0	176.0	185.0	172.0	150.0	162.0	137.0	175.0	122.0	123.0	113.0	123.0	79.0	87.0	99.0	129.0	209.0	72.0	0.0	1.0	0.0	0.0	0.0	0.0	0.0	0.0	0.0	196.0	219.0	78.0	18.0	50.0	36.0	49.0	32.0	80.0	28.0	23.0	128.0	141.0	104.0	109.0	70.0	42.0	213.0	108.0	0.0	1.0	0.0	0.0	0.0	0.0	0.0	0.0	21.0	210.0	221.0	167.0	28.0	89.0	84.0	78.0	77.0	103.0	66.0	53.0	225.0	249.0	239.0	250.0	216.0	133.0	208.0	145.0	0.0	0.0	0.0	0.0	0.0	0.0	0.0	0.0	48.0	212.0	216.0	194.0	30.0	71.0	88.0	73.0	71.0	95.0	65.0	58.0	68.0	83.0	72.0	86.0	48.0	172.0	200.0	172.0	0.0	0.0	0.0	0.0	0.0	0.0	0.0	0.0	68.0	218.0	213.0	219.0	56.0	60.0	87.0	80.0	70.0	83.0	62.0	72.0	63.0	51.0	39.0	23.0	27.0	219.0	197.0	168.0	0.0	0.0	0.0	0.0	0.0	0.0	0.0	0.0	98.0	220.0	209.0	221.0	90.0	52.0	73.0	79.0	73.0	87.0	67.0	69.0	66.0	0.0	38.0	53.0	59.0	205.0	196.0	181.0	0.0	0.0	0.0	0.0	0.0	0.0	0.0	0.0	120.0	221.0	209.0	235.0	114.0	54.0	75.0	75.0	72.0	92.0	60.0	63.0	67.0	64.0	63.0	36.0	70.0	213.0	192.0	191.0	16.0	0.0	0.0	0.0	0.0	0.0	0.0	0.0	147.0	217.0	211.0	240.0	154.0	53.0	78.0	68.0	74.0	93.0	61.0	62.0	57.0	78.0	65.0	44.0	49.0	210.0	193.0	199.0	51.0	0.0	0.0	0.0	0.0	0.0	0.0	0.0	166.0	214.0	210.0	246.0	156.0	64.0	89.0	78.0	77.0	86.0	71.0	67.0	59.0	73.0	68.0	51.0	36.0	220.0	196.0	209.0	80.0	0.0	0.0	0.0	0.0	0.0	0.0	0.0	191.0	209.0	210.0	253.0	78.0	72.0	63.0	57.0	55.0	72.0	70.0	71.0	50.0	40.0	36.0	21.0	3.0	167.0	205.0	208.0	111.0	0.0	0.0	0.0	0.0	0.0	0.0	0.0	208.0	209.0	211.0	244.0	140.0	135.0	127.0	119.0	108.0	63.0	70.0	60.0	72.0	86.0	104.0	123.0	140.0	197.0	205.0	202.0	149.0	0.0	0.0	0.0	0.0	0.0	0.0	0.0	220.0	209.0	208.0	251.0	241.0	237.0	211.0	216.0	188.0	61.0	84.0	35.0	170.0	202.0	190.0	194.0	222.0	215.0	209.0	197.0	186.0	0.0	0.0	0.0	0.0	0.0	0.0	0.0	231.0	206.0	211.0	229.0	191.0	219.0	211.0	206.0	186.0	68.0	78.0	46.0	132.0	184.0	170.0	173.0	116.0	133.0	213.0	192.0	218.0	0.0	0.0	0.0	0.0	0.0	0.0	0.0	243.0	202.0	220.0	212.0	73.0	90.0	72.0	87.0	101.0	94.0	68.0	56.0	90.0	88.0	37.0	30.0	6.0	95.0	219.0	190.0	230.0	5.0	0.0	0.0	0.0	0.0	0.0	16.0	245.0	202.0	218.0	224.0	106.0	98.0	82.0	71.0	108.0	118.0	68.0	59.0	113.0	55.0	53.0	60.0	35.0	110.0	216.0	190.0	232.0	35.0	0.0	0.0	0.0	0.0	0.0	41.0	249.0	201.0	215.0	219.0	109.0	110.0	91.0	85.0	119.0	122.0	66.0	58.0	128.0	70.0	67.0	69.0	31.0	93.0	215.0	192.0	232.0	54.0	0.0	0.0	0.0	0.0	0.0	72.0	251.0	201.0	219.0	213.0	102.0	121.0	92.0	85.0	122.0	116.0	69.0	58.0	137.0	67.0	70.0	69.0	44.0	86.0	211.0	193.0	228.0	79.0	0.0	0.0	0.0	0.0	0.0	92.0	219.0	202.0	213.0	201.0	109.0	120.0	102.0	82.0	137.0	120.0	86.0	61.0	141.0	60.0	75.0	75.0	62.0	67.0	207.0	197.0	199.0	97.0	0.0	0.0	0.0	0.0	0.0	152.0	230.0	200.0	230.0	219.0	134.0	122.0	114.0	106.0	121.0	109.0	87.0	73.0	113.0	71.0	75.0	78.0	62.0	116.0	222.0	195.0	205.0	132.0	0.0	0.0	0.0	0.0	0.0	91.0	189.0	182.0	163.0	118.0	140.0	144.0	123.0	110.0	90.0	122.0	68.0	77.0	71.0	76.0	79.0	96.0	88.0	110.0	207.0	158.0	173.0	69.0	0.0	0.0	0.0	0.0	0.0	0.0	0.0	0.0	0.0	0.0	24.0	62.0	84.0	91.0	97.0	124.0	78.0	87.0	87.0	81.0	63.0	50.0	14.0	0.0	0.0	0.0	0.0	0.0	0.0	0.0
0.0	0.0	0.0	0.0	0.0	0.0	0.0	0.0	0.0	0.0	16.0	56.0	0.0	0.0	0.0	0.0	0.0	55.0	14.0	0.0	0.0	0.0	0.0	0.0	0.0	0.0	0.0	0.0	0.0	0.0	0.0	0.0	0.0	0.0	0.0	0.0	0.0	0.0	189.0	226.0	198.0	164.0	138.0	153.0	184.0	234.0	195.0	0.0	0.0	0.0	0.0	0.0	0.0	0.0	0.0	0.0	0.0	0.0	0.0	0.0	0.0	0.0	0.0	0.0	0.0	8.0	216.0	89.0	218.0	233.0	220.0	230.0	224.0	134.0	210.0	0.0	0.0	0.0	0.0	0.0	0.0	0.0	0.0	0.0	0.0	0.0	0.0	0.0	0.0	0.0	0.0	0.0	0.0	33.0	246.0	0.0	125.0	215.0	55.0	186.0	160.0	97.0	234.0	5.0	0.0	0.0	0.0	0.0	0.0	0.0	0.0	0.0	0.0	0.0	0.0	0.0	0.0	0.0	0.0	0.0	0.0	64.0	245.0	140.0	22.0	252.0	167.0	238.0	100.0	178.0	234.0	32.0	0.0	0.0	0.0	0.0	0.0	0.0	0.0	0.0	0.0	0.0	0.0	0.0	0.0	0.0	0.0	0.0	0.0	118.0	232.0	214.0	189.0	244.0	247.0	239.0	223.0	207.0	222.0	78.0	0.0	0.0	0.0	0.0	0.0	0.0	0.0	0.0	0.0	0.0	0.0	0.0	0.0	0.0	0.0	0.0	0.0	181.0	229.0	210.0	220.0	206.0	206.0	204.0	228.0	160.0	199.0	165.0	0.0	0.0	0.0	0.0	0.0	0.0	0.0	0.0	0.0	0.0	0.0	0.0	0.0	0.0	0.0	0.0	0.0	195.0	226.0	213.0	199.0	187.0	195.0	219.0	221.0	215.0	219.0	189.0	0.0	0.0	0.0	0.0	0.0	0.0	0.0	0.0	0.0	0.0	0.0	0.0	0.0	0.0	0.0	0.0	0.0	195.0	233.0	211.0	211.0	209.0	191.0	206.0	205.0	200.0	220.0	158.0	0.0	0.0	0.0	0.0	0.0	0.0	0.0	0.0	0.0	0.0	0.0	0.0	0.0	0.0	0.0	0.0	0.0	180.0	231.0	196.0	180.0	164.0	169.0	162.0	165.0	181.0	220.0	132.0	0.0	0.0	0.0	0.0	0.0	0.0	0.0	0.0	0.0	0.0	0.0	0.0	0.0	0.0	0.0	0.0	0.0	193.0	224.0	179.0	182.0	179.0	175.0	172.0	163.0	170.0	220.0	92.0	0.0	0.0	0.0	0.0	0.0	0.0	0.0	0.0	0.0	0.0	0.0	0.0	0.0	0.0	0.0	0.0	0.0	173.0	222.0	153.0	178.0	183.0	167.0	173.0	172.0	164.0	219.0	90.0	0.0	0.0	0.0	0.0	0.0	0.0	0.0	0.0	0.0	0.0	0.0	0.0	0.0	0.0	0.0	0.0	0.0	170.0	226.0	154.0	171.0	179.0	167.0	172.0	171.0	164.0	216.0	113.0	0.0	0.0	0.0	0.0	0.0	0.0	0.0	0.0	0.0	0.0	0.0	0.0	0.0	0.0	0.0	0.0	0.0	175.0	233.0	155.0	176.0	183.0	166.0	175.0	161.0	174.0	223.0	136.0	0.0	0.0	0.0	0.0	0.0	0.0	0.0	0.0	0.0	0.0	0.0	0.0	0.0	0.0	0.0	0.0	0.0	193.0	241.0	193.0	153.0	179.0	175.0	169.0	161.0	196.0	221.0	165.0	0.0	0.0	0.0	0.0	0.0	0.0	0.0	0.0	0.0	0.0	0.0	0.0	0.0	0.0	0.0	0.0	0.0	234.0	230.0	224.0	198.0	168.0	166.0	176.0	199.0	212.0	216.0	186.0	0.0	0.0	0.0	0.0	0.0	0.0	0.0	0.0	0.0	0.0	0.0	0.0	0.0	0.0	0.0	0.0	0.0	224.0	226.0	222.0	231.0	226.0	216.0	220.0	222.0	210.0	214.0	218.0	0.0	0.0	0.0	0.0	0.0	0.0	0.0	0.0	0.0	0.0	0.0	0.0	0.0	0.0	0.0	0.0	34.0	236.0	222.0	221.0	218.0	219.0	222.0	215.0	211.0	213.0	210.0	239.0	1.0	0.0	0.0	0.0	0.0	0.0	0.0	0.0	0.0	0.0	0.0	0.0	0.0	0.0	0.0	0.0	80.0	238.0	221.0	222.0	221.0	219.0	214.0	214.0	215.0	212.0	210.0	242.0	48.0	0.0	0.0	0.0	0.0	0.0	0.0	0.0	0.0	0.0	0.0	0.0	0.0	0.0	0.0	0.0	110.0	254.0	222.0	225.0	223.0	221.0	218.0	217.0	215.0	215.0	211.0	243.0	83.0	0.0	0.0	0.0	0.0	0.0	0.0	0.0	0.0	0.0	0.0	0.0	0.0	0.0	0.0	0.0	127.0	253.0	220.0	225.0	223.0	221.0	218.0	217.0	216.0	215.0	208.0	242.0	100.0	0.0	0.0	0.0	0.0	0.0	0.0	0.0	0.0	0.0	0.0	0.0	0.0	0.0	0.0	0.0	153.0	251.0	221.0	225.0	223.0	223.0	219.0	218.0	217.0	217.0	208.0	241.0	119.0	0.0	0.0	0.0	0.0	0.0	0.0	0.0	0.0	0.0	0.0	0.0	0.0	0.0	0.0	0.0	165.0	249.0	222.0	225.0	223.0	224.0	222.0	222.0	217.0	220.0	210.0	236.0	134.0	0.0	0.0	0.0	0.0	0.0	0.0	0.0	0.0	0.0	0.0	0.0	0.0	0.0	0.0	0.0	168.0	250.0	221.0	227.0	223.0	224.0	221.0	222.0	219.0	219.0	210.0	238.0	140.0	0.0	0.0	0.0	0.0	0.0	0.0	0.0	0.0	0.0	0.0	0.0	0.0	0.0	0.0	0.0	169.0	237.0	220.0	230.0	226.0	225.0	220.0	224.0	223.0	219.0	214.0	222.0	138.0	0.0	0.0	0.0	0.0	0.0	0.0	0.0	0.0	0.0	0.0	0.0	0.0	0.0	0.0	0.0	170.0	238.0	221.0	225.0	222.0	224.0	218.0	219.0	223.0	218.0	212.0	221.0	152.0	0.0	0.0	0.0	0.0	0.0	0.0	0.0	0.0	0.0	0.0	0.0	0.0	0.0	0.0	0.0	124.0	255.0	233.0	247.0	247.0	246.0	248.0	245.0	247.0	230.0	227.0	255.0	95.0	0.0	0.0	0.0	0.0	0.0	0.0	0.0	0.0	0.0	0.0	0.0	0.0	0.0	0.0	0.0	0.0	128.0	166.0	172.0	172.0	167.0	167.0	161.0	167.0	177.0	168.0	73.0	0.0	0.0	0.0	0.0	0.0	0.0	0.0	0.0
0.0	0.0	0.0	0.0	0.0	0.0	0.0	0.0	0.0	0.0	0.0	71.0	0.0	0.0	0.0	0.0	54.0	17.0	0.0	0.0	0.0	1.0	1.0	0.0	0.0	0.0	0.0	0.0	0.0	0.0	0.0	0.0	1.0	0.0	0.0	0.0	5.0	66.0	80.0	167.0	207.0	171.0	164.0	224.0	255.0	112.0	75.0	25.0	0.0	0.0	0.0	0.0	0.0	0.0	0.0	0.0	0.0	0.0	0.0	0.0	0.0	0.0	5.0	59.0	100.0	102.0	90.0	59.0	121.0	195.0	219.0	195.0	99.0	54.0	106.0	116.0	87.0	37.0	0.0	0.0	0.0	0.0	0.0	0.0	0.0	0.0	0.0	0.0	0.0	47.0	100.0	107.0	82.0	78.0	83.0	87.0	61.0	53.0	49.0	44.0	59.0	83.0	75.0	78.0	97.0	112.0	75.0	5.0	0.0	1.0	0.0	0.0	0.0	0.0	0.0	0.0	30.0	112.0	80.0	73.0	75.0	80.0	83.0	78.0	85.0	85.0	78.0	80.0	78.0	77.0	78.0	78.0	77.0	68.0	109.0	56.0	0.0	0.0	0.0	0.0	0.0	0.0	0.0	0.0	92.0	95.0	97.0	71.0	82.0	83.0	82.0	77.0	59.0	59.0	68.0	58.0	54.0	59.0	71.0	73.0	73.0	78.0	88.0	87.0	0.0	0.0	0.0	0.0	0.0	0.0	0.0	35.0	104.0	100.0	136.0	68.0	85.0	80.0	73.0	118.0	154.0	172.0	160.0	166.0	195.0	85.0	59.0	73.0	70.0	87.0	90.0	92.0	37.0	0.0	0.0	0.0	0.0	0.0	0.0	85.0	90.0	100.0	159.0	59.0	82.0	83.0	71.0	87.0	80.0	78.0	68.0	71.0	97.0	61.0	63.0	75.0	65.0	99.0	106.0	77.0	83.0	0.0	0.0	0.0	0.0	0.0	18.0	102.0	85.0	87.0	174.0	66.0	88.0	87.0	75.0	70.0	70.0	70.0	70.0	70.0	68.0	65.0	66.0	71.0	54.0	123.0	111.0	59.0	102.0	27.0	0.0	0.0	0.0	0.0	75.0	94.0	88.0	85.0	174.0	77.0	85.0	90.0	80.0	80.0	83.0	82.0	71.0	78.0	82.0	73.0	75.0	70.0	58.0	157.0	102.0	65.0	88.0	77.0	0.0	0.0	0.0	0.0	95.0	95.0	88.0	77.0	179.0	87.0	80.0	94.0	82.0	77.0	78.0	80.0	70.0	77.0	83.0	80.0	87.0	70.0	73.0	174.0	88.0	78.0	83.0	90.0	0.0	0.0	0.0	0.0	1.0	56.0	106.0	94.0	162.0	97.0	78.0	94.0	80.0	75.0	77.0	80.0	71.0	77.0	87.0	77.0	87.0	65.0	90.0	155.0	121.0	94.0	51.0	3.0	0.0	0.0	0.0	0.0	0.0	0.0	11.0	37.0	183.0	124.0	70.0	99.0	82.0	77.0	80.0	80.0	68.0	73.0	83.0	80.0	88.0	54.0	177.0	186.0	66.0	3.0	0.0	0.0	0.0	0.0	0.0	0.0	1.0	0.0	0.0	0.0	0.0	77.0	97.0	95.0	80.0	75.0	82.0	82.0	68.0	71.0	87.0	78.0	77.0	71.0	94.0	10.0	0.0	0.0	0.0	0.0	0.0	0.0	0.0	0.0	1.0	1.0	0.0	3.0	0.0	90.0	99.0	90.0	78.0	77.0	83.0	83.0	66.0	68.0	88.0	83.0	63.0	85.0	71.0	0.0	0.0	0.0	0.0	0.0	0.0	0.0	0.0	0.0	1.0	1.0	3.0	0.0	0.0	80.0	102.0	85.0	80.0	77.0	85.0	85.0	66.0	66.0	88.0	88.0	66.0	75.0	80.0	5.0	0.0	0.0	0.0	0.0	0.0	0.0	0.0	0.0	0.0	0.0	3.0	1.0	0.0	77.0	107.0	88.0	80.0	78.0	83.0	83.0	66.0	65.0	85.0	90.0	61.0	73.0	77.0	0.0	0.0	0.0	0.0	0.0	0.0	0.0	0.0	0.0	0.0	3.0	0.0	0.0	0.0	83.0	104.0	83.0	80.0	80.0	83.0	85.0	68.0	65.0	83.0	87.0	66.0	75.0	75.0	0.0	0.0	0.0	0.0	0.0	0.0	0.0	0.0	0.0	0.0	1.0	1.0	1.0	0.0	85.0	106.0	78.0	80.0	82.0	85.0	85.0	70.0	65.0	80.0	88.0	71.0	71.0	77.0	0.0	0.0	0.0	0.0	0.0	0.0	0.0	0.0	0.0	0.0	0.0	0.0	0.0	0.0	87.0	106.0	77.0	80.0	85.0	83.0	87.0	68.0	65.0	80.0	88.0	73.0	66.0	80.0	0.0	0.0	1.0	0.0	0.0	0.0	0.0	0.0	0.0	0.0	0.0	0.0	1.0	0.0	87.0	106.0	71.0	80.0	87.0	92.0	88.0	73.0	66.0	77.0	87.0	78.0	71.0	73.0	0.0	0.0	0.0	0.0	0.0	0.0	0.0	0.0	0.0	0.0	0.0	0.0	0.0	0.0	82.0	100.0	77.0	85.0	88.0	97.0	90.0	73.0	66.0	77.0	85.0	80.0	78.0	71.0	0.0	0.0	1.0	0.0	0.0	0.0	0.0	0.0	0.0	1.0	0.0	1.0	0.0	0.0	75.0	99.0	82.0	88.0	90.0	95.0	90.0	77.0	68.0	78.0	87.0	85.0	82.0	77.0	0.0	0.0	1.0	1.0	0.0	0.0	0.0	0.0	0.0	1.0	0.0	1.0	0.0	0.0	71.0	100.0	82.0	87.0	90.0	90.0	90.0	77.0	68.0	78.0	88.0	88.0	80.0	80.0	0.0	0.0	0.0	0.0	0.0	0.0	0.0	0.0	0.0	0.0	0.0	0.0	1.0	0.0	73.0	104.0	88.0	83.0	83.0	95.0	100.0	82.0	68.0	77.0	85.0	87.0	92.0	83.0	0.0	0.0	0.0	0.0	0.0	0.0	0.0	0.0	0.0	0.0	0.0	0.0	1.0	0.0	83.0	109.0	78.0	85.0	88.0	90.0	94.0	77.0	70.0	83.0	75.0	92.0	106.0	85.0	0.0	0.0	0.0	0.0	0.0	0.0	0.0	0.0	0.0	1.0	0.0	0.0	0.0	0.0	90.0	138.0	106.0	104.0	102.0	111.0	109.0	94.0	85.0	92.0	100.0	100.0	119.0	92.0	0.0	0.0	0.0	0.0	0.0	0.0	0.0	0.0	0.0	0.0	0.0	0.0	3.0	0.0	15.0	63.0	71.0	65.0	71.0	95.0	88.0	71.0	68.0	73.0	66.0	59.0	73.0	32.0	0.0	0.0	0.0	0.0	0.0	0.0	0.0
0.0	0.0	0.0	0.0	0.0	0.0	0.0	0.0	0.0	0.0	0.0	0.0	0.0	81.0	113.0	103.0	112.0	22.0	0.0	1.0	0.0	0.0	0.0	0.0	3.0	0.0	0.0	0.0	0.0	0.0	0.0	0.0	0.0	0.0	0.0	0.0	0.0	4.0	0.0	91.0	231.0	231.0	203.0	180.0	221.0	198.0	0.0	0.0	1.0	2.0	0.0	1.0	4.0	0.0	0.0	0.0	0.0	0.0	0.0	0.0	0.0	0.0	0.0	1.0	0.0	0.0	0.0	109.0	241.0	210.0	196.0	214.0	232.0	221.0	20.0	0.0	0.0	0.0	1.0	1.0	0.0	0.0	0.0	0.0	0.0	0.0	0.0	0.0	0.0	0.0	0.0	0.0	0.0	46.0	135.0	168.0	203.0	215.0	225.0	222.0	201.0	194.0	220.0	185.0	115.0	0.0	0.0	2.0	0.0	0.0	0.0	0.0	0.0	0.0	0.0	0.0	0.0	2.0	0.0	0.0	157.0	197.0	200.0	179.0	179.0	213.0	200.0	166.0	173.0	189.0	188.0	197.0	211.0	195.0	1.0	0.0	3.0	0.0	0.0	0.0	0.0	0.0	0.0	0.0	0.0	5.0	0.0	115.0	210.0	175.0	182.0	174.0	147.0	166.0	176.0	179.0	190.0	193.0	184.0	191.0	183.0	234.0	128.0	0.0	3.0	0.0	0.0	0.0	0.0	0.0	0.0	0.0	1.0	0.0	0.0	176.0	193.0	178.0	185.0	171.0	177.0	182.0	180.0	184.0	198.0	184.0	186.0	220.0	190.0	217.0	183.0	0.0	0.0	0.0	0.0	0.0	0.0	0.0	0.0	0.0	3.0	0.0	3.0	173.0	186.0	180.0	182.0	166.0	169.0	182.0	174.0	191.0	195.0	183.0	192.0	225.0	193.0	203.0	214.0	0.0	0.0	2.0	0.0	0.0	0.0	0.0	0.0	2.0	4.0	0.0	55.0	188.0	181.0	184.0	178.0	169.0	169.0	174.0	178.0	199.0	193.0	185.0	202.0	230.0	180.0	201.0	179.0	0.0	0.0	3.0	0.0	0.0	0.0	0.0	0.0	0.0	2.0	0.0	121.0	188.0	181.0	188.0	176.0	178.0	169.0	178.0	187.0	197.0	193.0	185.0	204.0	241.0	188.0	188.0	180.0	47.0	0.0	0.0	0.0	0.0	0.0	0.0	0.0	0.0	0.0	0.0	170.0	183.0	185.0	188.0	183.0	190.0	173.0	189.0	194.0	194.0	192.0	189.0	201.0	245.0	189.0	183.0	234.0	115.0	0.0	2.0	0.0	0.0	0.0	0.0	0.0	2.0	0.0	0.0	203.0	180.0	190.0	183.0	184.0	188.0	165.0	193.0	192.0	190.0	191.0	195.0	203.0	247.0	194.0	167.0	221.0	166.0	0.0	0.0	0.0	0.0	0.0	0.0	0.0	5.0	0.0	22.0	183.0	179.0	194.0	179.0	188.0	183.0	154.0	196.0	192.0	192.0	189.0	195.0	205.0	248.0	193.0	174.0	210.0	186.0	0.0	0.0	0.0	0.0	0.0	0.0	0.0	1.0	0.0	74.0	189.0	177.0	187.0	188.0	188.0	183.0	167.0	195.0	193.0	190.0	188.0	198.0	211.0	244.0	197.0	179.0	200.0	215.0	0.0	0.0	0.0	0.0	0.0	0.0	0.0	1.0	0.0	112.0	188.0	175.0	181.0	192.0	184.0	182.0	182.0	195.0	194.0	189.0	187.0	200.0	219.0	240.0	202.0	185.0	193.0	224.0	42.0	0.0	0.0	0.0	0.0	0.0	0.0	0.0	0.0	142.0	186.0	170.0	179.0	194.0	181.0	181.0	188.0	190.0	195.0	186.0	187.0	203.0	220.0	234.0	208.0	189.0	192.0	224.0	99.0	0.0	0.0	0.0	0.0	0.0	0.0	0.0	0.0	176.0	179.0	170.0	179.0	196.0	181.0	183.0	187.0	187.0	197.0	183.0	189.0	207.0	222.0	233.0	216.0	183.0	192.0	223.0	129.0	0.0	0.0	0.0	0.0	0.0	0.0	0.0	0.0	197.0	178.0	171.0	184.0	195.0	180.0	186.0	186.0	190.0	200.0	185.0	188.0	203.0	227.0	230.0	231.0	197.0	190.0	217.0	158.0	0.0	0.0	0.0	0.0	0.0	0.0	0.0	12.0	177.0	175.0	181.0	192.0	194.0	181.0	188.0	185.0	192.0	198.0	184.0	193.0	207.0	221.0	239.0	198.0	172.0	196.0	209.0	192.0	0.0	0.0	0.0	0.0	0.0	0.0	0.0	61.0	184.0	173.0	190.0	161.0	202.0	179.0	191.0	184.0	193.0	196.0	185.0	195.0	207.0	212.0	255.0	146.0	102.0	223.0	204.0	225.0	0.0	0.0	0.0	0.0	0.0	0.0	0.0	102.0	184.0	183.0	159.0	101.0	224.0	172.0	193.0	184.0	193.0	196.0	186.0	194.0	207.0	210.0	255.0	138.0	42.0	248.0	195.0	200.0	0.0	0.0	0.0	0.0	0.0	0.0	0.0	157.0	182.0	192.0	114.0	91.0	228.0	169.0	194.0	184.0	191.0	196.0	186.0	195.0	207.0	210.0	255.0	126.0	0.0	250.0	193.0	208.0	25.0	0.0	0.0	0.0	0.0	0.0	0.0	196.0	178.0	238.0	36.0	105.0	225.0	170.0	198.0	188.0	192.0	195.0	186.0	195.0	207.0	207.0	255.0	115.0	0.0	237.0	195.0	214.0	67.0	0.0	0.0	0.0	0.0	0.0	17.0	181.0	177.0	247.0	0.0	103.0	224.0	182.0	197.0	188.0	192.0	199.0	187.0	194.0	208.0	205.0	238.0	117.0	0.0	219.0	198.0	214.0	92.0	0.0	0.0	0.0	0.0	0.0	67.0	185.0	188.0	206.0	0.0	91.0	199.0	186.0	193.0	186.0	192.0	197.0	186.0	194.0	202.0	209.0	236.0	121.0	0.0	170.0	205.0	214.0	118.0	0.0	0.0	0.0	0.0	0.0	91.0	184.0	199.0	99.0	0.0	85.0	203.0	187.0	192.0	187.0	192.0	189.0	187.0	191.0	202.0	204.0	237.0	106.0	0.0	97.0	203.0	208.0	124.0	0.0	0.0	0.0	0.0	0.0	153.0	203.0	207.0	8.0	0.0	34.0	245.0	193.0	197.0	229.0	236.0	233.0	234.0	230.0	213.0	215.0	224.0	58.0	0.0	30.0	203.0	223.0	145.0	0.0	0.0	0.0	0.0	0.0	0.0	79.0	110.0	0.0	0.0	0.0	0.0	9.0	28.0	16.0	13.0	37.0	32.0	32.0	34.0	19.0	0.0	0.0	0.0	0.0	78.0	98.0	18.0	0.0	0.0
0.0	0.0	0.0	0.0	0.0	0.0	0.0	0.0	0.0	0.0	0.0	0.0	0.0	0.0	0.0	0.0	0.0	0.0	0.0	0.0	0.0	0.0	0.0	0.0	0.0	0.0	0.0	0.0	0.0	0.0	0.0	0.0	0.0	0.0	0.0	0.0	0.0	0.0	0.0	0.0	0.0	0.0	0.0	0.0	0.0	0.0	0.0	0.0	0.0	0.0	0.0	0.0	0.0	0.0	0.0	0.0	0.0	0.0	0.0	0.0	0.0	0.0	0.0	0.0	0.0	0.0	0.0	0.0	0.0	0.0	0.0	0.0	0.0	0.0	0.0	0.0	0.0	0.0	0.0	0.0	0.0	0.0	0.0	0.0	0.0	0.0	0.0	0.0	0.0	0.0	0.0	0.0	0.0	0.0	0.0	0.0	0.0	0.0	0.0	0.0	0.0	0.0	0.0	0.0	0.0	0.0	0.0	0.0	0.0	0.0	0.0	0.0	0.0	0.0	0.0	0.0	0.0	0.0	0.0	0.0	0.0	0.0	0.0	0.0	0.0	0.0	0.0	0.0	0.0	0.0	0.0	0.0	0.0	0.0	0.0	0.0	0.0	0.0	0.0	0.0	0.0	0.0	0.0	0.0	0.0	0.0	0.0	0.0	0.0	0.0	0.0	0.0	0.0	0.0	0.0	0.0	0.0	0.0	0.0	0.0	0.0	0.0	0.0	0.0	0.0	0.0	0.0	0.0	0.0	0.0	0.0	0.0	0.0	0.0	0.0	0.0	0.0	0.0	0.0	0.0	0.0	0.0	0.0	0.0	0.0	0.0	0.0	0.0	0.0	0.0	0.0	0.0	0.0	0.0	0.0	0.0	0.0	0.0	0.0	0.0	0.0	0.0	0.0	0.0	0.0	0.0	0.0	0.0	0.0	0.0	0.0	0.0	0.0	0.0	0.0	0.0	0.0	0.0	0.0	0.0	0.0	0.0	0.0	0.0	0.0	0.0	0.0	0.0	0.0	0.0	0.0	0.0	0.0	0.0	0.0	0.0	0.0	0.0	0.0	0.0	46.0	172.0	0.0	0.0	2.0	0.0	0.0	0.0	0.0	0.0	0.0	0.0	0.0	0.0	0.0	0.0	0.0	0.0	0.0	0.0	0.0	0.0	0.0	0.0	0.0	0.0	51.0	252.0	175.0	166.0	106.0	0.0	0.0	0.0	2.0	0.0	0.0	116.0	136.0	0.0	0.0	0.0	0.0	0.0	0.0	0.0	0.0	0.0	0.0	2.0	0.0	0.0	0.0	86.0	220.0	140.0	141.0	184.0	204.0	41.0	0.0	0.0	0.0	0.0	85.0	197.0	199.0	0.0	0.0	0.0	0.0	0.0	1.0	0.0	0.0	2.0	0.0	0.0	0.0	106.0	216.0	177.0	133.0	168.0	193.0	196.0	206.0	224.0	136.0	52.0	1.0	65.0	177.0	171.0	187.0	34.0	0.0	0.0	0.0	0.0	7.0	7.0	0.0	0.0	0.0	36.0	154.0	180.0	143.0	169.0	176.0	167.0	172.0	166.0	191.0	208.0	220.0	241.0	227.0	236.0	199.0	193.0	234.0	57.0	0.0	3.0	4.0	0.0	0.0	0.0	0.0	67.0	129.0	180.0	161.0	162.0	179.0	192.0	193.0	169.0	171.0	182.0	164.0	184.0	200.0	207.0	216.0	211.0	216.0	198.0	235.0	89.0	0.0	0.0	0.0	0.0	0.0	51.0	151.0	214.0	162.0	157.0	174.0	180.0	140.0	66.0	192.0	214.0	188.0	170.0	175.0	181.0	183.0	193.0	188.0	177.0	183.0	179.0	229.0	104.0	0.0	49.0	98.0	130.0	180.0	210.0	150.0	147.0	178.0	170.0	154.0	164.0	196.0	148.0	72.0	175.0	203.0	196.0	169.0	179.0	175.0	183.0	199.0	195.0	192.0	181.0	235.0	97.0	50.0	167.0	155.0	136.0	109.0	107.0	122.0	147.0	157.0	170.0	173.0	168.0	172.0	218.0	152.0	161.0	200.0	198.0	203.0	179.0	178.0	184.0	176.0	196.0	212.0	194.0	250.0	78.0	128.0	208.0	189.0	182.0	169.0	162.0	155.0	150.0	159.0	174.0	184.0	190.0	195.0	200.0	210.0	217.0	197.0	200.0	210.0	211.0	186.0	174.0	173.0	173.0	180.0	194.0	216.0	10.0	9.0	150.0	178.0	201.0	217.0	255.0	247.0	233.0	220.0	208.0	219.0	213.0	209.0	202.0	195.0	199.0	202.0	199.0	204.0	207.0	212.0	238.0	233.0	225.0	226.0	212.0	255.0	30.0	0.0	0.0	0.0	0.0	50.0	79.0	116.0	151.0	174.0	192.0	186.0	164.0	145.0	148.0	164.0	157.0	160.0	155.0	151.0	144.0	144.0	157.0	153.0	153.0	148.0	148.0	120.0	0.0	0.0	0.0	0.0	0.0	0.0	0.0	0.0	0.0	0.0	0.0	0.0	0.0	0.0	0.0	0.0	0.0	0.0	0.0	0.0	0.0	0.0	0.0	0.0	0.0	0.0	0.0	0.0	0.0	0.0	0.0	0.0	0.0	0.0	0.0	0.0	0.0	0.0	0.0	0.0	0.0	0.0	0.0	0.0	0.0	0.0	0.0	0.0	0.0	0.0	0.0	0.0	0.0	0.0	0.0	0.0	0.0	0.0	0.0	0.0	0.0	0.0	0.0	0.0	0.0	0.0	0.0	0.0	0.0	0.0	0.0	0.0	0.0	0.0	0.0	0.0	0.0	0.0	0.0	0.0	0.0	0.0	0.0	0.0	0.0	0.0	0.0	0.0	0.0	0.0	0.0	0.0	0.0	0.0	0.0	0.0	0.0	0.0	0.0	0.0	0.0	0.0	0.0	0.0	0.0	0.0	0.0	0.0	0.0	0.0	0.0	0.0	0.0	0.0	0.0	0.0	0.0	0.0	0.0	0.0	0.0	0.0	0.0	0.0	0.0	0.0	0.0	0.0	0.0	0.0	0.0	0.0	0.0	0.0	0.0	0.0	0.0	0.0	0.0	0.0	0.0	0.0	0.0	0.0	0.0	0.0	0.0	0.0	0.0	0.0	0.0	0.0	0.0	0.0	0.0	0.0	0.0	0.0	0.0	0.0	0.0	0.0	0.0	0.0	0.0	0.0	0.0	0.0	0.0	0.0	0.0	0.0	0.0	0.0	0.0	0.0	0.0	0.0	0.0	0.0	0.0	0.0	0.0	0.0	0.0	0.0	0.0	0.0	0.0	0.0	0.0	0.0	0.0	0.0	0.0	0.0	0.0	0.0	0.0	0.0	0.0	0.0	0.0	0.0	0.0	0.0	0.0	0.0	0.0	0.0	0.0	0.0	0.0	0.0	0.0	0.0	0.0	0.0	0.0	0.0	0.0	0.0	0.0	0.0	0.0
0.0	0.0	0.0	0.0	0.0	0.0	0.0	0.0	0.0	0.0	0.0	18.0	0.0	0.0	0.0	0.0	0.0	9.0	37.0	0.0	0.0	0.0	0.0	0.0	0.0	0.0	0.0	0.0	0.0	0.0	0.0	0.0	0.0	0.0	0.0	0.0	0.0	130.0	229.0	188.0	141.0	119.0	73.0	124.0	92.0	147.0	238.0	202.0	94.0	0.0	0.0	0.0	0.0	0.0	0.0	0.0	0.0	0.0	0.0	0.0	0.0	0.0	1.0	0.0	86.0	244.0	238.0	216.0	104.0	151.0	21.0	102.0	137.0	165.0	236.0	239.0	219.0	2.0	0.0	0.0	0.0	0.0	0.0	0.0	0.0	0.0	0.0	0.0	0.0	0.0	0.0	0.0	139.0	174.0	236.0	234.0	169.0	57.0	56.0	55.0	116.0	224.0	230.0	219.0	90.0	77.0	0.0	0.0	0.0	0.0	0.0	0.0	0.0	0.0	0.0	0.0	0.0	0.0	0.0	7.0	175.0	178.0	236.0	231.0	241.0	8.0	72.0	1.0	143.0	255.0	226.0	218.0	200.0	162.0	0.0	0.0	0.0	0.0	0.0	0.0	0.0	0.0	0.0	0.0	0.0	0.0	0.0	21.0	207.0	221.0	240.0	223.0	255.0	188.0	1.0	83.0	255.0	230.0	231.0	247.0	144.0	95.0	0.0	0.0	0.0	0.0	0.0	0.0	0.0	0.0	0.0	0.0	0.0	0.0	0.0	69.0	157.0	209.0	174.0	240.0	226.0	255.0	202.0	252.0	243.0	236.0	225.0	222.0	174.0	119.0	14.0	0.0	0.0	0.0	0.0	0.0	0.0	0.0	0.0	0.0	0.0	0.0	0.0	76.0	173.0	221.0	61.0	255.0	230.0	234.0	248.0	234.0	230.0	255.0	193.0	80.0	233.0	106.0	16.0	0.0	0.0	0.0	0.0	0.0	0.0	0.0	0.0	0.0	0.0	0.0	0.0	112.0	164.0	233.0	23.0	255.0	227.0	234.0	226.0	228.0	230.0	255.0	185.0	0.0	238.0	109.0	35.0	0.0	0.0	0.0	0.0	0.0	0.0	0.0	0.0	0.0	0.0	0.0	0.0	81.0	180.0	222.0	0.0	255.0	232.0	232.0	232.0	234.0	226.0	255.0	174.0	0.0	255.0	209.0	68.0	0.0	0.0	0.0	0.0	0.0	0.0	0.0	0.0	0.0	0.0	0.0	0.0	109.0	216.0	185.0	0.0	255.0	231.0	232.0	232.0	234.0	227.0	255.0	182.0	0.0	228.0	213.0	113.0	0.0	0.0	0.0	0.0	0.0	0.0	0.0	0.0	0.0	0.0	0.0	0.0	86.0	230.0	155.0	0.0	255.0	232.0	234.0	234.0	234.0	230.0	247.0	233.0	0.0	208.0	255.0	104.0	0.0	0.0	0.0	0.0	0.0	0.0	0.0	0.0	0.0	0.0	0.0	0.0	171.0	207.0	97.0	19.0	255.0	222.0	234.0	234.0	232.0	232.0	225.0	255.0	0.0	148.0	255.0	96.0	0.0	0.0	0.0	0.0	0.0	0.0	0.0	0.0	0.0	0.0	0.0	11.0	189.0	240.0	68.0	158.0	255.0	223.0	235.0	234.0	233.0	233.0	222.0	255.0	75.0	89.0	246.0	75.0	0.0	0.0	0.0	0.0	0.0	0.0	0.0	0.0	0.0	0.0	0.0	1.0	207.0	255.0	50.0	223.0	247.0	228.0	233.0	233.0	232.0	233.0	223.0	255.0	160.0	50.0	255.0	196.0	0.0	0.0	0.0	0.0	0.0	0.0	0.0	0.0	0.0	0.0	0.0	31.0	109.0	0.0	0.0	255.0	237.0	232.0	235.0	235.0	235.0	234.0	227.0	252.0	232.0	0.0	16.0	116.0	0.0	0.0	0.0	0.0	0.0	0.0	0.0	0.0	0.0	0.0	0.0	0.0	0.0	0.0	4.0	255.0	231.0	233.0	236.0	231.0	234.0	235.0	227.0	235.0	255.0	0.0	0.0	0.0	0.0	0.0	0.0	0.0	0.0	0.0	0.0	0.0	0.0	0.0	0.0	0.0	3.0	0.0	20.0	255.0	230.0	233.0	236.0	231.0	234.0	236.0	228.0	234.0	255.0	0.0	0.0	4.0	0.0	0.0	0.0	0.0	0.0	0.0	0.0	0.0	0.0	0.0	0.0	0.0	5.0	0.0	25.0	255.0	231.0	233.0	235.0	234.0	235.0	233.0	228.0	233.0	255.0	0.0	0.0	2.0	0.0	0.0	0.0	0.0	0.0	0.0	0.0	0.0	0.0	0.0	0.0	0.0	3.0	0.0	23.0	238.0	231.0	235.0	232.0	234.0	234.0	234.0	229.0	233.0	255.0	0.0	0.0	2.0	0.0	0.0	0.0	0.0	0.0	0.0	0.0	0.0	0.0	0.0	0.0	0.0	3.0	0.0	22.0	255.0	230.0	234.0	232.0	234.0	235.0	233.0	231.0	238.0	255.0	0.0	0.0	1.0	0.0	0.0	0.0	0.0	0.0	0.0	0.0	0.0	0.0	0.0	0.0	0.0	3.0	0.0	1.0	255.0	232.0	232.0	230.0	234.0	234.0	233.0	231.0	238.0	239.0	0.0	0.0	0.0	0.0	0.0	0.0	0.0	0.0	0.0	0.0	0.0	0.0	0.0	0.0	0.0	2.0	0.0	0.0	255.0	235.0	228.0	227.0	235.0	230.0	234.0	228.0	242.0	215.0	0.0	0.0	0.0	0.0	0.0	0.0	0.0	0.0	0.0	0.0	0.0	0.0	0.0	0.0	0.0	1.0	0.0	0.0	242.0	238.0	226.0	232.0	236.0	233.0	236.0	226.0	247.0	172.0	0.0	0.0	0.0	0.0	0.0	0.0	0.0	0.0	0.0	0.0	0.0	0.0	0.0	0.0	0.0	0.0	0.0	0.0	208.0	241.0	225.0	237.0	238.0	235.0	237.0	229.0	250.0	136.0	0.0	2.0	0.0	0.0	0.0	0.0	0.0	0.0	0.0	0.0	0.0	0.0	0.0	0.0	0.0	0.0	0.0	0.0	195.0	242.0	225.0	227.0	226.0	225.0	230.0	227.0	246.0	104.0	0.0	4.0	0.0	0.0	0.0	0.0	0.0	0.0	0.0	0.0	0.0	0.0	0.0	0.0	0.0	0.0	1.0	0.0	193.0	255.0	241.0	255.0	255.0	255.0	255.0	244.0	255.0	74.0	0.0	4.0	0.0	0.0	0.0	0.0	0.0	0.0	0.0	0.0	0.0	0.0	0.0	0.0	0.0	0.0	0.0	0.0	19.0	81.0	90.0	111.0	144.0	146.0	126.0	123.0	121.0	0.0	0.0	0.0	0.0	0.0	0.0	0.0	0.0	0.0
0.0	0.0	0.0	0.0	0.0	0.0	0.0	7.0	0.0	0.0	0.0	0.0	0.0	0.0	0.0	0.0	0.0	10.0	0.0	0.0	0.0	4.0	0.0	0.0	0.0	0.0	0.0	0.0	0.0	0.0	0.0	0.0	0.0	1.0	0.0	0.0	0.0	34.0	28.0	156.0	238.0	45.0	24.0	48.0	237.0	172.0	18.0	44.0	0.0	0.0	0.0	0.0	0.0	0.0	0.0	0.0	0.0	0.0	0.0	0.0	0.0	0.0	0.0	72.0	150.0	210.0	224.0	210.0	241.0	255.0	247.0	237.0	215.0	211.0	216.0	212.0	170.0	52.0	0.0	0.0	0.0	0.0	0.0	0.0	0.0	0.0	0.0	0.0	0.0	0.0	139.0	228.0	216.0	214.0	218.0	220.0	209.0	219.0	229.0	206.0	211.0	222.0	222.0	214.0	214.0	219.0	71.0	0.0	0.0	0.0	0.0	0.0	0.0	0.0	0.0	0.0	0.0	0.0	201.0	205.0	208.0	215.0	217.0	218.0	218.0	210.0	209.0	215.0	219.0	219.0	216.0	215.0	203.0	215.0	172.0	0.0	0.0	0.0	0.0	0.0	0.0	0.0	0.0	0.0	0.0	29.0	220.0	204.0	210.0	214.0	214.0	216.0	221.0	219.0	219.0	219.0	218.0	218.0	217.0	219.0	203.0	211.0	199.0	0.0	0.0	0.0	0.0	0.0	0.0	0.0	0.0	0.0	0.0	50.0	218.0	209.0	208.0	212.0	212.0	216.0	212.0	212.0	214.0	212.0	211.0	211.0	234.0	145.0	193.0	216.0	209.0	18.0	0.0	0.0	0.0	0.0	0.0	0.0	0.0	0.0	0.0	73.0	217.0	211.0	209.0	211.0	214.0	209.0	205.0	205.0	208.0	206.0	203.0	217.0	198.0	113.0	230.0	212.0	209.0	28.0	0.0	0.0	0.0	0.0	0.0	0.0	0.0	0.0	0.0	101.0	217.0	211.0	212.0	206.0	212.0	209.0	202.0	201.0	202.0	201.0	196.0	226.0	132.0	183.0	213.0	213.0	212.0	70.0	0.0	0.0	0.0	0.0	0.0	0.0	0.0	0.0	0.0	109.0	213.0	208.0	211.0	208.0	209.0	209.0	203.0	201.0	201.0	200.0	208.0	199.0	133.0	217.0	208.0	214.0	205.0	92.0	0.0	0.0	0.0	0.0	0.0	0.0	0.0	0.0	0.0	179.0	226.0	224.0	214.0	206.0	206.0	205.0	203.0	201.0	200.0	200.0	219.0	158.0	172.0	205.0	210.0	228.0	225.0	147.0	0.0	0.0	0.0	0.0	0.0	0.0	0.0	0.0	0.0	20.0	57.0	52.0	222.0	211.0	203.0	206.0	203.0	201.0	201.0	200.0	209.0	140.0	189.0	212.0	198.0	67.0	70.0	38.0	0.0	0.0	0.0	0.0	0.0	0.0	0.0	0.0	0.0	0.0	0.0	0.0	216.0	215.0	206.0	206.0	203.0	200.0	198.0	209.0	188.0	145.0	195.0	219.0	221.0	0.0	0.0	0.0	0.0	0.0	0.0	0.0	0.0	0.0	0.0	0.0	0.0	2.0	0.0	0.0	205.0	218.0	205.0	206.0	204.0	202.0	197.0	215.0	166.0	162.0	193.0	217.0	205.0	0.0	0.0	2.0	0.0	0.0	0.0	0.0	0.0	0.0	0.0	0.0	0.0	0.0	0.0	0.0	170.0	219.0	205.0	206.0	204.0	202.0	201.0	200.0	160.0	173.0	195.0	212.0	204.0	0.0	0.0	1.0	0.0	0.0	0.0	0.0	0.0	0.0	0.0	0.0	0.0	0.0	0.0	0.0	173.0	220.0	205.0	206.0	204.0	199.0	214.0	174.0	174.0	170.0	203.0	206.0	204.0	0.0	0.0	2.0	0.0	0.0	0.0	0.0	0.0	0.0	0.0	0.0	0.0	0.0	0.0	0.0	172.0	221.0	204.0	208.0	206.0	199.0	213.0	151.0	198.0	161.0	210.0	204.0	204.0	0.0	0.0	2.0	0.0	0.0	0.0	0.0	0.0	0.0	0.0	0.0	0.0	0.0	0.0	0.0	166.0	220.0	205.0	209.0	205.0	210.0	188.0	162.0	197.0	166.0	210.0	206.0	202.0	0.0	0.0	2.0	0.0	0.0	0.0	0.0	0.0	0.0	0.0	0.0	0.0	0.0	4.0	0.0	156.0	224.0	206.0	209.0	204.0	221.0	152.0	204.0	169.0	192.0	206.0	209.0	198.0	0.0	0.0	3.0	0.0	0.0	0.0	0.0	0.0	0.0	0.0	0.0	0.0	0.0	6.0	0.0	165.0	200.0	206.0	210.0	213.0	210.0	154.0	233.0	149.0	213.0	204.0	211.0	192.0	0.0	0.0	2.0	0.0	0.0	0.0	0.0	0.0	0.0	0.0	0.0	0.0	0.0	7.0	0.0	144.0	165.0	203.0	221.0	236.0	157.0	199.0	211.0	162.0	219.0	204.0	213.0	193.0	0.0	0.0	2.0	0.0	0.0	0.0	0.0	0.0	0.0	0.0	0.0	0.0	0.0	8.0	0.0	121.0	183.0	168.0	226.0	173.0	162.0	242.0	168.0	190.0	217.0	206.0	212.0	197.0	0.0	0.0	2.0	0.0	0.0	0.0	0.0	0.0	0.0	0.0	0.0	0.0	0.0	9.0	0.0	115.0	199.0	185.0	164.0	177.0	225.0	226.0	153.0	222.0	212.0	209.0	211.0	203.0	0.0	0.0	3.0	0.0	0.0	0.0	0.0	0.0	0.0	0.0	0.0	0.0	0.0	9.0	0.0	120.0	203.0	197.0	246.0	216.0	232.0	189.0	172.0	229.0	209.0	209.0	213.0	205.0	0.0	0.0	3.0	0.0	0.0	0.0	0.0	0.0	0.0	0.0	0.0	0.0	0.0	9.0	0.0	118.0	227.0	170.0	229.0	238.0	214.0	153.0	228.0	213.0	211.0	210.0	215.0	202.0	0.0	0.0	2.0	0.0	0.0	0.0	0.0	0.0	0.0	0.0	0.0	0.0	0.0	8.0	0.0	96.0	237.0	196.0	161.0	176.0	160.0	221.0	218.0	209.0	210.0	209.0	215.0	196.0	0.0	0.0	2.0	0.0	0.0	0.0	0.0	0.0	0.0	0.0	0.0	0.0	0.0	8.0	0.0	109.0	235.0	218.0	227.0	217.0	233.0	220.0	210.0	213.0	214.0	212.0	218.0	199.0	0.0	0.0	2.0	0.0	0.0	0.0	0.0	0.0	0.0	0.0	0.0	0.0	0.0	6.0	0.0	66.0	220.0	212.0	215.0	219.0	209.0	208.0	208.0	206.0	201.0	203.0	212.0	176.0	0.0	0.0	1.0	0.0	0.0	0.0	0.0
0.0	0.0	0.0	0.0	0.0	0.0	0.0	0.0	0.0	0.0	0.0	0.0	0.0	0.0	0.0	0.0	0.0	0.0	0.0	0.0	0.0	0.0	0.0	0.0	0.0	0.0	0.0	0.0	0.0	0.0	0.0	0.0	0.0	0.0	0.0	0.0	0.0	0.0	0.0	0.0	0.0	0.0	0.0	0.0	0.0	0.0	0.0	0.0	0.0	0.0	0.0	0.0	0.0	0.0	0.0	0.0	0.0	0.0	0.0	0.0	0.0	0.0	0.0	0.0	0.0	0.0	0.0	0.0	0.0	0.0	0.0	0.0	0.0	0.0	0.0	0.0	0.0	0.0	0.0	0.0	0.0	0.0	0.0	0.0	0.0	0.0	0.0	0.0	0.0	0.0	0.0	0.0	0.0	0.0	0.0	0.0	0.0	0.0	0.0	0.0	0.0	0.0	0.0	0.0	0.0	0.0	0.0	0.0	0.0	0.0	0.0	0.0	0.0	0.0	0.0	0.0	0.0	0.0	0.0	0.0	0.0	0.0	0.0	0.0	0.0	0.0	0.0	0.0	0.0	0.0	0.0	0.0	0.0	0.0	0.0	0.0	0.0	0.0	0.0	0.0	0.0	0.0	0.0	0.0	0.0	0.0	0.0	0.0	0.0	0.0	0.0	0.0	0.0	0.0	0.0	2.0	1.0	1.0	0.0	0.0	0.0	0.0	0.0	0.0	65.0	61.0	0.0	0.0	0.0	0.0	0.0	0.0	0.0	0.0	0.0	0.0	0.0	0.0	0.0	0.0	0.0	0.0	1.0	0.0	0.0	0.0	30.0	82.0	82.0	144.0	201.0	181.0	233.0	188.0	0.0	0.0	0.0	0.0	0.0	0.0	0.0	0.0	0.0	0.0	0.0	1.0	0.0	0.0	0.0	1.0	0.0	7.0	100.0	138.0	178.0	215.0	167.0	198.0	106.0	145.0	230.0	173.0	0.0	0.0	0.0	0.0	0.0	0.0	0.0	0.0	0.0	0.0	0.0	0.0	0.0	0.0	0.0	7.0	0.0	93.0	229.0	107.0	23.0	0.0	0.0	0.0	0.0	29.0	234.0	202.0	0.0	0.0	0.0	0.0	0.0	0.0	0.0	0.0	0.0	0.0	0.0	0.0	0.0	0.0	0.0	3.0	0.0	0.0	0.0	0.0	0.0	0.0	0.0	4.0	0.0	57.0	225.0	223.0	37.0	0.0	0.0	0.0	0.0	0.0	0.0	0.0	0.0	0.0	0.0	0.0	0.0	0.0	0.0	0.0	0.0	0.0	8.0	7.0	4.0	2.0	0.0	2.0	0.0	52.0	227.0	232.0	135.0	0.0	0.0	0.0	0.0	0.0	0.0	0.0	0.0	0.0	0.0	0.0	0.0	0.0	0.0	0.0	0.0	1.0	0.0	0.0	1.0	0.0	0.0	1.0	0.0	110.0	248.0	223.0	232.0	0.0	0.0	0.0	0.0	0.0	1.0	1.0	0.0	0.0	0.0	0.0	0.0	0.0	0.0	0.0	0.0	0.0	0.0	0.0	2.0	2.0	1.0	0.0	0.0	193.0	230.0	226.0	253.0	42.0	0.0	0.0	0.0	0.0	1.0	1.0	0.0	0.0	0.0	0.0	0.0	0.0	0.0	0.0	0.0	0.0	0.0	0.0	0.0	1.0	0.0	0.0	83.0	226.0	229.0	223.0	253.0	69.0	0.0	0.0	1.0	0.0	0.0	0.0	0.0	1.0	1.0	0.0	0.0	0.0	0.0	0.0	0.0	0.0	0.0	0.0	0.0	0.0	0.0	33.0	171.0	241.0	227.0	217.0	240.0	109.0	0.0	0.0	0.0	0.0	0.0	0.0	0.0	1.0	1.0	0.0	0.0	0.0	0.0	0.0	0.0	0.0	0.0	0.0	0.0	0.0	0.0	102.0	200.0	214.0	197.0	191.0	234.0	87.0	0.0	0.0	0.0	0.0	1.0	3.0	6.0	3.0	2.0	0.0	1.0	0.0	0.0	2.0	0.0	0.0	0.0	0.0	0.0	0.0	0.0	108.0	247.0	216.0	227.0	224.0	230.0	0.0	0.0	0.0	0.0	0.0	1.0	0.0	0.0	0.0	0.0	0.0	1.0	0.0	1.0	4.0	0.0	5.0	14.0	0.0	0.0	44.0	135.0	254.0	253.0	233.0	224.0	218.0	219.0	0.0	0.0	0.0	0.0	0.0	0.0	29.0	95.0	174.0	114.0	0.0	0.0	0.0	0.0	0.0	5.0	0.0	0.0	107.0	246.0	255.0	243.0	209.0	189.0	191.0	197.0	206.0	216.0	0.0	4.0	1.0	1.0	0.0	0.0	137.0	228.0	221.0	202.0	0.0	0.0	0.0	0.0	0.0	0.0	82.0	198.0	255.0	98.0	0.0	114.0	222.0	196.0	200.0	199.0	211.0	215.0	0.0	0.0	0.0	0.0	0.0	0.0	71.0	228.0	213.0	224.0	54.0	0.0	17.0	0.0	23.0	172.0	205.0	90.0	0.0	0.0	0.0	161.0	219.0	194.0	198.0	195.0	200.0	203.0	0.0	46.0	103.0	78.0	104.0	129.0	90.0	126.0	214.0	231.0	160.0	0.0	38.0	183.0	217.0	164.0	0.0	0.0	0.0	0.0	0.0	171.0	209.0	191.0	192.0	195.0	202.0	215.0	0.0	119.0	204.0	206.0	201.0	253.0	250.0	220.0	225.0	224.0	255.0	217.0	255.0	196.0	17.0	0.0	0.0	2.0	0.0	0.0	0.0	102.0	255.0	253.0	253.0	247.0	216.0	193.0	0.0	0.0	0.0	0.0	0.0	28.0	44.0	54.0	27.0	12.0	21.0	31.0	0.0	0.0	0.0	0.0	0.0	0.0	0.0	0.0	0.0	0.0	22.0	4.0	0.0	0.0	10.0	0.0	0.0	0.0	0.0	0.0	0.0	0.0	0.0	0.0	0.0	0.0	0.0	0.0	0.0	0.0	0.0	0.0	0.0	0.0	0.0	0.0	0.0	0.0	0.0	0.0	0.0	0.0	0.0	0.0	0.0	0.0	0.0	0.0	0.0	0.0	0.0	0.0	0.0	0.0	0.0	0.0	0.0	0.0	0.0	0.0	0.0	0.0	0.0	0.0	0.0	0.0	0.0	0.0	0.0	0.0	0.0	0.0	0.0	0.0	0.0	0.0	0.0	0.0	0.0	0.0	0.0	0.0	0.0	0.0	0.0	0.0	0.0	0.0	0.0	0.0	0.0	0.0	0.0	0.0	0.0	0.0	0.0	0.0	0.0	0.0	0.0	0.0	0.0	0.0	0.0	0.0	0.0	0.0	0.0	0.0	0.0	0.0	0.0	0.0	0.0	0.0	0.0	0.0	0.0	0.0	0.0	0.0	0.0	0.0	0.0	0.0	0.0	0.0	0.0
0.0	0.0	0.0	0.0	0.0	0.0	0.0	0.0	0.0	0.0	0.0	0.0	0.0	0.0	0.0	0.0	0.0	0.0	0.0	0.0	0.0	0.0	0.0	0.0	0.0	0.0	0.0	0.0	0.0	0.0	0.0	0.0	0.0	0.0	0.0	0.0	0.0	0.0	0.0	0.0	0.0	0.0	0.0	0.0	0.0	0.0	0.0	0.0	0.0	0.0	0.0	0.0	0.0	0.0	0.0	0.0	0.0	0.0	0.0	0.0	0.0	0.0	0.0	0.0	0.0	0.0	0.0	0.0	0.0	0.0	0.0	0.0	0.0	0.0	0.0	0.0	0.0	0.0	0.0	0.0	0.0	0.0	0.0	0.0	0.0	0.0	0.0	0.0	0.0	0.0	0.0	0.0	0.0	0.0	0.0	0.0	0.0	0.0	0.0	0.0	0.0	0.0	0.0	0.0	0.0	0.0	0.0	0.0	0.0	0.0	0.0	0.0	0.0	0.0	0.0	0.0	0.0	0.0	0.0	0.0	0.0	0.0	0.0	0.0	0.0	0.0	0.0	0.0	0.0	0.0	0.0	0.0	0.0	0.0	0.0	0.0	0.0	0.0	0.0	0.0	0.0	0.0	0.0	0.0	0.0	0.0	0.0	0.0	0.0	0.0	0.0	0.0	0.0	0.0	0.0	0.0	0.0	0.0	0.0	0.0	0.0	0.0	0.0	0.0	0.0	0.0	0.0	0.0	0.0	0.0	0.0	0.0	0.0	0.0	0.0	0.0	0.0	0.0	0.0	0.0	0.0	0.0	0.0	0.0	0.0	0.0	0.0	0.0	0.0	0.0	0.0	0.0	0.0	0.0	0.0	0.0	6.0	0.0	2.0	6.0	101.0	169.0	167.0	178.0	179.0	167.0	170.0	169.0	167.0	161.0	155.0	146.0	149.0	167.0	167.0	172.0	179.0	181.0	179.0	186.0	196.0	92.0	12.0	0.0	11.0	0.0	142.0	163.0	206.0	217.0	220.0	229.0	210.0	229.0	225.0	224.0	225.0	223.0	226.0	229.0	225.0	225.0	226.0	223.0	217.0	210.0	203.0	207.0	229.0	209.0	255.0	6.0	3.0	0.0	138.0	98.0	183.0	211.0	206.0	202.0	205.0	200.0	194.0	194.0	195.0	200.0	202.0	203.0	202.0	199.0	203.0	201.0	199.0	196.0	200.0	186.0	202.0	197.0	241.0	168.0	0.0	0.0	225.0	62.0	111.0	224.0	193.0	210.0	211.0	206.0	209.0	209.0	208.0	212.0	207.0	204.0	210.0	210.0	207.0	206.0	205.0	207.0	210.0	217.0	227.0	205.0	211.0	125.0	0.0	150.0	102.0	0.0	179.0	220.0	204.0	222.0	212.0	210.0	215.0	217.0	215.0	212.0	208.0	209.0	215.0	215.0	218.0	215.0	217.0	221.0	220.0	218.0	219.0	205.0	214.0	80.0	73.0	202.0	0.0	0.0	173.0	255.0	203.0	217.0	212.0	214.0	213.0	216.0	213.0	208.0	210.0	213.0	211.0	207.0	216.0	223.0	222.0	217.0	220.0	226.0	214.0	217.0	167.0	16.0	97.0	177.0	0.0	4.0	0.0	87.0	239.0	207.0	215.0	216.0	217.0	216.0	212.0	226.0	231.0	228.0	233.0	232.0	223.0	211.0	221.0	224.0	215.0	218.0	213.0	222.0	188.0	0.0	43.0	197.0	0.0	0.0	105.0	183.0	224.0	225.0	216.0	210.0	215.0	212.0	221.0	220.0	215.0	219.0	214.0	199.0	221.0	224.0	214.0	218.0	225.0	237.0	228.0	238.0	118.0	0.0	0.0	201.0	0.0	0.0	161.0	236.0	185.0	196.0	213.0	231.0	233.0	218.0	235.0	160.0	88.0	98.0	97.0	100.0	205.0	227.0	234.0	232.0	220.0	194.0	172.0	229.0	100.0	8.0	0.0	161.0	82.0	0.0	106.0	242.0	224.0	209.0	184.0	180.0	188.0	209.0	224.0	242.0	240.0	221.0	235.0	252.0	234.0	212.0	190.0	177.0	177.0	210.0	232.0	231.0	113.0	25.0	0.0	21.0	189.0	0.0	57.0	240.0	230.0	245.0	230.0	231.0	218.0	199.0	191.0	193.0	204.0	216.0	214.0	200.0	182.0	200.0	215.0	241.0	251.0	243.0	243.0	206.0	162.0	64.0	3.0	0.0	87.0	59.0	0.0	238.0	229.0	233.0	225.0	239.0	246.0	250.0	246.0	240.0	222.0	199.0	200.0	213.0	234.0	239.0	234.0	222.0	224.0	231.0	231.0	218.0	241.0	0.0	0.0	5.0	0.0	131.0	231.0	227.0	226.0	228.0	230.0	233.0	227.0	231.0	232.0	229.0	236.0	245.0	243.0	239.0	234.0	232.0	233.0	233.0	234.0	231.0	244.0	220.0	10.0	0.0	0.0	6.0	0.0	88.0	236.0	227.0	239.0	255.0	255.0	255.0	255.0	255.0	249.0	251.0	255.0	246.0	255.0	255.0	255.0	255.0	255.0	255.0	254.0	206.0	217.0	147.0	0.0	0.0	1.0	1.0	0.0	0.0	9.0	31.0	44.0	54.0	59.0	63.0	63.0	66.0	68.0	79.0	35.0	0.0	0.0	0.0	0.0	0.0	0.0	0.0	0.0	0.0	0.0	0.0	0.0	0.0	0.0	0.0	0.0	0.0	0.0	0.0	0.0	0.0	0.0	0.0	0.0	0.0	0.0	0.0	0.0	0.0	0.0	0.0	0.0	0.0	0.0	0.0	0.0	0.0	0.0	0.0	0.0	0.0	0.0	0.0	0.0	0.0	0.0	0.0	0.0	0.0	0.0	0.0	0.0	0.0	0.0	0.0	0.0	0.0	0.0	0.0	0.0	0.0	0.0	0.0	0.0	0.0	0.0	0.0	0.0	0.0	0.0	0.0	0.0	0.0	0.0	0.0	0.0	0.0	0.0	0.0	0.0	0.0	0.0	0.0	0.0	0.0	0.0	0.0	0.0	0.0	0.0	0.0	0.0	0.0	0.0	0.0	0.0	0.0	0.0	0.0	0.0	0.0	0.0	0.0	0.0	0.0	0.0	0.0	0.0	0.0	0.0	0.0	0.0	0.0	0.0	0.0	0.0	0.0	0.0	0.0	0.0	0.0	0.0	0.0	0.0	0.0	0.0	0.0	0.0	0.0	0.0	0.0	0.0	0.0	0.0	0.0	0.0	0.0	0.0	0.0	0.0	0.0	0.0	0.0	0.0	0.0	0.0	0.0	0.0	0.0	0.0	0.0	0.0	0.0	0.0	0.0	0.0	0.0	0.0	0.0	0.0	0.0	0.0	0.0	0.0	0.0	0.0	0.0	0.0	0.0	0.0	0.0	0.0	0.0	0.0	0.0	0.0	0.0	0.0	0.0	0.0	0.0
0.0	0.0	0.0	0.0	0.0	0.0	0.0	0.0	0.0	0.0	44.0	164.0	197.0	207.0	203.0	224.0	193.0	78.0	0.0	0.0	0.0	0.0	0.0	0.0	0.0	0.0	0.0	0.0	0.0	0.0	0.0	0.0	0.0	0.0	0.0	2.0	0.0	0.0	159.0	240.0	248.0	244.0	249.0	240.0	228.0	211.0	0.0	0.0	5.0	0.0	0.0	0.0	0.0	0.0	0.0	0.0	0.0	0.0	0.0	0.0	0.0	0.0	2.0	0.0	0.0	0.0	128.0	141.0	118.0	190.0	157.0	146.0	118.0	116.0	14.0	0.0	0.0	1.0	0.0	0.0	0.0	0.0	0.0	0.0	0.0	0.0	0.0	0.0	0.0	3.0	0.0	0.0	96.0	141.0	125.0	108.0	98.0	177.0	132.0	111.0	121.0	98.0	154.0	128.0	33.0	0.0	2.0	0.0	0.0	0.0	0.0	0.0	0.0	0.0	0.0	0.0	0.0	0.0	0.0	166.0	132.0	139.0	146.0	144.0	113.0	170.0	180.0	110.0	133.0	134.0	156.0	124.0	162.0	35.0	0.0	0.0	0.0	0.0	0.0	0.0	0.0	0.0	0.0	0.0	0.0	0.0	149.0	242.0	116.0	109.0	125.0	153.0	131.0	158.0	169.0	114.0	146.0	126.0	112.0	70.0	207.0	183.0	0.0	0.0	0.0	0.0	0.0	0.0	0.0	0.0	0.0	0.0	0.0	0.0	216.0	230.0	120.0	109.0	114.0	116.0	128.0	154.0	160.0	122.0	135.0	124.0	116.0	101.0	219.0	230.0	0.0	0.0	0.0	0.0	0.0	0.0	0.0	0.0	0.0	0.0	0.0	17.0	239.0	223.0	103.0	94.0	117.0	127.0	135.0	141.0	158.0	116.0	123.0	110.0	84.0	117.0	232.0	245.0	48.0	0.0	0.0	0.0	0.0	0.0	0.0	0.0	0.0	0.0	0.0	60.0	250.0	226.0	118.0	92.0	125.0	119.0	103.0	136.0	142.0	97.0	124.0	129.0	99.0	150.0	237.0	251.0	78.0	0.0	0.0	0.0	0.0	0.0	0.0	0.0	0.0	0.0	0.0	78.0	252.0	235.0	150.0	91.0	110.0	124.0	101.0	166.0	161.0	107.0	124.0	123.0	98.0	160.0	240.0	250.0	127.0	0.0	0.0	0.0	0.0	0.0	0.0	0.0	0.0	0.0	0.0	106.0	251.0	242.0	185.0	76.0	112.0	122.0	97.0	178.0	154.0	105.0	122.0	128.0	103.0	195.0	244.0	246.0	198.0	0.0	0.0	0.0	0.0	0.0	0.0	0.0	0.0	0.0	0.0	134.0	250.0	247.0	174.0	80.0	110.0	138.0	113.0	177.0	155.0	107.0	114.0	114.0	117.0	197.0	243.0	243.0	239.0	0.0	0.0	0.0	0.0	0.0	0.0	0.0	0.0	0.0	0.0	180.0	247.0	254.0	87.0	78.0	148.0	121.0	103.0	165.0	172.0	104.0	160.0	168.0	118.0	85.0	233.0	241.0	231.0	0.0	0.0	0.0	0.0	0.0	0.0	0.0	0.0	0.0	0.0	219.0	246.0	255.0	58.0	165.0	199.0	208.0	106.0	165.0	152.0	124.0	197.0	141.0	211.0	4.0	246.0	245.0	242.0	28.0	0.0	0.0	0.0	0.0	0.0	0.0	0.0	0.0	0.0	249.0	247.0	234.0	113.0	121.0	66.0	190.0	121.0	161.0	159.0	124.0	174.0	57.0	159.0	63.0	183.0	251.0	247.0	94.0	0.0	0.0	0.0	0.0	0.0	0.0	0.0	0.0	0.0	235.0	241.0	245.0	140.0	118.0	225.0	211.0	118.0	172.0	162.0	117.0	208.0	224.0	123.0	93.0	171.0	251.0	250.0	129.0	0.0	0.0	0.0	0.0	0.0	0.0	0.0	0.0	11.0	245.0	240.0	248.0	117.0	208.0	151.0	170.0	120.0	167.0	170.0	126.0	177.0	153.0	230.0	96.0	203.0	249.0	249.0	153.0	0.0	0.0	0.0	0.0	0.0	0.0	0.0	0.0	28.0	247.0	244.0	246.0	89.0	237.0	150.0	181.0	110.0	169.0	161.0	125.0	181.0	139.0	255.0	126.0	176.0	248.0	249.0	160.0	0.0	0.0	0.0	0.0	0.0	0.0	0.0	0.0	43.0	246.0	247.0	218.0	69.0	186.0	229.0	205.0	101.0	178.0	156.0	120.0	206.0	217.0	184.0	58.0	177.0	245.0	249.0	159.0	0.0	0.0	0.0	0.0	0.0	0.0	0.0	0.0	56.0	247.0	248.0	209.0	69.0	92.0	102.0	185.0	126.0	174.0	169.0	140.0	185.0	93.0	99.0	63.0	131.0	245.0	251.0	154.0	0.0	0.0	0.0	0.0	0.0	0.0	0.0	0.0	56.0	246.0	245.0	205.0	137.0	179.0	167.0	229.0	116.0	161.0	170.0	132.0	224.0	155.0	188.0	162.0	163.0	235.0	253.0	153.0	0.0	0.0	0.0	0.0	0.0	0.0	0.0	0.0	51.0	245.0	246.0	190.0	149.0	151.0	145.0	153.0	102.0	161.0	169.0	105.0	175.0	160.0	148.0	157.0	118.0	219.0	254.0	147.0	0.0	0.0	0.0	0.0	0.0	0.0	0.0	0.0	45.0	246.0	249.0	97.0	75.0	152.0	143.0	131.0	130.0	165.0	174.0	120.0	138.0	129.0	152.0	121.0	0.0	225.0	255.0	143.0	0.0	0.0	0.0	0.0	0.0	0.0	0.0	0.0	40.0	246.0	248.0	1.0	0.0	46.0	96.0	143.0	157.0	183.0	197.0	142.0	163.0	124.0	66.0	0.0	0.0	224.0	255.0	145.0	0.0	0.0	0.0	0.0	0.0	0.0	0.0	0.0	37.0	249.0	245.0	18.0	0.0	0.0	0.0	0.0	0.0	0.0	0.0	0.0	0.0	0.0	0.0	0.0	0.0	202.0	255.0	151.0	0.0	0.0	0.0	0.0	0.0	0.0	0.0	0.0	4.0	240.0	225.0	0.0	0.0	3.0	5.0	1.0	0.0	0.0	0.0	0.0	0.0	4.0	1.0	0.0	0.0	155.0	255.0	169.0	0.0	0.0	0.0	0.0	0.0	0.0	0.0	0.0	0.0	249.0	223.0	0.0	0.0	1.0	0.0	0.0	1.0	2.0	2.0	2.0	1.0	0.0	0.0	2.0	0.0	144.0	255.0	178.0	0.0	0.0	0.0	0.0	0.0	0.0	0.0	0.0	0.0	156.0	145.0	0.0	0.0	1.0	0.0	0.0	0.0	0.0	0.0	0.0	0.0	0.0	0.0	1.0	0.0	41.0	169.0	65.0	0.0	0.0	0.0	0.0
0.0	0.0	0.0	0.0	0.0	0.0	0.0	0.0	0.0	0.0	19.0	135.0	116.0	82.0	76.0	107.0	85.0	95.0	1.0	0.0	0.0	0.0	0.0	0.0	0.0	0.0	0.0	0.0	0.0	0.0	0.0	0.0	0.0	0.0	0.0	0.0	0.0	0.0	140.0	252.0	220.0	235.0	213.0	214.0	172.0	167.0	52.0	0.0	0.0	0.0	0.0	0.0	0.0	0.0	0.0	0.0	0.0	0.0	0.0	0.0	0.0	0.0	0.0	0.0	0.0	0.0	175.0	215.0	191.0	173.0	233.0	152.0	149.0	140.0	73.0	0.0	0.0	0.0	0.0	0.0	0.0	0.0	0.0	0.0	0.0	0.0	0.0	0.0	0.0	0.0	0.0	0.0	0.0	0.0	206.0	168.0	170.0	140.0	238.0	163.0	152.0	112.0	68.0	0.0	0.0	0.0	0.0	0.0	0.0	0.0	0.0	0.0	0.0	0.0	0.0	0.0	0.0	0.0	0.0	0.0	0.0	36.0	224.0	154.0	181.0	153.0	252.0	164.0	135.0	152.0	91.0	0.0	0.0	0.0	0.0	0.0	0.0	0.0	0.0	0.0	0.0	0.0	0.0	0.0	0.0	0.0	0.0	0.0	0.0	53.0	215.0	180.0	145.0	157.0	239.0	164.0	156.0	139.0	124.0	0.0	0.0	0.0	0.0	0.0	0.0	0.0	0.0	0.0	0.0	0.0	0.0	0.0	0.0	0.0	0.0	0.0	0.0	79.0	190.0	170.0	173.0	135.0	252.0	153.0	163.0	145.0	117.0	6.0	0.0	0.0	0.0	0.0	0.0	0.0	0.0	0.0	0.0	0.0	0.0	0.0	0.0	0.0	0.0	0.0	0.0	114.0	201.0	134.0	163.0	153.0	243.0	157.0	163.0	148.0	114.0	34.0	0.0	0.0	0.0	0.0	0.0	0.0	0.0	0.0	0.0	0.0	0.0	0.0	0.0	0.0	0.0	0.0	0.0	121.0	195.0	152.0	131.0	201.0	255.0	167.0	209.0	124.0	104.0	46.0	0.0	0.0	0.0	0.0	0.0	0.0	0.0	0.0	0.0	0.0	0.0	0.0	0.0	0.0	0.0	0.0	0.0	124.0	208.0	154.0	110.0	208.0	176.0	163.0	248.0	143.0	104.0	65.0	0.0	0.0	0.0	0.0	0.0	0.0	0.0	0.0	0.0	0.0	0.0	0.0	0.0	0.0	0.0	0.0	0.0	114.0	205.0	153.0	100.0	211.0	175.0	167.0	229.0	159.0	110.0	53.0	0.0	0.0	0.0	0.0	0.0	0.0	0.0	0.0	0.0	0.0	0.0	0.0	0.0	0.0	0.0	0.0	0.0	93.0	210.0	153.0	110.0	204.0	95.0	181.0	223.0	173.0	124.0	38.0	0.0	0.0	0.0	0.0	0.0	0.0	0.0	0.0	0.0	0.0	0.0	0.0	0.0	0.0	0.0	0.0	0.0	77.0	209.0	158.0	124.0	183.0	67.0	204.0	202.0	199.0	125.0	46.0	0.0	0.0	0.0	0.0	0.0	0.0	0.0	0.0	0.0	0.0	0.0	0.0	0.0	0.0	0.0	0.0	0.0	77.0	210.0	149.0	137.0	161.0	91.0	233.0	190.0	206.0	119.0	57.0	0.0	0.0	0.0	0.0	0.0	0.0	0.0	0.0	0.0	0.0	0.0	0.0	0.0	0.0	0.0	0.0	0.0	74.0	210.0	145.0	144.0	162.0	49.0	244.0	186.0	140.0	129.0	54.0	0.0	0.0	0.0	0.0	0.0	0.0	0.0	0.0	0.0	0.0	0.0	0.0	0.0	0.0	0.0	0.0	0.0	29.0	206.0	147.0	150.0	153.0	0.0	139.0	227.0	116.0	144.0	48.0	0.0	0.0	0.0	0.0	0.0	0.0	0.0	0.0	0.0	0.0	0.0	0.0	0.0	0.0	0.0	0.0	0.0	0.0	199.0	152.0	154.0	112.0	0.0	129.0	238.0	114.0	153.0	53.0	0.0	0.0	0.0	0.0	0.0	0.0	0.0	0.0	0.0	0.0	0.0	0.0	0.0	0.0	0.0	0.0	0.0	0.0	194.0	153.0	148.0	134.0	0.0	112.0	205.0	111.0	149.0	63.0	0.0	0.0	0.0	0.0	0.0	0.0	0.0	0.0	0.0	0.0	0.0	0.0	0.0	0.0	0.0	0.0	0.0	0.0	180.0	157.0	150.0	120.0	0.0	110.0	206.0	131.0	142.0	57.0	0.0	0.0	0.0	0.0	0.0	0.0	0.0	0.0	0.0	0.0	0.0	0.0	0.0	0.0	0.0	0.0	0.0	0.0	189.0	158.0	173.0	111.0	0.0	77.0	201.0	134.0	152.0	35.0	0.0	0.0	0.0	0.0	0.0	0.0	0.0	0.0	0.0	0.0	0.0	0.0	0.0	0.0	0.0	0.0	0.0	0.0	191.0	156.0	162.0	116.0	0.0	74.0	186.0	149.0	139.0	6.0	0.0	0.0	0.0	0.0	0.0	0.0	0.0	0.0	0.0	0.0	0.0	0.0	0.0	0.0	0.0	0.0	0.0	0.0	172.0	171.0	153.0	105.0	0.0	92.0	197.0	138.0	139.0	0.0	0.0	0.0	0.0	0.0	0.0	0.0	0.0	0.0	0.0	0.0	0.0	0.0	0.0	0.0	0.0	0.0	0.0	0.0	137.0	181.0	163.0	109.0	0.0	87.0	213.0	138.0	135.0	0.0	0.0	0.0	0.0	0.0	0.0	0.0	0.0	0.0	0.0	0.0	0.0	0.0	0.0	0.0	0.0	0.0	0.0	0.0	129.0	178.0	157.0	119.0	0.0	85.0	211.0	147.0	130.0	0.0	0.0	0.0	0.0	0.0	0.0	0.0	0.0	0.0	0.0	0.0	0.0	0.0	0.0	0.0	0.0	0.0	0.0	0.0	128.0	186.0	162.0	126.0	0.0	85.0	214.0	158.0	134.0	0.0	0.0	0.0	0.0	0.0	0.0	0.0	0.0	0.0	0.0	0.0	0.0	0.0	0.0	0.0	0.0	0.0	0.0	0.0	106.0	178.0	166.0	139.0	0.0	82.0	211.0	170.0	131.0	0.0	0.0	0.0	0.0	0.0	0.0	0.0	0.0	0.0	0.0	0.0	0.0	0.0	0.0	0.0	0.0	0.0	0.0	0.0	107.0	194.0	176.0	181.0	0.0	93.0	223.0	183.0	143.0	0.0	0.0	0.0	0.0	0.0	0.0	0.0	0.0	0.0	0.0	0.0	0.0	0.0	0.0	0.0	0.0	0.0	0.0	0.0	8.0	128.0	111.0	22.0	0.0	0.0	91.0	126.0	39.0	0.0	0.0	0.0	0.0	0.0	0.0	0.0	0.0	0.0
0.0	0.0	0.0	0.0	0.0	0.0	0.0	0.0	0.0	19.0	144.0	120.0	125.0	137.0	106.0	122.0	144.0	114.0	142.0	22.0	0.0	0.0	0.0	0.0	0.0	0.0	0.0	0.0	0.0	0.0	0.0	0.0	0.0	0.0	0.0	0.0	0.0	92.0	255.0	246.0	250.0	253.0	241.0	241.0	252.0	230.0	248.0	92.0	0.0	0.0	0.0	0.0	0.0	0.0	0.0	0.0	0.0	0.0	0.0	0.0	0.0	0.0	0.0	0.0	0.0	106.0	220.0	202.0	215.0	217.0	217.0	221.0	216.0	197.0	239.0	113.0	0.0	0.0	0.0	0.0	0.0	0.0	0.0	0.0	0.0	0.0	0.0	0.0	0.0	0.0	0.0	0.0	0.0	142.0	222.0	215.0	224.0	229.0	201.0	201.0	230.0	218.0	225.0	134.0	0.0	0.0	0.0	0.0	0.0	0.0	0.0	0.0	0.0	0.0	0.0	0.0	0.0	0.0	0.0	0.0	0.0	170.0	240.0	223.0	224.0	225.0	222.0	212.0	222.0	217.0	236.0	171.0	0.0	0.0	0.0	0.0	0.0	0.0	0.0	0.0	0.0	0.0	0.0	0.0	0.0	0.0	0.0	0.0	0.0	168.0	226.0	206.0	210.0	219.0	204.0	221.0	216.0	205.0	223.0	164.0	0.0	0.0	0.0	0.0	0.0	0.0	0.0	0.0	0.0	0.0	0.0	0.0	0.0	0.0	0.0	0.0	0.0	141.0	234.0	208.0	212.0	227.0	241.0	234.0	213.0	203.0	223.0	168.0	0.0	0.0	0.0	0.0	0.0	0.0	0.0	0.0	0.0	0.0	0.0	0.0	0.0	0.0	0.0	0.0	0.0	128.0	236.0	202.0	215.0	244.0	153.0	238.0	213.0	202.0	225.0	163.0	0.0	0.0	0.0	0.0	0.0	0.0	0.0	0.0	0.0	0.0	0.0	0.0	0.0	0.0	0.0	0.0	0.0	108.0	204.0	169.0	218.0	246.0	0.0	238.0	222.0	190.0	218.0	136.0	0.0	0.0	0.0	0.0	0.0	0.0	0.0	0.0	0.0	0.0	0.0	0.0	0.0	0.0	0.0	0.0	0.0	93.0	188.0	144.0	207.0	242.0	0.0	220.0	202.0	158.0	198.0	115.0	0.0	0.0	0.0	0.0	0.0	0.0	0.0	0.0	0.0	0.0	0.0	0.0	0.0	0.0	0.0	0.0	0.0	62.0	202.0	150.0	197.0	242.0	0.0	230.0	199.0	142.0	194.0	95.0	0.0	0.0	0.0	0.0	0.0	0.0	0.0	0.0	0.0	0.0	0.0	0.0	0.0	0.0	0.0	0.0	0.0	17.0	204.0	152.0	196.0	236.0	0.0	214.0	200.0	147.0	197.0	93.0	0.0	0.0	0.0	0.0	0.0	0.0	0.0	0.0	0.0	0.0	0.0	0.0	0.0	0.0	0.0	0.0	0.0	0.0	195.0	156.0	188.0	227.0	0.0	193.0	199.0	144.0	202.0	69.0	0.0	0.0	0.0	0.0	0.0	0.0	0.0	0.0	0.0	0.0	0.0	0.0	0.0	0.0	0.0	0.0	0.0	0.0	187.0	160.0	189.0	224.0	0.0	179.0	202.0	140.0	205.0	45.0	0.0	0.0	0.0	0.0	0.0	0.0	0.0	0.0	0.0	0.0	0.0	0.0	0.0	0.0	0.0	0.0	0.0	0.0	168.0	157.0	183.0	231.0	0.0	175.0	207.0	140.0	208.0	23.0	0.0	0.0	0.0	0.0	0.0	0.0	0.0	0.0	0.0	0.0	0.0	0.0	0.0	0.0	0.0	0.0	0.0	0.0	157.0	147.0	180.0	231.0	0.0	133.0	222.0	152.0	215.0	13.0	0.0	0.0	0.0	0.0	0.0	0.0	0.0	0.0	0.0	0.0	0.0	0.0	0.0	0.0	0.0	0.0	0.0	0.0	148.0	145.0	185.0	223.0	0.0	94.0	225.0	149.0	215.0	7.0	0.0	0.0	0.0	0.0	0.0	0.0	0.0	0.0	0.0	0.0	0.0	0.0	0.0	0.0	0.0	0.0	0.0	0.0	140.0	151.0	188.0	207.0	0.0	85.0	237.0	148.0	211.0	2.0	0.0	0.0	0.0	0.0	0.0	0.0	0.0	0.0	0.0	0.0	0.0	0.0	0.0	0.0	0.0	0.0	0.0	0.0	145.0	171.0	202.0	198.0	0.0	69.0	240.0	152.0	210.0	0.0	0.0	0.0	0.0	0.0	0.0	0.0	0.0	0.0	0.0	0.0	0.0	0.0	0.0	0.0	0.0	0.0	0.0	0.0	141.0	200.0	214.0	187.0	0.0	58.0	242.0	171.0	217.0	0.0	0.0	0.0	0.0	0.0	0.0	0.0	0.0	0.0	0.0	0.0	0.0	0.0	0.0	0.0	0.0	0.0	0.0	0.0	125.0	221.0	221.0	190.0	0.0	61.0	219.0	198.0	216.0	0.0	0.0	0.0	0.0	0.0	0.0	0.0	0.0	0.0	0.0	0.0	0.0	0.0	0.0	0.0	0.0	0.0	0.0	0.0	109.0	221.0	222.0	178.0	0.0	61.0	226.0	218.0	204.0	0.0	0.0	0.0	0.0	0.0	0.0	0.0	0.0	0.0	0.0	0.0	0.0	0.0	0.0	0.0	0.0	0.0	0.0	0.0	95.0	221.0	222.0	175.0	0.0	60.0	224.0	221.0	192.0	0.0	0.0	0.0	0.0	0.0	0.0	0.0	0.0	0.0	0.0	0.0	0.0	0.0	0.0	0.0	0.0	0.0	0.0	0.0	81.0	225.0	220.0	192.0	0.0	59.0	224.0	221.0	191.0	0.0	0.0	0.0	0.0	0.0	0.0	0.0	0.0	0.0	0.0	0.0	0.0	0.0	0.0	0.0	0.0	0.0	0.0	0.0	77.0	225.0	223.0	192.0	0.0	58.0	224.0	222.0	189.0	0.0	0.0	0.0	0.0	0.0	0.0	0.0	0.0	0.0	0.0	0.0	0.0	0.0	0.0	0.0	0.0	0.0	0.0	0.0	72.0	224.0	220.0	192.0	0.0	76.0	223.0	220.0	173.0	0.0	0.0	0.0	0.0	0.0	0.0	0.0	0.0	0.0	0.0	0.0	0.0	0.0	0.0	0.0	0.0	0.0	0.0	0.0	81.0	238.0	230.0	222.0	0.0	92.0	240.0	236.0	211.0	0.0	0.0	0.0	0.0	0.0	0.0	0.0	0.0	0.0	0.0	0.0	0.0	0.0	0.0	0.0	0.0	0.0	0.0	0.0	24.0	143.0	145.0	107.0	0.0	10.0	123.0	137.0	101.0	0.0	0.0	0.0	0.0	0.0	0.0	0.0	0.0	0.0
0.0	0.0	0.0	0.0	0.0	1.0	0.0	0.0	0.0	44.0	145.0	159.0	138.0	112.0	113.0	140.0	183.0	230.0	127.0	0.0	0.0	0.0	0.0	1.0	0.0	0.0	0.0	0.0	0.0	0.0	0.0	1.0	0.0	0.0	0.0	133.0	235.0	234.0	234.0	217.0	225.0	206.0	206.0	223.0	234.0	247.0	241.0	255.0	189.0	53.0	0.0	0.0	2.0	0.0	0.0	0.0	0.0	0.0	0.0	0.0	0.0	82.0	218.0	244.0	228.0	227.0	222.0	243.0	219.0	118.0	130.0	235.0	255.0	230.0	225.0	230.0	241.0	241.0	175.0	10.0	0.0	0.0	0.0	0.0	0.0	0.0	1.0	0.0	66.0	237.0	229.0	221.0	227.0	224.0	229.0	220.0	226.0	228.0	221.0	231.0	228.0	224.0	230.0	230.0	224.0	223.0	245.0	203.0	0.0	0.0	0.0	0.0	0.0	0.0	0.0	0.0	175.0	236.0	220.0	226.0	230.0	228.0	226.0	228.0	228.0	229.0	229.0	224.0	223.0	227.0	228.0	227.0	228.0	227.0	217.0	240.0	87.0	0.0	0.0	0.0	0.0	0.0	0.0	0.0	223.0	226.0	223.0	225.0	225.0	226.0	226.0	226.0	226.0	224.0	224.0	225.0	225.0	226.0	226.0	226.0	226.0	225.0	224.0	237.0	180.0	0.0	0.0	0.0	0.0	0.0	0.0	65.0	240.0	222.0	225.0	221.0	223.0	225.0	225.0	225.0	225.0	225.0	225.0	225.0	225.0	226.0	226.0	226.0	227.0	224.0	224.0	229.0	235.0	0.0	0.0	0.0	0.0	0.0	0.0	138.0	238.0	222.0	229.0	221.0	225.0	225.0	225.0	225.0	224.0	225.0	225.0	225.0	225.0	225.0	224.0	225.0	224.0	222.0	228.0	223.0	213.0	0.0	0.0	0.0	0.0	0.0	0.0	180.0	233.0	220.0	236.0	222.0	224.0	224.0	223.0	223.0	221.0	222.0	223.0	224.0	224.0	224.0	224.0	224.0	224.0	224.0	228.0	223.0	255.0	0.0	0.0	0.0	0.0	0.0	0.0	191.0	233.0	220.0	236.0	228.0	220.0	226.0	223.0	223.0	222.0	222.0	223.0	223.0	224.0	224.0	224.0	224.0	223.0	230.0	229.0	221.0	253.0	0.0	0.0	0.0	0.0	0.0	0.0	218.0	230.0	219.0	233.0	238.0	217.0	224.0	222.0	221.0	220.0	221.0	222.0	223.0	223.0	223.0	223.0	223.0	222.0	231.0	226.0	221.0	255.0	14.0	0.0	0.0	0.0	0.0	0.0	235.0	229.0	220.0	226.0	244.0	219.0	222.0	222.0	221.0	221.0	221.0	222.0	222.0	223.0	223.0	223.0	223.0	221.0	234.0	222.0	219.0	255.0	36.0	0.0	0.0	0.0	0.0	0.0	240.0	228.0	220.0	223.0	252.0	222.0	221.0	222.0	222.0	222.0	222.0	222.0	222.0	222.0	222.0	223.0	221.0	223.0	236.0	222.0	220.0	255.0	58.0	0.0	0.0	0.0	0.0	0.0	248.0	226.0	220.0	223.0	243.0	223.0	221.0	222.0	222.0	222.0	222.0	222.0	222.0	222.0	221.0	226.0	218.0	223.0	229.0	224.0	222.0	255.0	74.0	0.0	0.0	0.0	0.0	0.0	255.0	224.0	222.0	223.0	235.0	224.0	221.0	221.0	222.0	222.0	222.0	222.0	222.0	222.0	222.0	225.0	222.0	213.0	226.0	222.0	221.0	255.0	95.0	0.0	0.0	0.0	0.0	12.0	255.0	221.0	224.0	222.0	237.0	227.0	221.0	224.0	223.0	222.0	223.0	223.0	222.0	223.0	221.0	223.0	225.0	206.0	224.0	227.0	219.0	252.0	112.0	0.0	0.0	0.0	0.0	38.0	255.0	220.0	234.0	198.0	224.0	233.0	222.0	225.0	223.0	223.0	223.0	223.0	223.0	224.0	220.0	221.0	227.0	214.0	162.0	243.0	214.0	242.0	128.0	0.0	0.0	0.0	0.0	61.0	234.0	219.0	247.0	147.0	215.0	240.0	221.0	224.0	223.0	223.0	223.0	223.0	223.0	223.0	225.0	222.0	221.0	222.0	142.0	247.0	222.0	239.0	148.0	0.0	0.0	0.0	0.0	81.0	238.0	217.0	255.0	97.0	215.0	242.0	219.0	224.0	223.0	223.0	223.0	223.0	223.0	223.0	223.0	225.0	220.0	232.0	128.0	254.0	224.0	235.0	165.0	0.0	0.0	0.0	0.0	103.0	238.0	216.0	255.0	65.0	223.0	239.0	224.0	226.0	224.0	222.0	223.0	223.0	223.0	223.0	221.0	224.0	221.0	240.0	106.0	250.0	226.0	236.0	159.0	0.0	0.0	0.0	0.0	119.0	236.0	218.0	255.0	48.0	233.0	234.0	225.0	227.0	225.0	223.0	223.0	224.0	224.0	224.0	224.0	224.0	222.0	252.0	59.0	243.0	225.0	237.0	154.0	0.0	0.0	0.0	0.0	138.0	235.0	221.0	255.0	20.0	248.0	232.0	226.0	226.0	226.0	225.0	224.0	224.0	224.0	226.0	226.0	228.0	225.0	255.0	0.0	241.0	231.0	236.0	157.0	0.0	0.0	0.0	0.0	154.0	234.0	225.0	247.0	2.0	255.0	229.0	227.0	226.0	226.0	227.0	226.0	225.0	224.0	232.0	202.0	173.0	225.0	255.0	14.0	216.0	233.0	224.0	156.0	0.0	0.0	0.0	0.0	167.0	231.0	228.0	237.0	0.0	255.0	228.0	226.0	226.0	227.0	225.0	226.0	226.0	226.0	228.0	224.0	217.0	223.0	255.0	11.0	219.0	232.0	224.0	166.0	0.0	0.0	0.0	0.0	188.0	231.0	228.0	255.0	0.0	247.0	226.0	225.0	223.0	223.0	223.0	223.0	223.0	223.0	222.0	225.0	222.0	216.0	232.0	23.0	194.0	236.0	225.0	164.0	0.0	0.0	0.0	0.0	113.0	232.0	236.0	121.0	0.0	255.0	249.0	238.0	238.0	235.0	233.0	233.0	234.0	234.0	235.0	234.0	238.0	237.0	251.0	35.0	53.0	237.0	224.0	110.0	0.0	0.0	0.0	0.0	58.0	243.0	247.0	61.0	0.0	69.0	161.0	172.0	208.0	218.0	217.0	217.0	216.0	214.0	213.0	208.0	172.0	169.0	88.0	0.0	52.0	239.0	247.0	135.0	0.0	0.0	0.0	0.0	0.0	80.0	82.0	0.0	0.0	0.0	0.0	0.0	0.0	0.0	0.0	0.0	0.0	0.0	0.0	0.0	0.0	0.0	0.0	0.0	0.0	75.0	98.0	21.0	0.0	0.0
0.0	0.0	0.0	0.0	0.0	0.0	0.0	0.0	0.0	0.0	0.0	0.0	0.0	0.0	0.0	0.0	0.0	0.0	0.0	0.0	0.0	0.0	0.0	0.0	0.0	0.0	0.0	0.0	0.0	0.0	0.0	0.0	0.0	0.0	0.0	0.0	0.0	0.0	0.0	0.0	0.0	0.0	0.0	0.0	0.0	0.0	0.0	0.0	0.0	0.0	0.0	0.0	0.0	0.0	0.0	0.0	0.0	0.0	0.0	0.0	0.0	0.0	0.0	0.0	0.0	0.0	0.0	0.0	0.0	0.0	0.0	0.0	0.0	0.0	0.0	0.0	0.0	0.0	0.0	0.0	0.0	0.0	0.0	0.0	0.0	0.0	0.0	0.0	0.0	0.0	0.0	0.0	0.0	0.0	0.0	0.0	0.0	0.0	0.0	0.0	0.0	0.0	0.0	0.0	0.0	0.0	0.0	0.0	0.0	0.0	0.0	0.0	0.0	0.0	0.0	0.0	0.0	0.0	0.0	0.0	0.0	0.0	0.0	0.0	0.0	0.0	0.0	0.0	0.0	0.0	0.0	0.0	0.0	0.0	0.0	0.0	0.0	0.0	0.0	0.0	0.0	0.0	0.0	0.0	0.0	0.0	0.0	0.0	0.0	0.0	0.0	0.0	0.0	1.0	0.0	137.0	94.0	0.0	1.0	0.0	1.0	3.0	0.0	0.0	136.0	52.0	0.0	1.0	0.0	0.0	0.0	0.0	0.0	0.0	0.0	0.0	0.0	0.0	0.0	0.0	0.0	0.0	0.0	173.0	113.0	0.0	0.0	0.0	0.0	0.0	0.0	18.0	188.0	0.0	0.0	0.0	0.0	0.0	0.0	0.0	0.0	0.0	0.0	0.0	0.0	0.0	0.0	0.0	0.0	0.0	0.0	120.0	188.0	137.0	5.0	28.0	43.0	43.0	54.0	205.0	162.0	0.0	0.0	0.0	0.0	0.0	0.0	0.0	0.0	0.0	0.0	0.0	0.0	0.0	0.0	0.0	0.0	0.0	0.0	162.0	132.0	113.0	62.0	79.0	102.0	90.0	149.0	211.0	158.0	0.0	0.0	0.0	0.0	0.0	0.0	0.0	0.0	0.0	0.0	0.0	0.0	0.0	0.0	0.0	1.0	0.0	47.0	156.0	109.0	109.0	34.0	69.0	88.0	71.0	151.0	185.0	168.0	0.0	0.0	0.0	0.0	0.0	0.0	0.0	0.0	0.0	0.0	0.0	0.0	0.0	0.0	0.0	0.0	0.0	107.0	149.0	115.0	96.0	35.0	81.0	94.0	83.0	168.0	170.0	190.0	0.0	0.0	0.0	0.0	0.0	0.0	0.0	0.0	0.0	0.0	0.0	0.0	0.0	0.0	0.0	0.0	0.0	143.0	126.0	137.0	85.0	56.0	86.0	85.0	85.0	200.0	158.0	194.0	3.0	0.0	0.0	0.0	0.0	0.0	0.0	0.0	0.0	0.0	0.0	0.0	0.0	0.0	0.0	0.0	22.0	160.0	102.0	136.0	71.0	81.0	100.0	111.0	77.0	234.0	160.0	185.0	56.0	0.0	0.0	0.0	0.0	0.0	0.0	0.0	0.0	0.0	0.0	0.0	7.0	3.0	0.0	0.0	111.0	117.0	98.0	128.0	62.0	100.0	109.0	107.0	77.0	213.0	183.0	187.0	149.0	0.0	0.0	0.0	0.0	0.0	0.0	0.0	0.0	0.0	0.0	0.0	1.0	0.0	0.0	62.0	173.0	96.0	126.0	141.0	64.0	88.0	94.0	111.0	77.0	204.0	177.0	166.0	224.0	0.0	0.0	0.0	0.0	0.0	1.0	1.0	3.0	0.0	0.0	0.0	0.0	0.0	73.0	173.0	52.0	92.0	117.0	136.0	47.0	60.0	66.0	56.0	98.0	160.0	122.0	107.0	211.0	56.0	0.0	1.0	1.0	0.0	0.0	0.0	0.0	0.0	0.0	0.0	17.0	130.0	130.0	30.0	32.0	77.0	66.0	102.0	94.0	90.0	103.0	90.0	94.0	34.0	56.0	92.0	175.0	128.0	0.0	0.0	0.0	0.0	1.0	1.0	9.0	15.0	45.0	107.0	149.0	107.0	20.0	32.0	62.0	100.0	136.0	158.0	173.0	143.0	166.0	98.0	105.0	115.0	58.0	100.0	168.0	160.0	0.0	0.0	18.0	83.0	109.0	136.0	132.0	137.0	143.0	105.0	51.0	1.0	35.0	37.0	56.0	103.0	132.0	154.0	162.0	181.0	213.0	173.0	173.0	122.0	113.0	160.0	170.0	164.0	0.0	0.0	94.0	120.0	39.0	17.0	13.0	37.0	71.0	66.0	85.0	77.0	24.0	45.0	49.0	81.0	94.0	134.0	147.0	143.0	171.0	137.0	156.0	141.0	166.0	217.0	198.0	130.0	0.0	0.0	134.0	134.0	139.0	136.0	52.0	11.0	62.0	107.0	115.0	147.0	137.0	113.0	137.0	151.0	168.0	179.0	153.0	139.0	190.0	134.0	126.0	187.0	171.0	162.0	183.0	143.0	24.0	47.0	202.0	160.0	158.0	154.0	175.0	164.0	130.0	126.0	128.0	126.0	156.0	162.0	166.0	158.0	187.0	213.0	164.0	164.0	188.0	154.0	151.0	149.0	145.0	160.0	175.0	202.0	181.0	0.0	18.0	66.0	128.0	160.0	177.0	204.0	213.0	219.0	205.0	209.0	221.0	224.0	221.0	198.0	177.0	190.0	198.0	247.0	255.0	241.0	245.0	241.0	251.0	239.0	204.0	192.0	90.0	0.0	0.0	0.0	0.0	0.0	1.0	3.0	26.0	56.0	73.0	75.0	69.0	64.0	64.0	47.0	30.0	18.0	13.0	68.0	77.0	60.0	34.0	17.0	7.0	1.0	0.0	0.0	0.0	0.0	0.0	0.0	0.0	0.0	0.0	0.0	0.0	0.0	0.0	0.0	0.0	0.0	0.0	0.0	0.0	0.0	0.0	0.0	0.0	0.0	0.0	0.0	0.0	0.0	0.0	0.0	0.0	0.0	0.0	0.0	0.0	0.0	0.0	0.0	0.0	0.0	0.0	0.0	0.0	0.0	0.0	0.0	0.0	0.0	0.0	0.0	0.0	0.0	0.0	0.0	0.0	0.0	0.0	0.0	0.0	0.0	0.0	0.0	0.0	0.0	0.0	0.0	0.0	0.0	0.0	0.0	0.0	0.0	0.0	0.0	0.0	0.0	0.0	0.0	0.0	0.0	0.0	0.0	0.0	0.0	0.0	0.0	0.0	0.0	0.0	0.0	0.0	0.0	0.0	0.0	0.0	0.0	0.0	0.0	0.0	0.0	0.0	0.0	0.0	0.0	0.0	0.0	0.0	0.0	0.0	0.0	0.0	0.0	0.0	0.0	0.0
0.0	0.0	0.0	1.0	2.0	0.0	0.0	7.0	41.0	123.0	123.0	19.0	3.0	0.0	0.0	19.0	57.0	176.0	101.0	23.0	0.0	0.0	2.0	0.0	0.0	0.0	0.0	0.0	0.0	0.0	0.0	2.0	2.0	0.0	74.0	175.0	156.0	141.0	218.0	232.0	212.0	212.0	215.0	221.0	238.0	205.0	135.0	169.0	130.0	9.0	0.0	1.0	0.0	0.0	0.0	0.0	0.0	0.0	0.0	2.0	0.0	48.0	157.0	140.0	135.0	117.0	98.0	161.0	192.0	222.0	226.0	192.0	153.0	104.0	124.0	134.0	150.0	160.0	1.0	0.0	1.0	0.0	0.0	0.0	0.0	0.0	0.0	0.0	0.0	122.0	156.0	136.0	131.0	135.0	128.0	106.0	101.0	114.0	114.0	106.0	110.0	128.0	136.0	140.0	139.0	160.0	67.0	0.0	3.0	0.0	0.0	0.0	0.0	0.0	0.0	0.0	0.0	144.0	160.0	143.0	134.0	126.0	126.0	131.0	130.0	122.0	120.0	128.0	126.0	128.0	134.0	137.0	143.0	160.0	123.0	0.0	0.0	0.0	0.0	0.0	0.0	0.0	0.0	0.0	0.0	163.0	160.0	156.0	135.0	131.0	126.0	126.0	126.0	128.0	132.0	124.0	124.0	128.0	137.0	136.0	141.0	158.0	150.0	0.0	0.0	0.0	0.0	0.0	0.0	0.0	0.0	0.0	9.0	176.0	163.0	175.0	137.0	140.0	137.0	139.0	141.0	140.0	143.0	137.0	136.0	136.0	140.0	144.0	167.0	160.0	167.0	0.0	0.0	0.0	0.0	0.0	0.0	0.0	0.0	0.0	27.0	161.0	162.0	178.0	144.0	139.0	143.0	143.0	143.0	141.0	147.0	150.0	149.0	152.0	144.0	161.0	192.0	158.0	186.0	9.0	0.0	0.0	0.0	0.0	0.0	0.0	0.0	0.0	57.0	170.0	165.0	186.0	145.0	154.0	157.0	150.0	150.0	150.0	152.0	156.0	162.0	152.0	149.0	184.0	188.0	158.0	166.0	33.0	0.0	0.0	0.0	0.0	0.0	0.0	0.0	0.0	79.0	171.0	166.0	215.0	136.0	158.0	157.0	149.0	154.0	153.0	150.0	153.0	158.0	156.0	141.0	199.0	212.0	162.0	173.0	72.0	0.0	0.0	0.0	0.0	0.0	0.0	0.0	0.0	106.0	173.0	171.0	226.0	144.0	160.0	158.0	150.0	158.0	158.0	150.0	153.0	161.0	156.0	152.0	171.0	176.0	182.0	174.0	105.0	0.0	0.0	0.0	0.0	0.0	0.0	0.0	0.0	127.0	174.0	183.0	219.0	158.0	165.0	156.0	152.0	161.0	158.0	150.0	154.0	163.0	157.0	165.0	141.0	109.0	208.0	171.0	141.0	0.0	0.0	0.0	0.0	0.0	0.0	0.0	0.0	156.0	173.0	201.0	144.0	143.0	169.0	154.0	152.0	165.0	162.0	153.0	158.0	163.0	162.0	171.0	124.0	37.0	223.0	176.0	169.0	0.0	0.0	0.0	0.0	0.0	0.0	0.0	0.0	173.0	176.0	202.0	79.0	165.0	165.0	152.0	153.0	169.0	163.0	154.0	157.0	166.0	162.0	166.0	152.0	0.0	255.0	182.0	179.0	1.0	0.0	0.0	0.0	0.0	0.0	0.0	1.0	178.0	180.0	226.0	48.0	178.0	160.0	149.0	157.0	175.0	165.0	152.0	153.0	169.0	167.0	158.0	202.0	1.0	223.0	184.0	187.0	7.0	0.0	0.0	0.0	0.0	0.0	0.0	16.0	186.0	182.0	223.0	36.0	182.0	154.0	149.0	157.0	180.0	169.0	152.0	156.0	167.0	173.0	157.0	186.0	0.0	221.0	188.0	169.0	23.0	0.0	0.0	0.0	0.0	0.0	0.0	36.0	187.0	184.0	221.0	22.0	182.0	158.0	150.0	157.0	187.0	173.0	153.0	156.0	161.0	176.0	162.0	174.0	0.0	219.0	191.0	173.0	40.0	0.0	0.0	0.0	0.0	0.0	0.0	49.0	187.0	187.0	219.0	26.0	187.0	156.0	154.0	156.0	195.0	173.0	150.0	161.0	160.0	175.0	169.0	178.0	0.0	210.0	193.0	170.0	39.0	0.0	0.0	0.0	0.0	0.0	0.0	54.0	188.0	189.0	209.0	37.0	192.0	147.0	156.0	156.0	210.0	178.0	148.0	165.0	158.0	175.0	167.0	187.0	9.0	188.0	196.0	192.0	42.0	0.0	0.0	0.0	0.0	0.0	0.0	54.0	188.0	193.0	184.0	53.0	189.0	145.0	156.0	152.0	226.0	182.0	147.0	165.0	156.0	173.0	165.0	192.0	58.0	162.0	196.0	196.0	57.0	0.0	0.0	0.0	0.0	0.0	0.0	54.0	174.0	196.0	171.0	75.0	184.0	149.0	156.0	147.0	228.0	183.0	147.0	165.0	154.0	165.0	167.0	188.0	87.0	154.0	197.0	174.0	67.0	0.0	0.0	0.0	0.0	0.0	0.0	66.0	171.0	189.0	166.0	100.0	182.0	145.0	158.0	153.0	231.0	187.0	144.0	166.0	157.0	162.0	173.0	182.0	98.0	148.0	189.0	170.0	75.0	0.0	0.0	0.0	0.0	0.0	0.0	98.0	182.0	199.0	204.0	124.0	178.0	145.0	161.0	152.0	236.0	189.0	145.0	166.0	161.0	166.0	179.0	182.0	117.0	183.0	197.0	182.0	106.0	0.0	0.0	0.0	0.0	0.0	0.0	9.0	45.0	41.0	24.0	149.0	176.0	149.0	162.0	149.0	251.0	195.0	143.0	163.0	165.0	161.0	169.0	183.0	136.0	22.0	40.0	49.0	22.0	0.0	0.0	0.0	0.0	0.0	0.0	0.0	0.0	0.0	0.0	163.0	150.0	136.0	149.0	136.0	222.0	180.0	134.0	147.0	150.0	148.0	149.0	163.0	154.0	0.0	0.0	0.0	0.0	0.0	0.0	0.0	0.0	0.0	0.0	3.0	3.0	0.0	0.0	178.0	179.0	179.0	199.0	188.0	202.0	202.0	196.0	205.0	193.0	184.0	182.0	184.0	187.0	0.0	0.0	3.0	2.0	0.0	0.0	0.0	0.0	0.0	0.0	0.0	1.0	0.0	0.0	208.0	213.0	192.0	205.0	201.0	205.0	209.0	206.0	210.0	205.0	213.0	197.0	217.0	183.0	0.0	0.0	1.0	0.0	0.0	0.0	0.0	0.0	0.0	0.0	0.0	1.0	1.0	0.0	91.0	106.0	67.0	62.0	53.0	40.0	28.0	24.0	32.0	42.0	63.0	79.0	131.0	117.0	0.0	0.0	1.0	0.0	0.0	0.0	0.0